"from","to"
"SNRPD2","SNRPF"
"RPS16","SNRPD2"
"SNRPD2","SRRM2"
"EGFR","SNRPD2"
"CHD4","SNRPD2"
"PSMD3","SNRPD2"
"RPA3","SNRPD2"
"SNRPD2","UBE2H"
"RPS27A","SNRPD2"
"CEBPB","SNRPD2"
"EGFR","WDR18"
"RPL5","WDR18"
"RPA3","WDR18"
"UBE2H","WDR18"
"CEBPB","WDR18"
"EXOSC4","UPF1"
"EGFR","EXOSC4"
"EXOSC4","RPS16"
"EXOSC4","UBE2H"
"PSMD3","RNF130"
"P4HB","RNF130"
"RNF130","RPS27A"
"EGFR","RNF130"
"MRPS24","RPL6"
"DYNLL1","MRPS24"
"MRPS24","RPL18"
"ABT1","MRPS24"
"MRPS24","RPA3"
"MRPS24","UBE2H"
"RPS27A","ZCRB1"
"UPF1","ZCRB1"
"RPS16","ZCRB1"
"SNRPF","ZCRB1"
"TNIP2","ZCRB1"
"HIST1H1C","ZCRB1"
"ABT1","ZCRB1"
"EGFR","ZCRB1"
"SNRPD2","ZCRB1"
"AP3S1","EGFR"
"AP3S1","SH2D3C"
"AP3S1","RPA3"
"AP3S1","UBE2H"
"HES1","TNIP2"
"ALDH1A3","SH2D3C"
"CCR1","CKAP4"
"CCR1","JUP"
"CCR1","DYNLL1"
"CBR3","LDLR"
"CBR3","CCR1"
"ABT1","ANKS3"
"CEBPB","HEBP2"
"LOC642852","TNIP2"
"EGFR","SLC13A5"
"TMC4","TSPAN15"
"NAT10","RPL5"
"NAT10","NAT10"
"CHD4","NAT10"
"FBL","NAT10"
"GRWD1","NAT10"
"HIST1H1C","NAT10"
"ABT1","NAT10"
"EGFR","NAT10"
"NAT10","RPA3"
"NAT10","PML"
"CEBPB","NAT10"
"FTSJ3","HIST1H1C"
"CKAP4","HIST1H1C"
"HIST1H1C","NAT10"
"HIST1H1C","HMGA1"
"HIST1H1C","RPS27A"
"HIST1H1C","RPL6"
"HIST1H1C","RPL18"
"HIST1H1C","HIST1H1C"
"CHD4","HIST1H1C"
"GRWD1","HIST1H1C"
"ABT1","HIST1H1C"
"HIST1H1C","RNF8"
"HIST1H1C","RPA3"
"HIST1H1C","PML"
"CEBPB","HIST1H1C"
"RPL6","UPF1"
"TNIP2","UPF1"
"FBL","UPF1"
"GRWD1","UPF1"
"ABT1","UPF1"
"PML","UPF1"
"EGFR","UPF1"
"RPL5","UPF1"
"RPS16","UPF1"
"RPA3","UPF1"
"UBE2H","UPF1"
"CEBPB","UPF1"
"RPL18","RPL5"
"RPL18","RPL6"
"RPL18","RPS16"
"RPL18","RPS27A"
"FTSJ3","RPL18"
"ABT1","RPL18"
"FBL","RPL18"
"HNRNPM","RPL18"
"RPA3","RPL18"
"CHD4","RPL18"
"GRWD1","RPL18"
"EGFR","RPL18"
"RPL18","TRIM23"
"PML","RPL18"
"RPL18","UBE2H"
"HIST1H1C","RPL18"
"CEBPB","RPL18"
"EGFR","JUP"
"EGFR","EGFR"
"CEBPB","EGFR"
"EGFR","SNRPD2"
"EGFR","MON2"
"EGFR","P4HB"
"EGFR","LYN"
"EGFR","SLC3A2"
"EGFR","PML"
"EGFR","FBL"
"EGFR","SNRPF"
"ACTN4","EGFR"
"EGFR","SH2D3C"
"EGFR","KRT1"
"EGFR","HMGA1"
"EGFR","TRIM23"
"EGFR","RPL6"
"EGFR","SRRM2"
"EGFR","KRT18"
"ANXA2","EGFR"
"CKAP4","EGFR"
"CHD4","EGFR"
"EGFR","FTSJ3"
"EGFR","NAT10"
"EGFR","PSMD3"
"EGFR","RPA3"
"EGFR","RPL18"
"EGFR","RPL5"
"EGFR","RPS16"
"ABT1","EGFR"
"EGFR","UPF1"
"EGFR","RNF8"
"EGFR","LDLR"
"EGFR","LAMP1"
"EGFR","RAC2"
"TRIM23","TRIM23"
"SPG21","TRIM23"
"RPS27A","TRIM23"
"RPL18","TRIM23"
"KRT1","TRIM23"
"HNRNPM","TRIM23"
"RPL6","TRIM23"
"TRIM23","UBE2H"
"EGFR","TRIM23"
"ACTN4","TRIM23"
"DYNLL1","TNIP2"
"SRRM2","TNIP2"
"GRWD1","TNIP2"
"RELA","TNIP2"
"SNRPF","TNIP2"
"KRT1","TNIP2"
"P4HB","TNIP2"
"TNIP2","TNIP2"
"HNRNPM","TNIP2"
"TNIP2","UPF1"
"CEBPB","TNIP2"
"ACTN4","TNIP2"
"RPA3","TNIP2"
"LDLR","SH2D3C"
"ACTN4","SH2D3C"
"ANXA2","SH2D3C"
"SH2D3C","SH2D3C"
"LYN","SH2D3C"
"EGFR","SH2D3C"
"NRP1","NRP1"
"BSG","NRP1"
"ACTN4","NRP1"
"BSG","BSG"
"BSG","MON2"
"ACTN4","BSG"
"BSG","SLC3A2"
"BSG","LAMP1"
"BSG","LYN"
"BSG","NRP1"
"BSG","RAC2"
"BSG","NTRK3"
"BSG","RPA3"
"CEBPB","RELA"
"CEBPB","HMGA1"
"CEBPB","CEBPB"
"ACTN4","CEBPB"
"ANXA2","CEBPB"
"CEBPB","CHD4"
"CEBPB","FBL"
"CEBPB","GRWD1"
"CEBPB","HIST1H1C"
"CEBPB","HNRNPM"
"CEBPB","JUP"
"CEBPB","NAT10"
"CEBPB","P4HB"
"CEBPB","PSMD3"
"CEBPB","RPA3"
"CEBPB","RPL18"
"CEBPB","RPL5"
"CEBPB","RPL6"
"CEBPB","SLC3A2"
"CEBPB","SNRPD2"
"CEBPB","SRRM2"
"CEBPB","UPF1"
"CEBPB","EGFR"
"CEBPB","TNIP2"
"LDLR","P4HB"
"LDLR","MON2"
"LDLR","SNRPF"
"EGFR","LDLR"
"LDLR","SH2D3C"
"BRD1","LDLR"
"ACTN4","TRIM23"
"ACTN4","EGFR"
"ACTN4","TNIP2"
"ACTN4","RELA"
"ACTN4","SH2D3C"
"ACTN4","NRP1"
"ACTN4","BSG"
"ACTN4","RPA3"
"ACTN4","UBE2H"
"ACTN4","CEBPB"
"PSMD3","PSMD3"
"PSMD3","RPS27A"
"PSMD3","SNRPD2"
"PSMD3","UBE3A"
"EGFR","PSMD3"
"PSMD3","RPA3"
"PSMD3","UBE2H"
"CEBPB","PSMD3"
"ABT1","FTSJ3"
"ABT1","NAT10"
"ABT1","HIST1H1C"
"ABT1","UPF1"
"ABT1","FBL"
"ABT1","RPL18"
"ABT1","RPS16"
"ABT1","EGFR"
"ANXA2","HMGA1"
"ANXA2","RELA"
"ANXA2","CKAP4"
"ANXA2","UBE3A"
"ANXA2","RPA3"
"ANXA2","CHD4"
"ANXA2","EGFR"
"ANXA2","SH2D3C"
"ANXA2","JUP"
"ANXA2","PML"
"ANXA2","RNF8"
"ANXA2","UBE2H"
"ANXA2","CEBPB"
"CKAP4","CKAP4"
"CKAP4","HIST1H1C"
"CKAP4","LAMP1"
"CKAP4","EGFR"
"CKAP4","PIGT"
"CCR1","CKAP4"
"CKAP4","RAC2"
"CKAP4","RPS16"
"CKAP4","RNF8"
"ANXA2","CKAP4"
"CKAP4","RPA3"
"CKAP4","UBE2H"
"UBE3A","UBE3A"
"ANXA2","UBE3A"
"PSMD3","UBE3A"
"PML","UBE3A"
"KRT1","UBE3A"
"RPA3","UBE3A"
"CHD4","RNF8"
"CHD4","CHD4"
"ANXA2","CHD4"
"CHD4","FBL"
"CHD4","HIST1H1C"
"CHD4","JUP"
"CHD4","KRT1"
"CHD4","KRT18"
"CHD4","HNRNPM"
"CHD4","RPL5"
"CHD4","RPL6"
"CHD4","RPL18"
"CHD4","RPS16"
"CHD4","RPS27A"
"CHD4","SNRPD2"
"CHD4","SNRPF"
"CHD4","SRRM2"
"BRD1","CHD4"
"CHD4","NAT10"
"CHD4","FTSJ3"
"CHD4","PML"
"CHD4","RPA3"
"CHD4","GRWD1"
"CHD4","EGFR"
"CHD4","DYNLL1"
"CHD4","HMGA1"
"CHD4","UBE2H"
"CEBPB","CHD4"
"ANXA2","JUP"
"EGFR","JUP"
"DYNLL1","JUP"
"CHD4","JUP"
"JUP","LAMP1"
"JUP","LYN"
"CCR1","JUP"
"JUP","PIGT"
"JUP","RAC2"
"JUP","RNF8"
"JUP","NTRK3"
"JUP","RPA3"
"JUP","UBE2H"
"CEBPB","JUP"
"PML","PML"
"PML","RELA"
"CHD4","PML"
"PML","UBE3A"
"EGFR","PML"
"HNRNPM","PML"
"ANXA2","PML"
"PML","SLC3A2"
"KRT18","PML"
"PML","UPF1"
"HIST1H1C","PML"
"NAT10","PML"
"PML","RPL18"
"PML","RPS27A"
"P4HB","PML"
"PML","RPL5"
"BRD1","PML"
"RNF8","RNF8"
"CHD4","RNF8"
"LYN","RNF8"
"KRT1","RNF8"
"HIST1H1C","RNF8"
"ANXA2","RNF8"
"JUP","RNF8"
"P4HB","RNF8"
"FBL","RNF8"
"CKAP4","RNF8"
"EGFR","RNF8"
"BRD1","CHD4"
"BRD1","FBL"
"BRD1","LDLR"
"BRD1","PML"
"CKAP4","RAC2"
"BSG","RAC2"
"RAC2","SLC3A2"
"JUP","RAC2"
"FBL","RAC2"
"EGFR","RAC2"
"GRWD1","RAC2"
"LYN","RAC2"
"LYN","LYN"
"LYN","SH2D3C"
"LYN","SRRM2"
"BSG","LYN"
"EGFR","LYN"
"JUP","LYN"
"LYN","SLC3A2"
"LYN","RPL5"
"LAMP1","LYN"
"LYN","RAC2"
"LYN","RNF8"
"NTRK3","SLC3A2"
"MON2","NTRK3"
"BSG","NTRK3"
"LAMP1","NTRK3"
"JUP","NTRK3"
"EGFR","MON2"
"LDLR","MON2"
"BSG","MON2"
"MON2","NTRK3"
"MON2","RPA3"
"SPG21","SPG21"
"SPG21","TRIM23"
"CHD4","GRWD1"
"GRWD1","HNRNPM"
"GRWD1","RPL18"
"GRWD1","UPF1"
"GRWD1","RPL5"
"GRWD1","HIST1H1C"
"GRWD1","NAT10"
"GRWD1","RPL6"
"GRWD1","TNIP2"
"GRWD1","RAC2"
"GRWD1","UBE2H"
"CEBPB","GRWD1"
"P4HB","P4HB"
"EGFR","P4HB"
"P4HB","TNIP2"
"LDLR","P4HB"
"P4HB","SNRPF"
"P4HB","RNF8"
"P4HB","RPA3"
"P4HB","PML"
"P4HB","UBE2H"
"CEBPB","P4HB"
"SNRPD2","SRRM2"
"SNRPF","SRRM2"
"HNRNPM","SRRM2"
"RPL6","SRRM2"
"FBL","SRRM2"
"EGFR","SRRM2"
"SRRM2","TNIP2"
"CHD4","SRRM2"
"LYN","SRRM2"
"RPA3","SRRM2"
"SRRM2","UBE2H"
"CEBPB","SRRM2"
"KRT1","KRT18"
"KRT1","UBE3A"
"EGFR","KRT1"
"KRT1","TNIP2"
"CHD4","KRT1"
"KRT1","TRIM23"
"KRT1","RNF8"
"KRT1","UBE2H"
