"gene_list","mutation","precog_metaZ","tot_int","mut_int","network_score"
"SNRPD2","NONE",-2.584,228,142,88.4385964912281
"WDR18","NONE",-2.615,101,62,38.0594059405941
"EXOSC4","NONE",-2.713,89,56,35.2359550561798
"RNF130","NONE",-2.688,121,63,32.801652892562
"MRPS24","NONE",-2.637,74,41,22.7162162162162
"ZCRB1","NONE",-2.633,67,38,21.5522388059701
"AP3S1","NONE",2.815,55,34,21.0181818181818
"HES1","NONE",-2.674,21,15,10.7142857142857
"ALDH1A3","NONE",-2.73,16,13,10.5625
"CCR1","NONE",-2.943,28,17,10.3214285714286
"CBR3","NONE",2.584,22,15,10.2272727272727
"POC5","NONE",2.712,24,13,7.04166666666667
"PSORS1C2","NONE",2.824,7,7,7
"BPHL","NONE",2.669,7,6,5.14285714285714
"FANCL","NONE",-2.587,10,7,4.9
"ANKS3","NONE",-2.59,10,7,4.9
"HEBP2","NONE",-2.784,9,6,4
"MESP1","NONE",2.715,4,4,4
"JKAMP","NONE",2.606,4,4,4
"RFPL2","NONE",2.995,7,5,3.57142857142857
"LRP2BP","NONE",2.646,5,4,3.2
"TMBIM6","NONE",-2.63,9,5,2.77777777777778
"TNP2","NONE",-2.58,6,4,2.66666666666667
"CCDC17","NONE",-2.724,6,4,2.66666666666667
"UPRT","NONE",2.748,4,3,2.25
"SGPP1","NONE",2.624,12,5,2.08333333333333
"PPP1R3C","NONE",2.658,8,4,2
"LOC642852","NONE",2.64,1,1,1
"CIDECP","NONE",-2.673,1,1,1
"SLC13A5","NONE",-2.62,5,2,0.8
"RNF122","NONE",-2.638,6,1,0.166666666666667
"SYNGR4","NONE",2.664,0,0,0
"LOC100294145","NONE",2.673,0,0,0
"LOC92249","NONE",2.709,0,0,0
"LOC100130581","NONE",2.671,0,0,0
"LOC729852","NONE",2.825,0,0,0
"LOC284939","NONE",2.913,0,0,0
"LOC100128239","NONE",2.659,0,0,0
"BRP44L","NONE",3.051,0,0,0
"TMC4","NONE",-2.788,1,0,0
"RPA3",NA,NA,NA,NA,NA
"FTSJ3",NA,NA,NA,NA,NA
"NAT10",NA,NA,NA,NA,NA
"HIST1H1C",NA,NA,NA,NA,NA
"UPF1",NA,NA,NA,NA,NA
"FBL",NA,NA,NA,NA,NA
"RPL18",NA,NA,NA,NA,NA
"RPS16",NA,NA,NA,NA,NA
"EGFR",NA,NA,NA,NA,NA
"UBE2H",NA,NA,NA,NA,NA
"TRIM23",NA,NA,NA,NA,NA
"TNIP2",NA,NA,NA,NA,NA
"RELA",NA,NA,NA,NA,NA
"SH2D3C",NA,NA,NA,NA,NA
"NRP1",NA,NA,NA,NA,NA
"BSG",NA,NA,NA,NA,NA
"CEBPB",NA,NA,NA,NA,NA
"LDLR",NA,NA,NA,NA,NA
"ACTN4",NA,NA,NA,NA,NA
"HMGA1",NA,NA,NA,NA,NA
"PSMD3",NA,NA,NA,NA,NA
"TSPAN15",NA,NA,NA,NA,NA
"DYNLL1",NA,NA,NA,NA,NA
"ABT1",NA,NA,NA,NA,NA
"ANXA2",NA,NA,NA,NA,NA
"CKAP4",NA,NA,NA,NA,NA
"UBE3A",NA,NA,NA,NA,NA
"CHD4",NA,NA,NA,NA,NA
"JUP",NA,NA,NA,NA,NA
"PML",NA,NA,NA,NA,NA
"RNF8",NA,NA,NA,NA,NA
"SNRPF",NA,NA,NA,NA,NA
"BRD1",NA,NA,NA,NA,NA
"LAMP1",NA,NA,NA,NA,NA
"RAC2",NA,NA,NA,NA,NA
"LYN",NA,NA,NA,NA,NA
"NTRK3",NA,NA,NA,NA,NA
"MON2",NA,NA,NA,NA,NA
"SLC3A2",NA,NA,NA,NA,NA
"SPG21",NA,NA,NA,NA,NA
"GRWD1",NA,NA,NA,NA,NA
"HNRNPM",NA,NA,NA,NA,NA
"P4HB",NA,NA,NA,NA,NA
"RPL5",NA,NA,NA,NA,NA
"RPL6",NA,NA,NA,NA,NA
"SRRM2",NA,NA,NA,NA,NA
"KRT1",NA,NA,NA,NA,NA
"KRT18",NA,NA,NA,NA,NA
"RPS27A",NA,NA,NA,NA,NA
"PIGT",NA,NA,NA,NA,NA
