"gene_list","mutation","precog_metaZ","tot_int","mut_int","network_score"
"GARS","NONE",2.746,243,214,188.460905349794
"UBE2D2","NONE",3.128,221,202,184.633484162896
"RPS21","NONE",2.712,250,211,178.084
"FOS","NONE",-6.208,205,185,166.951219512195
"WDYHV1","NONE",3.004,200,173,149.645
"BOP1","NONE",2.83,181,154,131.027624309392
"SH3BGRL","NONE",-4.69,127,113,100.543307086614
"NCBP2","NONE",4.141,129,105,85.4651162790698
"HPRT1","NONE",6.592,108,92,78.3703703703704
"SOCS2","NONE",-2.71,83,76,69.5903614457831
"GMNN","NONE",5.196,80,74,68.45
"CYB5A","NONE",-4.898,111,84,63.5675675675676
"SORD","NONE",-3.228,92,76,62.7826086956522
"MDK","NONE",3.027,63,59,55.2539682539683
"MCFD2","NONE",-2.956,69,61,53.9275362318841
"ZG16B","NONE",-2.78,68,60,52.9411764705882
"FAM189A2","NONE",-2.692,50,50,50
"TMEM97","NONE",3.303,70,59,49.7285714285714
"CD99","NONE",-2.737,80,62,48.05
"TMSB10","NONE",2.982,48,44,40.3333333333333
"GCLM","NONE",3.378,51,44,37.9607843137255
"MICA","NONE",-2.752,61,48,37.7704918032787
"GP1BB","NONE",3.306,34,33,32.0294117647059
"LIN52","NONE",-3.065,43,37,31.8372093023256
"PLAU","NONE",3.295,33,30,27.2727272727273
"TIMP1","NONE",3.551,30,27,24.3
"MT2A","NONE",-2.931,29,26,23.3103448275862
"PRR4","NONE",-3.322,29,26,23.3103448275862
"MSMB","NONE",-3.287,21,19,17.1904761904762
"FKBP1B","NONE",-2.61,26,21,16.9615384615385
"DAZ2","NONE",2.652,18,16,14.2222222222222
"MT1X","NONE",-3.087,16,15,14.0625
"CMTM3","NONE",2.991,21,16,12.1904761904762
"HBEGF","NONE",-3.275,12,12,12
"SAC3D1","NONE",2.935,11,10,9.09090909090909
"RNASE1","NONE",2.865,9,9,9
"GLRX2","NONE",3.952,8,7,6.125
"MT1G","NONE",-3.609,6,6,6
"ANXA8L1","NONE",3.453,11,8,5.81818181818182
"CXCL12","NONE",-2.633,9,7,5.44444444444444
"MT1F","NONE",-3.852,7,6,5.14285714285714
"DAZ1","NONE",2.626,7,6,5.14285714285714
"NBL1","NONE",-4.795,7,6,5.14285714285714
"TAC3","NONE",2.602,8,6,4.5
"FXYD1","NONE",-2.981,6,5,4.16666666666667
"IL11","NONE",2.895,9,6,4
"UGT1A5","NONE",3.322,7,5,3.57142857142857
"CDC42EP5","NONE",-7.173,3,3,3
"FOXD1","NONE",3.385,2,2,2
"CCNYL2","NONE",2.921,2,2,2
"UGT1A3","NONE",2.987,1,1,1
"DAZ4","NONE",2.626,1,1,1
"DAZ3","NONE",2.708,1,1,1
"PKM2","NONE",3.479,0,0,0
"WDR67","NONE",4.66,0,0,0
"EIF2C2","NONE",3.833,0,0,0
"MOSC1","NONE",-2.909,0,0,0
"ANXA8L2","NONE",3.477,0,0,0
"LOC646168","NONE",6.329,0,0,0
"RGNEF","NONE",3.204,0,0,0
"LOC340888","NONE",2.6,0,0,0
"LOC642635","NONE",3.094,0,0,0
"LOC441416","NONE",3.054,0,0,0
"LOC389740","NONE",2.769,0,0,0
"FLJ46358","NONE",2.768,0,0,0
"LRRC26","NONE",-2.924,0,0,0
"GPR109A","NONE",2.761,0,0,0
"KLHDC5","NONE",-4.074,0,0,0
"ENO1",NA,NA,NA,NA,NA
"SELENBP1",NA,NA,NA,NA,NA
"ALDH7A1",NA,NA,NA,NA,NA
"LDHA",NA,NA,NA,NA,NA
"PGD",NA,NA,NA,NA,NA
"AKR1C2",NA,NA,NA,NA,NA
"FKBP1A",NA,NA,NA,NA,NA
"SNCA",NA,NA,NA,NA,NA
"NEK4",NA,NA,NA,NA,NA
"KIF23",NA,NA,NA,NA,NA
"NR4A1",NA,NA,NA,NA,NA
"HIST1H1A",NA,NA,NA,NA,NA
"SHMT2",NA,NA,NA,NA,NA
"MOV10",NA,NA,NA,NA,NA
"NXF1",NA,NA,NA,NA,NA
"NRAS",NA,NA,NA,NA,NA
"KRAS",NA,NA,NA,NA,NA
"CAV1",NA,NA,NA,NA,NA
"LAMP1",NA,NA,NA,NA,NA
"LYN",NA,NA,NA,NA,NA
"RHOA",NA,NA,NA,NA,NA
"RHOH",NA,NA,NA,NA,NA
"TIAM1",NA,NA,NA,NA,NA
"MCAM",NA,NA,NA,NA,NA
"DBN1",NA,NA,NA,NA,NA
"MYO5C",NA,NA,NA,NA,NA
"EEF1A1",NA,NA,NA,NA,NA
"NME4",NA,NA,NA,NA,NA
"DES",NA,NA,NA,NA,NA
"RIPK1",NA,NA,NA,NA,NA
"TPM2",NA,NA,NA,NA,NA
"INA",NA,NA,NA,NA,NA
"IFT20",NA,NA,NA,NA,NA
"USP54",NA,NA,NA,NA,NA
"COPS5",NA,NA,NA,NA,NA
"CAT",NA,NA,NA,NA,NA
"HSD17B4",NA,NA,NA,NA,NA
"ACACB",NA,NA,NA,NA,NA
"TACC1",NA,NA,NA,NA,NA
"PTEN",NA,NA,NA,NA,NA
"POU5F1",NA,NA,NA,NA,NA
"DOCK5",NA,NA,NA,NA,NA
"MLF1",NA,NA,NA,NA,NA
"PPARD",NA,NA,NA,NA,NA
"VRK1",NA,NA,NA,NA,NA
"RBBP7",NA,NA,NA,NA,NA
"EPHA2",NA,NA,NA,NA,NA
"SCPEP1",NA,NA,NA,NA,NA
"PDK1",NA,NA,NA,NA,NA
"SMAD4",NA,NA,NA,NA,NA
"XRCC6",NA,NA,NA,NA,NA
"RAF1",NA,NA,NA,NA,NA
"CENPF",NA,NA,NA,NA,NA
"MAGED2",NA,NA,NA,NA,NA
"MCM6",NA,NA,NA,NA,NA
"SDHB",NA,NA,NA,NA,NA
"STIP1",NA,NA,NA,NA,NA
"TUBB",NA,NA,NA,NA,NA
"MCM7",NA,NA,NA,NA,NA
"CSE1L",NA,NA,NA,NA,NA
"GTF2I",NA,NA,NA,NA,NA
"FLNC",NA,NA,NA,NA,NA
"STXBP2",NA,NA,NA,NA,NA
"SMC4",NA,NA,NA,NA,NA
"RRBP1",NA,NA,NA,NA,NA
"ACLY",NA,NA,NA,NA,NA
"CAND1",NA,NA,NA,NA,NA
"FN1",NA,NA,NA,NA,NA
"KPNA2",NA,NA,NA,NA,NA
"CUL7",NA,NA,NA,NA,NA
"EEF1D",NA,NA,NA,NA,NA
"NTRK1",NA,NA,NA,NA,NA
"BRCA1",NA,NA,NA,NA,NA
"UBE2M",NA,NA,NA,NA,NA
"PIH1D1",NA,NA,NA,NA,NA
"HEXIM1",NA,NA,NA,NA,NA
"IFI16",NA,NA,NA,NA,NA
"TP53",NA,NA,NA,NA,NA
"SYVN1",NA,NA,NA,NA,NA
"PAGE4",NA,NA,NA,NA,NA
"ANXA2",NA,NA,NA,NA,NA
"PCNA",NA,NA,NA,NA,NA
"HSPA6",NA,NA,NA,NA,NA
"PDIA3",NA,NA,NA,NA,NA
"ALDH1B1",NA,NA,NA,NA,NA
"CTNNA1",NA,NA,NA,NA,NA
"HNRNPF",NA,NA,NA,NA,NA
"AR",NA,NA,NA,NA,NA
"PRKCZ",NA,NA,NA,NA,NA
"MYLK",NA,NA,NA,NA,NA
"HSF1",NA,NA,NA,NA,NA
"TGOLN2",NA,NA,NA,NA,NA
"EZH2",NA,NA,NA,NA,NA
"YAP1",NA,NA,NA,NA,NA
"PCBP1",NA,NA,NA,NA,NA
"PSMD1",NA,NA,NA,NA,NA
"NDRG1",NA,NA,NA,NA,NA
"CRYAB",NA,NA,NA,NA,NA
"SOD1",NA,NA,NA,NA,NA
"STX12",NA,NA,NA,NA,NA
"SLC7A1",NA,NA,NA,NA,NA
"FZD7",NA,NA,NA,NA,NA
"ACPP",NA,NA,NA,NA,NA
"MTOR",NA,NA,NA,NA,NA
"P4HB",NA,NA,NA,NA,NA
"KIF3A",NA,NA,NA,NA,NA
"ESR2",NA,NA,NA,NA,NA
"AZGP1",NA,NA,NA,NA,NA
"STX17",NA,NA,NA,NA,NA
"ST7",NA,NA,NA,NA,NA
"PCP4",NA,NA,NA,NA,NA
"PRNP",NA,NA,NA,NA,NA
"TMPO",NA,NA,NA,NA,NA
"HDAC2",NA,NA,NA,NA,NA
"AURKB",NA,NA,NA,NA,NA
"PRC1",NA,NA,NA,NA,NA
"ELOVL5",NA,NA,NA,NA,NA
"LAMP2",NA,NA,NA,NA,NA
"LMNB1",NA,NA,NA,NA,NA
"METTL7A",NA,NA,NA,NA,NA
"STIM1",NA,NA,NA,NA,NA
"DGCR2",NA,NA,NA,NA,NA
"SLC1A1",NA,NA,NA,NA,NA
"ANPEP",NA,NA,NA,NA,NA
"DPP4",NA,NA,NA,NA,NA
"CLEC4E",NA,NA,NA,NA,NA
"RND3",NA,NA,NA,NA,NA
"CCDC47",NA,NA,NA,NA,NA
"NTRK3",NA,NA,NA,NA,NA
"RET",NA,NA,NA,NA,NA
"ERBB2",NA,NA,NA,NA,NA
"TEX2",NA,NA,NA,NA,NA
"NUDT1",NA,NA,NA,NA,NA
"OSBPL3",NA,NA,NA,NA,NA
"EHMT2",NA,NA,NA,NA,NA
"MIPEP",NA,NA,NA,NA,NA
"DARS",NA,NA,NA,NA,NA
"FLNA",NA,NA,NA,NA,NA
"KPNB1",NA,NA,NA,NA,NA
"YBX1",NA,NA,NA,NA,NA
"PGK1",NA,NA,NA,NA,NA
"QARS",NA,NA,NA,NA,NA
"RPL10",NA,NA,NA,NA,NA
"SMARCC1",NA,NA,NA,NA,NA
"YWHAB",NA,NA,NA,NA,NA
"YWHAZ",NA,NA,NA,NA,NA
"YEATS2",NA,NA,NA,NA,NA
"ENAH",NA,NA,NA,NA,NA
"DCTN1",NA,NA,NA,NA,NA
"CALM1",NA,NA,NA,NA,NA
"MYO6",NA,NA,NA,NA,NA
"ACTR3",NA,NA,NA,NA,NA
"CPSF7",NA,NA,NA,NA,NA
"ENY2",NA,NA,NA,NA,NA
"TPX2",NA,NA,NA,NA,NA
"PRPF3",NA,NA,NA,NA,NA
"TPR",NA,NA,NA,NA,NA
"SNRNP70",NA,NA,NA,NA,NA
"MSH2",NA,NA,NA,NA,NA
"MKI67",NA,NA,NA,NA,NA
"MFAP1",NA,NA,NA,NA,NA
"CDK9",NA,NA,NA,NA,NA
"PFDN4",NA,NA,NA,NA,NA
"PLS3",NA,NA,NA,NA,NA
"EZR",NA,NA,NA,NA,NA
"TAGLN2",NA,NA,NA,NA,NA
"SNAP29",NA,NA,NA,NA,NA
"BAIAP2",NA,NA,NA,NA,NA
"PFDN6",NA,NA,NA,NA,NA
"SORBS1",NA,NA,NA,NA,NA
"CCT6B",NA,NA,NA,NA,NA
"CYFIP1",NA,NA,NA,NA,NA
"NEK9",NA,NA,NA,NA,NA
"FAM21A",NA,NA,NA,NA,NA
"KIAA0196",NA,NA,NA,NA,NA
"UCHL5",NA,NA,NA,NA,NA
"ARRB2",NA,NA,NA,NA,NA
"CD2AP",NA,NA,NA,NA,NA
"ACTC1",NA,NA,NA,NA,NA
"DLG5",NA,NA,NA,NA,NA
"KIF1C",NA,NA,NA,NA,NA
"PKP2",NA,NA,NA,NA,NA
"RAD21",NA,NA,NA,NA,NA
"ANP32B",NA,NA,NA,NA,NA
"MYH11",NA,NA,NA,NA,NA
"EIF3H",NA,NA,NA,NA,NA
"TFRC",NA,NA,NA,NA,NA
"PARP1",NA,NA,NA,NA,NA
"DHFR",NA,NA,NA,NA,NA
"ASXL3",NA,NA,NA,NA,NA
"SYMPK",NA,NA,NA,NA,NA
"BMP4",NA,NA,NA,NA,NA
"ENG",NA,NA,NA,NA,NA
"TGFBR2",NA,NA,NA,NA,NA
"VSIG4",NA,NA,NA,NA,NA
"IMMT",NA,NA,NA,NA,NA
"TENC1",NA,NA,NA,NA,NA
"GNAS",NA,NA,NA,NA,NA
"HRAS",NA,NA,NA,NA,NA
"CX3CL1",NA,NA,NA,NA,NA
"VHL",NA,NA,NA,NA,NA
"ERP29",NA,NA,NA,NA,NA
"GRB2",NA,NA,NA,NA,NA
"ECE1",NA,NA,NA,NA,NA
"ABAT",NA,NA,NA,NA,NA
"GNB1",NA,NA,NA,NA,NA
"SORBS3",NA,NA,NA,NA,NA
"RPS6KB1",NA,NA,NA,NA,NA
"RPS6KA3",NA,NA,NA,NA,NA
"RPS6KA1",NA,NA,NA,NA,NA
"FKBP5",NA,NA,NA,NA,NA
"PFKP",NA,NA,NA,NA,NA
"ALDH2",NA,NA,NA,NA,NA
"SH3BGRL3",NA,NA,NA,NA,NA
"PTPLB",NA,NA,NA,NA,NA
"FEM1B",NA,NA,NA,NA,NA
"XPNPEP1",NA,NA,NA,NA,NA
"TUFM",NA,NA,NA,NA,NA
"TRIM29",NA,NA,NA,NA,NA
"GLS",NA,NA,NA,NA,NA
"ELK1",NA,NA,NA,NA,NA
"TOP1",NA,NA,NA,NA,NA
"RNF128",NA,NA,NA,NA,NA
"DDX6",NA,NA,NA,NA,NA
"RPL13A",NA,NA,NA,NA,NA
"RPL11",NA,NA,NA,NA,NA
"SERPINB5",NA,NA,NA,NA,NA
"AUH",NA,NA,NA,NA,NA
"CTSD",NA,NA,NA,NA,NA
"LCN2",NA,NA,NA,NA,NA
"TSG101",NA,NA,NA,NA,NA
"TECR",NA,NA,NA,NA,NA
"PTK2B",NA,NA,NA,NA,NA
"PPARG",NA,NA,NA,NA,NA
"HECW2",NA,NA,NA,NA,NA
"LATS2",NA,NA,NA,NA,NA
"CTBP2",NA,NA,NA,NA,NA
"DAP3",NA,NA,NA,NA,NA
"DYNLL1",NA,NA,NA,NA,NA
"MAPK8IP2",NA,NA,NA,NA,NA
"STMN1",NA,NA,NA,NA,NA
"CHAF1A",NA,NA,NA,NA,NA
"SMAD2",NA,NA,NA,NA,NA
"TCF7L2",NA,NA,NA,NA,NA
"AURKA",NA,NA,NA,NA,NA
"BUB1",NA,NA,NA,NA,NA
"MCC",NA,NA,NA,NA,NA
"PTPN12",NA,NA,NA,NA,NA
"PRKCSH",NA,NA,NA,NA,NA
"HMGN1",NA,NA,NA,NA,NA
"PMAIP1",NA,NA,NA,NA,NA
"CLU",NA,NA,NA,NA,NA
"PTK7",NA,NA,NA,NA,NA
"SLC39A14",NA,NA,NA,NA,NA
"PTPLAD1",NA,NA,NA,NA,NA
"PGRMC1",NA,NA,NA,NA,NA
"ACSL3",NA,NA,NA,NA,NA
"SRC",NA,NA,NA,NA,NA
"DIP2A",NA,NA,NA,NA,NA
"OCLN",NA,NA,NA,NA,NA
"SYAP1",NA,NA,NA,NA,NA
"SLC29A1",NA,NA,NA,NA,NA
"CDC42EP4",NA,NA,NA,NA,NA
"OGDH",NA,NA,NA,NA,NA
"PTK2",NA,NA,NA,NA,NA
"HLTF",NA,NA,NA,NA,NA
"RELA",NA,NA,NA,NA,NA
"CD4",NA,NA,NA,NA,NA
"UBE2A",NA,NA,NA,NA,NA
"NEK2",NA,NA,NA,NA,NA
"S100A14",NA,NA,NA,NA,NA
"PML",NA,NA,NA,NA,NA
"ACOT7",NA,NA,NA,NA,NA
"FOLR1",NA,NA,NA,NA,NA
"DDX24",NA,NA,NA,NA,NA
"FAM50A",NA,NA,NA,NA,NA
"MPST",NA,NA,NA,NA,NA
"NUMB",NA,NA,NA,NA,NA
"EPS15",NA,NA,NA,NA,NA
"BARD1",NA,NA,NA,NA,NA
"ZFP36",NA,NA,NA,NA,NA
"CLTB",NA,NA,NA,NA,NA
"LTF",NA,NA,NA,NA,NA
"LRP8",NA,NA,NA,NA,NA
"PDCD4",NA,NA,NA,NA,NA
"APOE",NA,NA,NA,NA,NA
"NIPSNAP1",NA,NA,NA,NA,NA
"CYC1",NA,NA,NA,NA,NA
"PIAS2",NA,NA,NA,NA,NA
"IL6ST",NA,NA,NA,NA,NA
"JUN",NA,NA,NA,NA,NA
"E2F1",NA,NA,NA,NA,NA
"HCK",NA,NA,NA,NA,NA
"LCK",NA,NA,NA,NA,NA
"PIK3R1",NA,NA,NA,NA,NA
"PLCG1",NA,NA,NA,NA,NA
"PTK6",NA,NA,NA,NA,NA
"SHB",NA,NA,NA,NA,NA
"SOCS3",NA,NA,NA,NA,NA
"SYK",NA,NA,NA,NA,NA
"EPPK1",NA,NA,NA,NA,NA
"PRDX4",NA,NA,NA,NA,NA
"HSPA9",NA,NA,NA,NA,NA
"PSMA7",NA,NA,NA,NA,NA
"SEC23B",NA,NA,NA,NA,NA
"RRM2",NA,NA,NA,NA,NA
"GRSF1",NA,NA,NA,NA,NA
"FANCG",NA,NA,NA,NA,NA
"UBAP2L",NA,NA,NA,NA,NA
"CNDP2",NA,NA,NA,NA,NA
"KLF4",NA,NA,NA,NA,NA
"TLE1",NA,NA,NA,NA,NA
"HMG20B",NA,NA,NA,NA,NA
"MBD2",NA,NA,NA,NA,NA
"SKIL",NA,NA,NA,NA,NA
"ZMYND8",NA,NA,NA,NA,NA
"BCL7B",NA,NA,NA,NA,NA
"CBX5",NA,NA,NA,NA,NA
"HCFC1",NA,NA,NA,NA,NA
"NFIA",NA,NA,NA,NA,NA
"DDX5",NA,NA,NA,NA,NA
"FUBP3",NA,NA,NA,NA,NA
"HNRNPH2",NA,NA,NA,NA,NA
"UBE2C",NA,NA,NA,NA,NA
"MAPK1",NA,NA,NA,NA,NA
"POU2F1",NA,NA,NA,NA,NA
"CDK6",NA,NA,NA,NA,NA
"TPD52",NA,NA,NA,NA,NA
"ARFGAP3",NA,NA,NA,NA,NA
"DUSP16",NA,NA,NA,NA,NA
"BBS1",NA,NA,NA,NA,NA
"FGFR1",NA,NA,NA,NA,NA
"ARFGAP2",NA,NA,NA,NA,NA
"RNF43",NA,NA,NA,NA,NA
"FGFR4",NA,NA,NA,NA,NA
"KRT15",NA,NA,NA,NA,NA
"TRIP13",NA,NA,NA,NA,NA
"DNMT1",NA,NA,NA,NA,NA
"LBR",NA,NA,NA,NA,NA
"ARNTL",NA,NA,NA,NA,NA
"NUF2",NA,NA,NA,NA,NA
"PTTG1",NA,NA,NA,NA,NA
"MAP3K5",NA,NA,NA,NA,NA
"MAP2K4",NA,NA,NA,NA,NA
"RPL18",NA,NA,NA,NA,NA
"TUBB2A",NA,NA,NA,NA,NA
"LIMK1",NA,NA,NA,NA,NA
"AP1B1",NA,NA,NA,NA,NA
"KANK1",NA,NA,NA,NA,NA
"RFX1",NA,NA,NA,NA,NA
"JPH1",NA,NA,NA,NA,NA
"MAPK10",NA,NA,NA,NA,NA
"PDIA5",NA,NA,NA,NA,NA
"PKN1",NA,NA,NA,NA,NA
"TMEM25",NA,NA,NA,NA,NA
"EDN3",NA,NA,NA,NA,NA
"NT5C2",NA,NA,NA,NA,NA
"NFKB2",NA,NA,NA,NA,NA
"SMAD9",NA,NA,NA,NA,NA
"GSR",NA,NA,NA,NA,NA
"EIF4E",NA,NA,NA,NA,NA
"E2F3",NA,NA,NA,NA,NA
"CASP8",NA,NA,NA,NA,NA
"CENPA",NA,NA,NA,NA,NA
"MEN1",NA,NA,NA,NA,NA
"UPK2",NA,NA,NA,NA,NA
"VIPR1",NA,NA,NA,NA,NA
"SCLT1",NA,NA,NA,NA,NA
"RDH11",NA,NA,NA,NA,NA
"SCAMP2",NA,NA,NA,NA,NA
"CRYZ",NA,NA,NA,NA,NA
"MRPS12",NA,NA,NA,NA,NA
"ATP5J",NA,NA,NA,NA,NA
"GLUD1",NA,NA,NA,NA,NA
"MRPL13",NA,NA,NA,NA,NA
"MRPL28",NA,NA,NA,NA,NA
"MRPL51",NA,NA,NA,NA,NA
"HMMR",NA,NA,NA,NA,NA
"TACC3",NA,NA,NA,NA,NA
"NDC80",NA,NA,NA,NA,NA
"BIRC5",NA,NA,NA,NA,NA
"TNRC6C",NA,NA,NA,NA,NA
"YY1",NA,NA,NA,NA,NA
"SREBF2",NA,NA,NA,NA,NA
"FANCA",NA,NA,NA,NA,NA
"IGFBP3",NA,NA,NA,NA,NA
"SFRP4",NA,NA,NA,NA,NA
"GLTSCR2",NA,NA,NA,NA,NA
"SAFB",NA,NA,NA,NA,NA
"GSTP1",NA,NA,NA,NA,NA
"CCND2",NA,NA,NA,NA,NA
"PDGFRA",NA,NA,NA,NA,NA
"BUB1B",NA,NA,NA,NA,NA
"TBC1D4",NA,NA,NA,NA,NA
"UBASH3B",NA,NA,NA,NA,NA
"FTSJ3",NA,NA,NA,NA,NA
"NUP205",NA,NA,NA,NA,NA
"TOP2A",NA,NA,NA,NA,NA
"SSR4",NA,NA,NA,NA,NA
"SLC7A5",NA,NA,NA,NA,NA
"GEMIN4",NA,NA,NA,NA,NA
"NUFIP2",NA,NA,NA,NA,NA
"SEL1L",NA,NA,NA,NA,NA
"SPAG5",NA,NA,NA,NA,NA
"GTF3C1",NA,NA,NA,NA,NA
"UBE3C",NA,NA,NA,NA,NA
"BRCA2",NA,NA,NA,NA,NA
"OS9",NA,NA,NA,NA,NA
"USP36",NA,NA,NA,NA,NA
"BCR",NA,NA,NA,NA,NA
"HPN",NA,NA,NA,NA,NA
"KIF13B",NA,NA,NA,NA,NA
"NCK1",NA,NA,NA,NA,NA
"NRP1",NA,NA,NA,NA,NA
"ROR2",NA,NA,NA,NA,NA
"BCL2",NA,NA,NA,NA,NA
"BID",NA,NA,NA,NA,NA
"RAD51",NA,NA,NA,NA,NA
"PTN",NA,NA,NA,NA,NA
"UBE2D3",NA,NA,NA,NA,NA
"COL1A1",NA,NA,NA,NA,NA
"FKBP2",NA,NA,NA,NA,NA
"CEP70",NA,NA,NA,NA,NA
"ZNF655",NA,NA,NA,NA,NA
"EXOC7",NA,NA,NA,NA,NA
"TRIM44",NA,NA,NA,NA,NA
"PSAP",NA,NA,NA,NA,NA
"EIF4G3",NA,NA,NA,NA,NA
"SPARC",NA,NA,NA,NA,NA
"PRKAR1B",NA,NA,NA,NA,NA
"CASP3",NA,NA,NA,NA,NA
"ITM2B",NA,NA,NA,NA,NA
"JUNB",NA,NA,NA,NA,NA
"KIT",NA,NA,NA,NA,NA
"MCM4",NA,NA,NA,NA,NA
"GABARAP",NA,NA,NA,NA,NA
"PXN",NA,NA,NA,NA,NA
"TNFRSF10B",NA,NA,NA,NA,NA
"CASP10",NA,NA,NA,NA,NA
"FCGR2A",NA,NA,NA,NA,NA
"GIPC1",NA,NA,NA,NA,NA
"BIN1",NA,NA,NA,NA,NA
"NCAPD3",NA,NA,NA,NA,NA
"S100P",NA,NA,NA,NA,NA
"TOP3A",NA,NA,NA,NA,NA
"BLM",NA,NA,NA,NA,NA
"MCM3AP",NA,NA,NA,NA,NA
"CHEK1",NA,NA,NA,NA,NA
"PPM1H",NA,NA,NA,NA,NA
"KAL1",NA,NA,NA,NA,NA
"HNF1B",NA,NA,NA,NA,NA
"FXR2",NA,NA,NA,NA,NA
"UGDH",NA,NA,NA,NA,NA
"RBL2",NA,NA,NA,NA,NA
"CCNB1",NA,NA,NA,NA,NA
"CDKN2D",NA,NA,NA,NA,NA
"PGR",NA,NA,NA,NA,NA
"CCNA2",NA,NA,NA,NA,NA
"CDC25C",NA,NA,NA,NA,NA
"FAM120A",NA,NA,NA,NA,NA
"HSP90AB2P",NA,NA,NA,NA,NA
"EGR1",NA,NA,NA,NA,NA
"DNAJB12",NA,NA,NA,NA,NA
"ILK",NA,NA,NA,NA,NA
"TGM2",NA,NA,NA,NA,NA
"RUNX1T1",NA,NA,NA,NA,NA
"GCC1",NA,NA,NA,NA,NA
"TTF2",NA,NA,NA,NA,NA
"XRCC1",NA,NA,NA,NA,NA
"UBE2B",NA,NA,NA,NA,NA
"SPC25",NA,NA,NA,NA,NA
"ZWINT",NA,NA,NA,NA,NA
"RBPMS",NA,NA,NA,NA,NA
"ITPR2",NA,NA,NA,NA,NA
"SLC35C2",NA,NA,NA,NA,NA
"CTDSPL",NA,NA,NA,NA,NA
"SNRPB2",NA,NA,NA,NA,NA
"VAMP2",NA,NA,NA,NA,NA
"MAPK14",NA,NA,NA,NA,NA
"SPP1",NA,NA,NA,NA,NA
"PIK3CA",NA,NA,NA,NA,NA
"ABTB2",NA,NA,NA,NA,NA
"DEK",NA,NA,NA,NA,NA
"IGF2BP2",NA,NA,NA,NA,NA
"SNRPE",NA,NA,NA,NA,NA
"KRT5",NA,NA,NA,NA,NA
"HIST1H4C",NA,NA,NA,NA,NA
"HIST1H4L",NA,NA,NA,NA,NA
"OSBP",NA,NA,NA,NA,NA
"TFDP1",NA,NA,NA,NA,NA
"EPHA1",NA,NA,NA,NA,NA
"GOLPH3",NA,NA,NA,NA,NA
"TJP2",NA,NA,NA,NA,NA
"KANK2",NA,NA,NA,NA,NA
"HIP1",NA,NA,NA,NA,NA
"TSC22D3",NA,NA,NA,NA,NA
"ATAD2",NA,NA,NA,NA,NA
"EHHADH",NA,NA,NA,NA,NA
"KNTC1",NA,NA,NA,NA,NA
"NF1",NA,NA,NA,NA,NA
"ABCC5",NA,NA,NA,NA,NA
"CANT1",NA,NA,NA,NA,NA
"EFNB2",NA,NA,NA,NA,NA
"PAK4",NA,NA,NA,NA,NA
"PTPN13",NA,NA,NA,NA,NA
"ROBO1",NA,NA,NA,NA,NA
"SCRIB",NA,NA,NA,NA,NA
"SLC19A1",NA,NA,NA,NA,NA
"SLC7A2",NA,NA,NA,NA,NA
"SPRY4",NA,NA,NA,NA,NA
"STX3",NA,NA,NA,NA,NA
"HK1",NA,NA,NA,NA,NA
"TOM1L1",NA,NA,NA,NA,NA
"COPS7A",NA,NA,NA,NA,NA
"CD44",NA,NA,NA,NA,NA
"KDR",NA,NA,NA,NA,NA
"DIRAS3",NA,NA,NA,NA,NA
"UBXN7",NA,NA,NA,NA,NA
"SUN2",NA,NA,NA,NA,NA
"CDK5RAP3",NA,NA,NA,NA,NA
"TMX2",NA,NA,NA,NA,NA
"TMX4",NA,NA,NA,NA,NA
"MGST1",NA,NA,NA,NA,NA
"HMOX1",NA,NA,NA,NA,NA
"CLPTM1",NA,NA,NA,NA,NA
"CDC6",NA,NA,NA,NA,NA
"FOXM1",NA,NA,NA,NA,NA
"RHOBTB3",NA,NA,NA,NA,NA
"NACC1",NA,NA,NA,NA,NA
"MAD1L1",NA,NA,NA,NA,NA
"CDKN2B",NA,NA,NA,NA,NA
"CDKN2C",NA,NA,NA,NA,NA
"FYCO1",NA,NA,NA,NA,NA
"EPB41L4A",NA,NA,NA,NA,NA
"ISLR",NA,NA,NA,NA,NA
"NCEH1",NA,NA,NA,NA,NA
"LAMC1",NA,NA,NA,NA,NA
"CD40",NA,NA,NA,NA,NA
"FGFR2",NA,NA,NA,NA,NA
"SLC16A1",NA,NA,NA,NA,NA
"FHL1",NA,NA,NA,NA,NA
"SEPT6",NA,NA,NA,NA,NA
"TMPRSS4",NA,NA,NA,NA,NA
"PPARGC1A",NA,NA,NA,NA,NA
"PYCRL",NA,NA,NA,NA,NA
"CDC42BPB",NA,NA,NA,NA,NA
"FAM91A1",NA,NA,NA,NA,NA
"GLYR1",NA,NA,NA,NA,NA
"PHC2",NA,NA,NA,NA,NA
"STMN2",NA,NA,NA,NA,NA
"NUSAP1",NA,NA,NA,NA,NA
"WT1",NA,NA,NA,NA,NA
"GLI1",NA,NA,NA,NA,NA
"STIL",NA,NA,NA,NA,NA
"STAT5B",NA,NA,NA,NA,NA
"MYBL2",NA,NA,NA,NA,NA
"TYMS",NA,NA,NA,NA,NA
"RAP2A",NA,NA,NA,NA,NA
"TK1",NA,NA,NA,NA,NA
"RCC1",NA,NA,NA,NA,NA
"TMEM179B",NA,NA,NA,NA,NA
"LIG4",NA,NA,NA,NA,NA
"CREB3L1",NA,NA,NA,NA,NA
"MTHFD1L",NA,NA,NA,NA,NA
"PDGFB",NA,NA,NA,NA,NA
"SHKBP1",NA,NA,NA,NA,NA
"SIAH1",NA,NA,NA,NA,NA
"UBE4A",NA,NA,NA,NA,NA
"RHOBTB2",NA,NA,NA,NA,NA
"TAF2",NA,NA,NA,NA,NA
"FBXO32",NA,NA,NA,NA,NA
"FXYD3",NA,NA,NA,NA,NA
"NOTCH3",NA,NA,NA,NA,NA
"SMS",NA,NA,NA,NA,NA
"SRP54",NA,NA,NA,NA,NA
"CSRP1",NA,NA,NA,NA,NA
"PRKCE",NA,NA,NA,NA,NA
"MTPN",NA,NA,NA,NA,NA
"CSTB",NA,NA,NA,NA,NA
"AMOTL1",NA,NA,NA,NA,NA
"GDAP1",NA,NA,NA,NA,NA
"NEK6",NA,NA,NA,NA,NA
"ECD",NA,NA,NA,NA,NA
"RASSF8",NA,NA,NA,NA,NA
"GRHPR",NA,NA,NA,NA,NA
"SQRDL",NA,NA,NA,NA,NA
"IKZF3",NA,NA,NA,NA,NA
"ITM2C",NA,NA,NA,NA,NA
"SLC20A1",NA,NA,NA,NA,NA
"UTP23",NA,NA,NA,NA,NA
"ATP12A",NA,NA,NA,NA,NA
"NDUFB9",NA,NA,NA,NA,NA
"DYRK2",NA,NA,NA,NA,NA
"HOMER3",NA,NA,NA,NA,NA
"KLF6",NA,NA,NA,NA,NA
"EDF1",NA,NA,NA,NA,NA
"TMEM79",NA,NA,NA,NA,NA
"PIR",NA,NA,NA,NA,NA
"RRP8",NA,NA,NA,NA,NA
"SDC2",NA,NA,NA,NA,NA
"UGT1A7",NA,NA,NA,NA,NA
"MTR",NA,NA,NA,NA,NA
"PIP4K2C",NA,NA,NA,NA,NA
"LAMB1",NA,NA,NA,NA,NA
"DHRS7",NA,NA,NA,NA,NA
"MBTPS1",NA,NA,NA,NA,NA
"RAB27A",NA,NA,NA,NA,NA
"PLXNA1",NA,NA,NA,NA,NA
"TAL1",NA,NA,NA,NA,NA
"RPS6KA5",NA,NA,NA,NA,NA
"EXOSC7",NA,NA,NA,NA,NA
"PAX9",NA,NA,NA,NA,NA
"S100A16",NA,NA,NA,NA,NA
"KIF5C",NA,NA,NA,NA,NA
"TAGLN",NA,NA,NA,NA,NA
"ACP2",NA,NA,NA,NA,NA
"EPB41L4B",NA,NA,NA,NA,NA
"ITGB3",NA,NA,NA,NA,NA
"MCCC2",NA,NA,NA,NA,NA
"PVRL3",NA,NA,NA,NA,NA
"CD109",NA,NA,NA,NA,NA
"L1CAM",NA,NA,NA,NA,NA
"TACC2",NA,NA,NA,NA,NA
"MELK",NA,NA,NA,NA,NA
"RAB13",NA,NA,NA,NA,NA
"VPS37C",NA,NA,NA,NA,NA
"SIDT2",NA,NA,NA,NA,NA
"FBLN1",NA,NA,NA,NA,NA
"FUNDC2",NA,NA,NA,NA,NA
"AKT2",NA,NA,NA,NA,NA
"TNFAIP1",NA,NA,NA,NA,NA
"HDAC9",NA,NA,NA,NA,NA
"GOLM1",NA,NA,NA,NA,NA
"WLS",NA,NA,NA,NA,NA
"CD9",NA,NA,NA,NA,NA
"COASY",NA,NA,NA,NA,NA
"RNF185",NA,NA,NA,NA,NA
"TUBGCP4",NA,NA,NA,NA,NA
"MEIS2",NA,NA,NA,NA,NA
