"from","to"
"CSNK2A1","CSNK2B"
"CSNK2A1","HNRNPA2B1"
"CSNK2A1","ZHX1"
"CSNK2A1","RANGAP1"
"CSNK2A1","SSRP1"
"CSNK2A1","SUPT16H"
"CHD4","CSNK2A1"
"CSNK2A1","RPS18"
"CSNK2A1","HMGA1"
"CSNK2A1","MCM2"
"ACIN1","CSNK2A1"
"CSNK2A1","FTSJ3"
"CSNK2A1","SF3B2"
"CSNK2A1","SUPT5H"
"CSNK2A1","NCAPD2"
"CSNK2A1","PRPF40A"
"CSNK2A1","HSP90AB1"
"CSNK2A1","RPL13"
"AKT1","CSNK2A1"
"CSNK2A1","DAXX"
"CSNK2A1","GLTSCR2"
"CCT5","CSNK2A1"
"CSNK2A1","HSPB1"
"ARNTL","CSNK2A1"
"CSNK2A1","PGK1"
"CBX4","CSNK2A1"
"CSNK2A1","STIP1"
"CSNK2A1","P4HA1"
"CSNK2A1","HCFC1"
"CDK2","CSNK2A1"
"CSNK2A1","UPF1"
"CSNK2A1","EIF3A"
"CSNK2A1","HDGF"
"CSNK2A1","RPS28"
"CSNK2A1","POLR1A"
"CSNK2A1","DDX41"
"CSNK2A1","ZC3H4"
"CSNK2A1","FOS"
"CHD3","CSNK2A1"
"CSNK2A1","SIRT1"
"CSNK2A1","SRC"
"AURKA","CSNK2A1"
"CSNK2A1","FXR2"
"CSNK2A1","RECQL4"
"CSNK2A1","SMARCA4"
"CSNK2A1","PPP1CA"
"CSNK2A1","SETD1A"
"CSNK2A1","HMGA2"
"CAPZB","CSNK2A1"
"CSNK2A1","CUL3"
"BAP1","CSNK2A1"
"CLK2","CSNK2A1"
"CSNK2A1","HIST1H3C"
"GAPDH","STIP1"
"GAPDH","YWHAE"
"GAPDH","PGK1"
"GAPDH","MAP3K5"
"ENO1","GAPDH"
"ENO2","GAPDH"
"GAPDH","TSHZ3"
"GAPDH","HSPB1"
"GAPDH","PFKL"
"GAPDH","HNRNPA2B1"
"GAPDH","HCFC1"
"GAPDH","PAK2"
"CNDP2","GAPDH"
"DNAJC7","GAPDH"
"GAPDH","TNIP1"
"GAPDH","PHB2"
"CCT5","GAPDH"
"GAPDH","PSMD11"
"GAPDH","POU5F1"
"GAPDH","SIRT1"
"GAPDH","GSK3B"
"CUL3","GAPDH"
"CDK2","GAPDH"
"AKT1","GAPDH"
"AP2M1","GAPDH"
"GAPDH","HSP90AB1"
"GAPDH","TRAP1"
"GAPDH","PRPF40A"
"GAPDH","TUFM"
"CFL1","GAPDH"
"EWSR1","GAPDH"
"GAPDH","MCM2"
"GAPDH","MCM5"
"CHD3","GAPDH"
"CHD4","GAPDH"
"GAPDH","RECQL4"
"GAPDH","KIF14"
"GAPDH","PRC1"
"GAPDH","NBR1"
"CAPZB","GAPDH"
"GAPDH","PRMT1"
"BAP1","GAPDH"
"DET1","GAPDH"
"GAPDH","RNF130"
"ILF2","SUPT5H"
"IGF2BP3","ILF2"
"ILF2","MCM2"
"ILF2","MCM5"
"ILF2","MCM7"
"ILF2","SHMT2"
"FTSJ3","ILF2"
"ILF2","UPF1"
"ILF2","MYBBP1A"
"ILF2","TRIM27"
"AQR","ILF2"
"ILF2","SF3B2"
"CUL3","ILF2"
"CUL5","ILF2"
"CDK2","ILF2"
"ILF2","YWHAE"
"AURKA","ILF2"
"EWSR1","ILF2"
"ILF2","POU5F1"
"CHD3","ILF2"
"CHD4","ILF2"
"ILF2","RECQL4"
"ARAF","ILF2"
"ILF2","PICK1"
"ILF2","KIF14"
"ILF2","PRC1"
"FBXW7","ILF2"
"ILF2","KLF15"
"CAPZB","ILF2"
"HNRNPA2B1","ILF2"
"ILF2","PSPC1"
"ILF2","SNRPB"
"ILF2","SSRP1"
"ILF2","PRMT1"
"ILF2","PSMD14"
"ILF2","PPP1CA"
"BAP1","ILF2"
"ILF2","RUFY1"
"ILF2","STIP1"
"ILF2","TNIP1"
"CUL3","UBE2M"
"CUL5","UBE2M"
"RHOBTB1","UBE2M"
"COPS7B","UBE2M"
"GPS1","UBE2M"
"AARS","UBE2M"
"CAD","UBE2M"
"CAPZB","UBE2M"
"CDK2","UBE2M"
"CFL1","UBE2M"
"EIF4G1","UBE2M"
"ENO1","UBE2M"
"EWSR1","UBE2M"
"HDGF","UBE2M"
"HNRNPA2B1","UBE2M"
"PRMT1","UBE2M"
"HSP90AB1","UBE2M"
"KPNA2","UBE2M"
"MCM2","UBE2M"
"MCM5","UBE2M"
"P4HA1","UBE2M"
"PGK1","UBE2M"
"PPM1G","UBE2M"
"PRKCSH","UBE2M"
"PSMC3","UBE2M"
"PSMC4","UBE2M"
"PSMD2","UBE2M"
"PSMD11","UBE2M"
"PSMD13","UBE2M"
"RANGAP1","UBE2M"
"RPS18","UBE2M"
"SNRPB","UBE2M"
"DNAJC7","UBE2M"
"UBE2M","YWHAE"
"EIF3A","UBE2M"
"TRAP1","UBE2M"
"PRMT5","UBE2M"
"STIP1","UBE2M"
"COPE","UBE2M"
"PHB2","UBE2M"
"CCT5","UBE2M"
"NFKBIA","UBE2M"
"BAP1","UBE2M"
"CFL1","RAB7A"
"AP2M1","RAB7A"
"ATP6V0D1","RAB7A"
"FLOT1","RAB7A"
"PHB2","RAB7A"
"OGDH","RAB7A"
"DCTN4","RAB7A"
"RAB7A","TSC1"
"NOTCH2","RAB7A"
"PI4KA","RAB7A"
"RAB7A","VPS33B"
"RAB7A","SLC3A2"
"LEMD3","RAB7A"
"BET1","RAB7A"
"RAB7A","ST7"
"CHD3","RAB7A"
"CHD4","RAB7A"
"KIF14","RAB7A"
"NBR1","RAB7A"
"CAPZB","RAB7A"
"BAP1","RAB7A"
"RAB7A","STIP1"
"RAB7A","RECQL"
"RAB7A","RNF130"
"PHB2","TUBA1A"
"TTC4","TUBA1A"
"CCT6B","TUBA1A"
"ARAF","TUBA1A"
"PFKL","TUBA1A"
"CAD","TUBA1A"
"CCT5","TUBA1A"
"TUBA1A","TUFM"
"SLC25A1","TUBA1A"
"CENPJ","TUBA1A"
"ENO1","TUBA1A"
"PGK1","TUBA1A"
"PRMT1","TUBA1A"
"POU5F1","TUBA1A"
"GSK3B","TUBA1A"
"PLK1","TUBA1A"
"PKN1","TUBA1A"
"CUL3","TUBA1A"
"AP2M1","TUBA1A"
"TUBA1A","YWHAE"
"HSP90AB1","TUBA1A"
"AURKB","TUBA1A"
"RUFY1","TUBA1A"
"PRKCSH","TUBA1A"
"MCM2","TUBA1A"
"CHD3","TUBA1A"
"CHD4","TUBA1A"
"RECQL4","TUBA1A"
"AKT1","TUBA1A"
"PSMD14","TUBA1A"
"TIMM50","TUBA1A"
"MAP2K2","TUBA1A"
"EIF4ENIF1","TUBA1A"
"PRMT5","TUBA1A"
"RPS18","RPS24"
"AATF","RPS24"
"FTSJ3","RPS24"
"MYBBP1A","RPS24"
"NAT10","RPS24"
"GLTSCR2","RPS24"
"PPM1G","RPS24"
"RPS24","UTP3"
"RPL13","RPS24"
"RPS24","SUPT5H"
"CUL3","RPS24"
"CUL5","RPS24"
"CDK2","RPS24"
"RPS24","TUFM"
"NFIA","RPS24"
"PPP1CA","RPS24"
"RPS24","RPS28"
"CHD3","RPS24"
"CHD4","RPS24"
"RECQL4","RPS24"
"AURKB","RPS24"
"KIF14","RPS24"
"PRC1","RPS24"
"FBXW7","RPS24"
"NBR1","RPS24"
"CAPZB","RPS24"
"PSPC1","RPS24"
"BAP1","RPS24"
"RPS24","RUFY1"
"RPS24","STIP1"
"RPS24","TNIP1"
"RPL13","RPS11"
"RPL32","RPS11"
"NAT10","RPS11"
"BRD1","RPS11"
"PRMT5","RPS11"
"EIF4G1","RPS11"
"EIF3A","RPS11"
"RPS11","RPS18"
"RPS11","RPS28"
"HDGF","RPS11"
"CUL3","RPS11"
"CDK2","RPS11"
"RPS11","TUFM"
"MYBBP1A","RPS11"
"NFIA","RPS11"
"AURKA","RPS11"
"MCM2","RPS11"
"PPP2R2D","RPS11"
"CHD3","RPS11"
"CHD4","RPS11"
"RECQL4","RPS11"
"ARAF","RPS11"
"AURKB","RPS11"
"KIF14","RPS11"
"PRC1","RPS11"
"FBXW7","RPS11"
"KLF15","RPS11"
"CAPZB","RPS11"
"PSPC1","RPS11"
"IGF2BP3","RPS11"
"BAP1","RPS11"
"RPS11","RUFY1"
"RPS11","STIP1"
"RPS11","TNIP1"
"RPS20","RPS28"
"EIF3A","RPS20"
"RPS18","RPS20"
"RPL13","RPS20"
"RPS20","TUFM"
"FXR2","RPS20"
"MKRN2","RPS20"
"RPS20","UPF1"
"RPS20","USP10"
"IGF2BP3","RPS20"
"CUL3","RPS20"
"CUL5","RPS20"
"CDK2","RPS20"
"RPL32","RPS20"
"MCM2","RPS20"
"CHD3","RPS20"
"CHD4","RPS20"
"RECQL4","RPS20"
"AURKB","RPS20"
"KIF14","RPS20"
"PRC1","RPS20"
"FBXW7","RPS20"
"CAPZB","RPS20"
"PSPC1","RPS20"
"RPS20","TTC4"
"BAP1","RPS20"
"AATF","RPS20"
"RPS20","RUFY1"
"RPS20","TNIP1"
"HSP90AB1","RPS20"
"PGK1","RPS20"
"RPS18","RPS4X"
"RPS28","RPS4X"
"RPL32","RPS4X"
"MCM2","RPS4X"
"CUL3","RPS4X"
"CUL5","RPS4X"
"CDK2","RPS4X"
"RPL13","RPS4X"
"HSP90AB1","RPS4X"
"AURKA","RPS4X"
"AURKB","RPS4X"
"RPS4X","SLC25A1"
"CHD3","RPS4X"
"CHD4","RPS4X"
"RECQL4","RPS4X"
"ARAF","RPS4X"
"PPP1CA","RPS4X"
"KIF14","RPS4X"
"PRC1","RPS4X"
"NOTCH2","RPS4X"
"FBXW7","RPS4X"
"CAPZB","RPS4X"
"PSPC1","RPS4X"
"RPS4X","SSRP1"
"IGF2BP3","RPS4X"
"PRMT1","RPS4X"
"BAP1","RPS4X"
"RPS4X","RUFY1"
"RPS4X","STIP1"
"RPS4X","TNIP1"
"HIST1H2BH","RPS4X"
"PSMC3","PSMC5"
"PSMC4","PSMC5"
"PSMC5","PSMD2"
"PSMC5","PSMD13"
"PSMC5","PSMD11"
"PSMC5","PSMD14"
"PSMC5","RECQL"
"FOS","PSMC5"
"PSMC5","TPM3"
"PSMC5","PSME4"
"EIF4G1","PSMC5"
"PRMT1","PSMC5"
"MAP3K5","PSMC5"
"CUL3","PSMC5"
"CDK2","PSMC5"
"CAD","PSMC5"
"AKT1","PSMC5"
"BAP1","PSMC5"
"PSMC5","PTPN6"
"PSMC5","RECQL4"
"PSMC5","UBQLN4"
"ARNTL","PSMC5"
"KIF14","PSMC5"
"FBXW7","PSMC5"
"PRMT5","PSMC5"
"HMGA2","PSMC5"
"PSMC5","RUFY1"
"PSMC5","STIP1"
"PSMC5","RNF130"
"PRPF40A","RNPS1"
"CSNK2B","RNPS1"
"PRPF3","RNPS1"
"DDX41","RNPS1"
"ACIN1","RNPS1"
"RNPS1","UPF1"
"PRMT1","RNPS1"
"AQR","RNPS1"
"FOXK2","RNPS1"
"AP1B1","RNPS1"
"RNPS1","TAF4"
"CUL3","RNPS1"
"RNPS1","UBQLN4"
"MYBBP1A","RNPS1"
"CLK2","RNPS1"
"RECQL4","RNPS1"
"PICK1","RNPS1"
"KIF14","RNPS1"
"PRC1","RNPS1"
"RNF151","RNPS1"
"DAXX","RNPS1"
"RNF40","RNPS1"
"RNPS1","SNRPB"
"RNPS1","SSRP1"
"RNPS1","SUPT5H"
"AATF","RNPS1"
"ATAD3A","RNPS1"
"RPS25","RPS28"
"RPL13","RPS25"
"RPS18","RPS25"
"ACIN1","RPS25"
"POU5F1","RPS25"
"CUL3","RPS25"
"CUL5","RPS25"
"EIF3A","RPS25"
"AURKB","RPS25"
"EWSR1","RPS25"
"MCM2","RPS25"
"CHD3","RPS25"
"CHD4","RPS25"
"RECQL4","RPS25"
"ARAF","RPS25"
"FBXW7","RPS25"
"CAPZB","RPS25"
"PSPC1","RPS25"
"BAP1","RPS25"
"AATF","RPS25"
"EIF4G1","RPS25"
"RPS25","RUFY1"
"RPS25","STIP1"
"RPS25","TNIP1"
"ENO1","RPS25"
"ACLY","MCM2"
"ACLY","CS"
"ACLY","STIP1"
"ACLY","CUL3"
"ACLY","MCM7"
"ACLY","PLOD1"
"ACLY","EIF4G1"
"ACLY","TRAF2"
"ACLY","CUL5"
"ACLY","DBNL"
"ACLY","PSMD13"
"ACLY","GSK3B"
"ACLY","TERF2"
"ACLY","KPNA2"
"ACLY","PRMT1"
"ACLY","FBXW7"
"ACLY","PPP2R2B"
"ACLY","PPP2R2D"
"ACLY","RECQL4"
"ACLY","PPP1CA"
"ACLY","KIF14"
"ACLY","PSMD14"
"ACLY","SNRPB"
"ACLY","PSMC3"
"ACLY","HNRNPA2B1"
"ACLY","CCT5"
"ACLY","BAP1"
"ACLY","IRAK1"
"ACLY","PLK1"
"ACLY","RUFY1"
"ACLY","RNF130"
"ACLY","TNIP1"
"RAB5C","SMARCA4"
"ATP6V0D1","RAB5C"
"FLOT1","RAB5C"
"PHB2","RAB5C"
"BET1","RAB5C"
"LEMD3","RAB5C"
"NOTCH2","RAB5C"
"RAB5C","SLC3A2"
"RAB5C","TSC1"
"RAB5C","RUFY1"
"CDK2","RAB5C"
"RAB5C","RECQL4"
"POLR2C","RAB5C"
"NBR1","RAB5C"
"BAP1","RAB5C"
"RAB5C","STIP1"
"RAB5C","RNF130"
"PIN1","TRAF2"
"PIN1","PLK1"
"PIN1","SUPT5H"
"CDK2","PIN1"
"FBXW7","PIN1"
"DAXX","PIN1"
"AATF","PIN1"
"IRF3","PIN1"
"PIN1","TNIP1"
"FOS","PIN1"
"KIFC3","PIN1"
"PIN1","TRIM27"
"NFKBIA","PIN1"
"PIN1","UBQLN4"
"CFL1","PIN1"
"SF3B2","SNRPA1"
"AQR","SNRPA1"
"SNRPA1","SNRPB"
"ACIN1","SNRPA1"
"PRPF40A","SNRPA1"
"HNRNPA2B1","SNRPA1"
"PPP1CA","SNRPA1"
"CUL3","SNRPA1"
"PRPF4","SNRPA1"
"PRPF3","SNRPA1"
"MCM7","SNRPA1"
"MCM2","SNRPA1"
"POU5F1","SNRPA1"
"CHD3","SNRPA1"
"CHD4","SNRPA1"
"RECQL4","SNRPA1"
"PICK1","SNRPA1"
"BAP1","SNRPA1"
"PRMT1","SNRPA1"
"SNRPA1","STIP1"
"HNRNPA0","PSMD13"
"HNRNPA0","HNRNPA2B1"
"HNRNPA0","HSP90AB1"
"CUL3","HNRNPA0"
"CUL5","HNRNPA0"
"HNRNPA0","MYBBP1A"
"CHD3","HNRNPA0"
"CHD4","HNRNPA0"
"HNRNPA0","RECQL4"
"ARAF","HNRNPA0"
"HNRNPA0","SRC"
"HNRNPA0","KIF14"
"HNRNPA0","PRC1"
"FBXW7","HNRNPA0"
"CAPZB","HNRNPA0"
"HNRNPA0","PSPC1"
"HNRNPA0","SNRPB"
"HNRNPA0","SSRP1"
"HNRNPA0","UPF1"
"HNRNPA0","STIP1"
"HNRNPA0","TNIP1"
"PRMT1","UBAP2L"
"FXR2","UBAP2L"
"EIF4ENIF1","UBAP2L"
"KIAA0430","UBAP2L"
"UBAP2L","UPF1"
"UBAP2L","USP10"
"MKRN2","UBAP2L"
"SHMT2","UBAP2L"
"AP2M1","UBAP2L"
"RPL13","UBAP2L"
"CUL3","UBAP2L"
"MED15","UBAP2L"
"FBXW7","UBAP2L"
"UBAP2L","ZFP36"
"KIF14","UBAP2L"
"CAPZB","UBAP2L"
"HCFC1","UBAP2L"
"EWSR1","UBAP2L"
"BAP1","UBAP2L"
"RPL32","RPL34"
"RPL34","RPS18"
"HDGF","RPL34"
"CDK2","RPL34"
"RPL13","RPL34"
"MCM2","RPL34"
"RECQL4","RPL34"
"ARAF","RPL34"
"PTPN6","RPL34"
"AURKB","RPL34"
"KIF14","RPL34"
"PRC1","RPL34"
"POLR2C","RPL34"
"FBXW7","RPL34"
"E2F1","RPL34"
"GATA3","RPL34"
"CAPZB","RPL34"
"PSPC1","RPL34"
"CUL3","RPL34"
"BAP1","RPL34"
"RPL34","STIP1"
"RPL34","TNIP1"
"SMARCB1","SMARCD2"
"SMARCA4","SMARCD2"
"PBRM1","SMARCD2"
"CUL3","SMARCD2"
"SIRT1","SMARCD2"
"RECQL4","SMARCD2"
"KPNA2","SMARCD2"
"FOS","SMARCD2"
"GATA3","SMARCD2"
"NFIA","SMARCD2"
"PRMT5","SMARCD2"
"CHD4","SMARCD2"
"MRPS7","TUFM"
"MRPS7","RPL13"
"CUL3","MRPS7"
"MRPS7","RECQL4"
"MRPS7","SRC"
"CLPB","MRPS7"
"CS","MRPS7"
"MRPS7","PMPCB"
"FBXW7","MRPS7"
"KLF15","MRPS7"
"HNRNPA2B1","MRPS7"
"MRPS7","PPM1G"
"BAP1","MRPS7"
"NAT10","OTUB1"
"AURKA","OTUB1"
"DNAJC7","OTUB1"
"OTUB1","SLC25A1"
"CAD","OTUB1"
"OTUB1","SLC3A2"
"MAP3K5","OTUB1"
"OTUB1","RUFY1"
"OTUB1","PSMD13"
"IRF7","OTUB1"
"OTUB1","USP21"
"NFKBIA","OTUB1"
"EWSR1","OTUB1"
"GSK3B","OTUB1"
"FBXW7","OTUB1"
"NBR1","OTUB1"
"OTUB1","PSMD11"
"OTUB1","RNF40"
"CAPZB","OTUB1"
"BAP1","OTUB1"
"ARHGEF2","PLCG1"
"ARHGEF2","KIF14"
"ARHGEF2","MARK3"
"ARHGEF2","USP21"
"ARHGEF2","RECQL4"
"ARHGEF2","BET1"
"ARHGEF2","PLK1"
"ARHGEF2","VPS33B"
"ARHGEF2","FTSJ3"
"ARHGEF2","FBXW7"
"ARHGEF2","YWHAE"
"ARHGEF2","PRMT1"
"ARHGEF2","CUL3"
"ARHGEF2","CAPZB"
"ARHGEF1","ARHGEF2"
"ARHGEF2","TNIP1"
"HIST2H3A","SSRP1"
"HIST2H3A","NAT10"
"HIST2H3A","WBP11"
"HIST2H3A","HNRNPA2B1"
"HIST1H2BH","HIST2H3A"
"HIST2H3A","SUPT16H"
"CBX5","HIST2H3A"
"HIST2H3A","PRDM1"
"HIST2H3A","SUV39H1"
"HIST2H3A","MCM2"
"HIST2H3A","MCM5"
"HIST2H3A","POU5F1"
"CHD4","HIST2H3A"
"AURKB","HIST2H3A"
"HIST2H3A","KIF14"
"HIST2H3A","PRC1"
"HIST2H3A","TNIP1"
"HIST2H3A","HMGA1"
"BANF1","CHD4"
"BANF1","RECQL"
"ACIN1","BANF1"
"BANF1","TUFM"
"BANF1","HMGA1"
"BANF1","HIST1H3C"
"BANF1","BET1"
"AURKB","BANF1"
"BANF1","KIF14"
"BANF1","PRC1"
"BANF1","SSRP1"
"BANF1","IGF2BP3"
"BANF1","CUL3"
"BANF1","BAP1"
"BANF1","TNIP1"
"CFL1","TPI1"
"CDK2","TPI1"
"PGK1","TPI1"
"ENO1","TPI1"
"ENO2","TPI1"
"STIP1","TPI1"
"EWSR1","TPI1"
"MCM2","TPI1"
"RECQL4","TPI1"
"PMPCB","TPI1"
"PRMT1","TPI1"
"ARL10","TPI1"
"BAP1","TPI1"
"RNF130","TPI1"
"POLD1","TPI1"
"CCT6B","FARSA"
"CUL3","FARSA"
"FARSA","MCM2"
"FARSA","POLD1"
"FARSA","RECQL4"
"FARSA","PSMD14"
"FARSA","KRT8"
"FARSA","POLR2C"
"CAPZB","FARSA"
"FARSA","RUFY1"
"BIRC5","DIABLO"
"AP1B1","DIABLO"
"DIABLO","TRAF2"
"ATAD3A","DIABLO"
"CLPB","DIABLO"
"DIABLO","FLOT1"
"DIABLO","PHB2"
"DIABLO","RHOT2"
"COPS7B","DIABLO"
"DIABLO","SSRP1"
"DIABLO","E2F1"
"DIABLO","YWHAE"
"DIABLO","ECH1"
"CS","DIABLO"
"AURKA","DIABLO"
"CUL3","DIABLO"
"DIABLO","PSMD2"
"DDX47","HDGF"
"AP2M1","DDX47"
"DDX47","POU5F1"
"CHD3","DDX47"
"CHD4","DDX47"
"DDX47","PSMD14"
"DDX47","KIF14"
"DDX47","PRC1"
"BRD1","DDX47"
"AATF","DDX47"
"DDX47","GSK3B"
"DDX47","RECQL"
"DDX47","TNIP1"
"CBX8","CSNK2B"
"CBX8","IGF2BP3"
"CBX4","CBX8"
"CBX8","FTSJ3"
"CBX8","TRIM27"
"CBX8","KIFC3"
"CBX8","TRAF2"
"CBX8","PIBF1"
"CBX8","HOOK2"
"CBX8","PICK1"
"CBX8","KIF14"
"CBX8","FBXW7"
"CBX8","GATA3"
"CBX8","HIST1H3C"
"CBX8","RECQL"
"PLCG1","WDR61"
"RNF40","WDR61"
"CCT6B","WDR61"
"CCT5","WDR61"
"PTPN6","WDR61"
"SUPT5H","WDR61"
"BUB1B","WDR61"
"DCTN4","WDR61"
"NDUFA9","WDR61"
"PGK1","WDR61"
"PPP2R2D","WDR61"
"RECQL4","WDR61"
"SF3B2","WDR61"
"SNRPB","WDR61"
"SSRP1","WDR61"
"CUL3","WDR61"
"BAP1","WDR61"
"RECQL","WDR61"
"REEP5","SMARCA4"
"LEMD3","REEP5"
"ACIN1","REEP5"
"COPE","REEP5"
"CDK2","FEN1"
"FEN1","GSK3B"
"FEN1","SHMT2"
"FEN1","LIG1"
"FEN1","RECQL"
"ENO1","FEN1"
"FEN1","KIF14"
"CAPZB","FEN1"
"FEN1","SSRP1"
"FBXW7","FEN1"
"BAP1","FEN1"
"FEN1","HIST1H3C"
"FEN1","TNIP1"
"AURKB","TFG"
"NAT10","TFG"
"PPP1CA","TFG"
"CUL3","TFG"
"CUL5","TFG"
"EWSR1","TFG"
"MCM2","TFG"
"BET1","TFG"
"KIF14","TFG"
"CAPZB","TFG"
"PRMT1","TFG"
"BAP1","TFG"
"POLD1","TFG"
"EIF5A","PSPC1"
"DDX42","EIF5A"
"EIF5A","PPP1R10"
"EIF5A","PRPF40A"
"CNDP2","EIF5A"
"EIF5A","EWSR1"
"EIF5A","MCM2"
"EIF5A","RECQL4"
"EIF5A","PICK1"
"CUL3","EIF5A"
"EIF5A","XPOT"
"BAP1","EIF5A"
"EIF5A","MAP2K2"
"CCT5","NIPSNAP1"
"ENO1","NIPSNAP1"
"NIPSNAP1","SHMT2"
"NIPSNAP1","PHB2"
"NIPSNAP1","OGDH"
"NDUFA9","NIPSNAP1"
"CS","NIPSNAP1"
"NIPSNAP1","PMPCB"
"NIPSNAP1","TUFM"
"NIPSNAP1","TRAP1"
"NBR1","NIPSNAP1"
"CUL3","NIPSNAP1"
"BAP1","NIPSNAP1"
"PHF5A","SF3B2"
"DDX42","PHF5A"
"MCM2","PHF5A"
"PHF5A","PPP2R2D"
"PHF5A","SETD1A"
"CHD4","PHF5A"
"PHF5A","SNRPB"
"NBR1","PHF5A"
"AURKA","PHF5A"
"MCM7","PHF5A"
"PHF5A","TRAP1"
"AATF","PHF5A"
"FBXW7","PHF5A"
"AKT1","PDPK1"
"PDPK1","PKN1"
"PDPK1","SMARCB1"
"CHD4","PDPK1"
"PDPK1","YWHAE"
"CUL3","PDPK1"
"GSK3B","PDPK1"
"CCDC137","TERF2"
"CCDC137","GLTSCR2"
"CCDC137","CHD3"
"CCDC137","RECQL4"
"CCDC137","PRC1"
"CCDC137","RPL32"
"CCDC137","MYBBP1A"
"CCDC137","FTSJ3"
"CCDC137","RPL13"
"CCDC137","NAT10"
"CCDC137","RNF151"
"CCDC137","FBXW7"
"CCDC137","TNIP1"
"INTS6","ZNF687"
"CHD3","ZNF687"
"BRD1","ZNF687"
"CHD4","ZNF687"
"P4HA1","ZNF687"
"NOTCH2","ZNF687"
"CSNK2B","ZNF687"
"SSRP1","ZNF687"
"DCP1A","UPF1"
"DCP1A","KIAA0430"
"DCP1A","EIF4ENIF1"
"DCP1A","PRMT1"
"DCP1A","ZFP36"
"DCP1A","GSK3B"
"DCP1A","HNRNPA2B1"
"DCP1A","YWHAE"
"GADD45GIP1","TRIM27"
"GADD45GIP1","RPL13"
"CSNK2B","GADD45GIP1"
"GADD45GIP1","IKBKG"
"GADD45GIP1","PTPN6"
"GADD45GIP1","PICK1"
"GADD45GIP1","KIFC3"
"GADD45GIP1","KIF14"
"CS","GADD45GIP1"
"GADD45GIP1","PMPCB"
"GADD45GIP1","TUFM"
"GADD45GIP1","KLF15"
"AURKA","GADD45GIP1"
"FTSJ3","WDR46"
"UPF1","WDR46"
"PAK1IP1","WDR46"
"RPL32","WDR46"
"UTP3","WDR46"
"KIF14","WDR46"
"PRC1","WDR46"
"AATF","WDR46"
"TNIP1","WDR46"
"TACC3","VASP"
"AURKA","TACC3"
"CUL3","TACC3"
"MRPL38","PRPF40A"
"CCT6B","MRPL38"
"MRPL38","TOMM34"
"FLOT1","MRPL38"
"MRPL38","OGDH"
"MRPL38","RPL13"
"KIF14","MRPL38"
"CS","MRPL38"
"MRPL38","PMPCB"
"MRPL38","TUFM"
"KLF15","MRPL38"
"ARHGDIA","EWSR1"
"ARHGDIA","FBXW7"
"ARHGDIA","CUL3"
"ARHGDIA","ENO2"
"ARHGDIA","CBX5"
"ARHGDIA","CDK2"
"ARHGDIA","IKBKG"
"ARHGDIA","HSPB1"
"ARHGDIA","RECQL4"
"ARHGDIA","KIF14"
"ARHGDIA","RPS28"
"ARHGDIA","NBR1"
"ARHGDIA","BAP1"
"ARHGDIA","MAP2K2"
"EMG1","POU5F1"
"EMG1","PRC1"
"AHR","EMG1"
"AATF","EMG1"
"EMG1","HIST1H3C"
"EMG1","TNIP1"
"ARL6IP5","USP9X"
"ARL6IP5","NDUFA9"
"ARL6IP5","HIST1H2BO"
"ARL6IP5","YWHAE"
"ARL6IP5","ST7"
"ARL6IP5","COPE"
"PGD","PGK1"
"PGD","TRAP1"
"CDK2","PGD"
"CS","PGD"
"DNAJC7","PGD"
"PGD","PRMT1"
"BAP1","PGD"
"MAP2K2","PGD"
"CUL3","MRPL49"
"MCM2","MRPL49"
"MRPL49","RECQL4"
"CS","MRPL49"
"MRPL49","PMPCB"
"MRPL49","TUFM"
"AURKB","MRPL49"
"CCT5","PPP2R4"
"PPP2R4","PPP4C"
"AURKB","PPP2R4"
"AKT1","PPP2R4"
"GSK3B","PPP2R4"
"PPP1CA","PPP2R4"
"CLK2","PPP2R4"
"NBR1","PPP2R4"
"INTS6","PPP2R4"
"AURKB","DTL"
"DTL","YWHAE"
"DTL","GPS1"
"CCT6B","DTL"
"CCT5","DTL"
"CDK2","DTL"
"CUL3","DTL"
"DTL","FBXW7"
"DTL","HNRNPA2B1"
"POLA2","POU5F1"
"MCM5","POLA2"
"POLA2","SSRP1"
"CUL3","POLA2"
"LIG1","POLA2"
"CDK2","POLA2"
"POLA2","POLD1"
"EIF4G1","POLA2"
"ANKHD1-EIF4EBP3","YWHAE"
"ANKHD1-EIF4EBP3","EIF4ENIF1"
"ANKHD1-EIF4EBP3","SDCCAG3"
"ANKHD1-EIF4EBP3","KRT8"
"ANKHD1-EIF4EBP3","VASP"
"ANKHD1-EIF4EBP3","GSK3B"
"EIF4EBP1","EIF4ENIF1"
"EIF4EBP1","GSK3B"
"EIF4EBP1","PRKCA"
"EIF4EBP1","SHMT2"
"AKT1","EIF4EBP1"
"EIF4EBP1","PICK1"
"EIF4EBP1","EIF4G1"
"EIF3A","EIF4EBP1"
"MTF2","SUV39H1"
"CHD3","MTF2"
"CHD4","MTF2"
"GSK3B","MTF2"
"HSP90AB1","MTF2"
"HMGA1","MTF2"
"HIST1H3C","MTF2"
"COPS7A","CSNK2B"
"COPS7A","CUL3"
"COPS7A","GPS1"
"COPS7A","PRMT5"
"COPS7A","MCRS1"
"COPS7A","COPS7B"
"COPS7A","CUL5"
"COPS7A","GRK5"
"COPS7A","DET1"
"COPS7A","RHOBTB1"
"COPS7A","RECQL4"
"COPS7A","HSP90AB1"
"COPS7A","PLCG1"
"STIP1","TAF6L"
"RHOBTB1","TAF6L"
"ATAD3A","KCTD12"
"CLTCL1","KCTD12"
"CUL3","KCTD12"
"EWSR1","KCTD12"
"BAP1","KCTD12"
"KPNA2","PMAIP1"
"PMAIP1","PRKCSH"
"PMAIP1","SLC3A2"
"DNAJC7","PMAIP1"
"GSK3B","PMAIP1"
"CUL5","PMAIP1"
"LEMD3","REEP4"
"BET1","REEP4"
"REEP4","ST7"
"COPE","REEP4"
"REEP4","YWHAE"
"MGST1","OGDH"
"MGST1","PHB2"
"MGST1","SLC3A2"
"MGST1","TNIP1"
"NDUFA9","PIGS"
"PIGS","RNF130"
"CHAF1A","HIST1H3B"
"CBX5","HIST1H3B"
"HIST1H3B","SUPT16H"
"HIST1H3B","MCM2"
"DAXX","HIST1H3B"
"HIST1H3B","SSRP1"
"CLTCL1","HIST1H3B"
"HDGF","HIST1H3B"
"AKT1","ARFIP2"
"ARFIP2","EWSR1"
"EWSR1","NUDT5"
"NUDT5","PLCG1"
"IRF3","NUDT5"
"NUDT5","UPF1"
"BAP1","NUDT5"
"PRC1","SLC25A19"
"HBZ","IKBKG"
"BIRC5","HBZ"
"NUBPL","PMPCB"
"CS","NUBPL"
"CUL3","NUBPL"
"PMF1","RUFY1"
"CBX5","PMF1"
"BUB1B","PMF1"
"AURKA","PMF1"
"CHAF1A","PMF1"
"CHD4","PMF1"
"HIST1H3C","PMF1"
"CENPM","SRC"
"CENPM","RECQL"
"CENPM","TOMM34"
"BUB1B","CENPM"
"CENPM","FBXW7"
"TSC1","VPS37C"
"MCM7","VPS37C"
"CUL3","GALK1"
"FBXW7","GALK1"
"BRD1","GALK1"
"BAP1","GALK1"
"GALK1","RUFY1"
"GSK3B","TAZ"
"ADPGK","UBQLN4"
"ADPGK","KIF14"
"TRAF2","ZNF410"
"CSNK2B","ZNF410"
"PICK1","ZNF410"
"CCDC107","KPNA2"
"CCDC107","UBQLN4"
"SNX4","SUPT5H"
"HIVEP1","SNX4"
"RHOBTB1","SNX4"
"CUL3","KCTD6"
"KCTD6","USP21"
"KCTD6","PICK1"
"GPS1","KCTD6"
"CCDC125","ZNF250"
"CCDC125","YWHAE"
"CCDC125","PRPF3"
"EIF1B","EIF3A"
"EIF1B","SHMT2"
"EIF1B","PSPC1"
"GINS2","MCM7"
"CNDP2","GINS2"
"GINS2","RECQL4"
"GINS2","SSRP1"
"CDC26","EIF4G1"
"BUB1B","CDC26"
"CDC26","HMGA1"
"CPNE1","CUL3"
"BHLHB9","THOC1"
"FAM122A","PPP2R2D"
"FAM122A","PPP2R2B"
"FAM122A","YWHAE"
"MRPL51","RPS18"
"MRPL51","RPL13"
"MRPL51","PMPCB"
"MRPL51","TUFM"
"M6PR","RPS28"
"ENO1","M6PR"
"HDGF","HIST1H3D"
"HIST1H3D","MCM2"
"RNASEH2A","SHMT2"
"CUL3","RNASEH2A"
"AKT1","RASL10B"
"RELT","SHMT2"
"TRIM27","VPS25"
"PICK1","VPS25"
"BAP1","VPS25"
"SUV39H1","ZNF436"
"PRMT5","ZNF436"
"CLK2","ZNF436"
"RNF144B","SHMT2"
"HMGA1","ITGB7"
"PPP2R2D","RASA3"
"EWSR1","PRR13"
"AP2M1","PRR13"
"IGF2BP3","LAPTM4A"
"LAPTM4A","RNF130"
"AKT1","YIF1B"
"METTL2A","SHMT2"
"CSF3R","FBXW7"
"CSF3R","GSK3B"
"CSF3R","HMGA1"
"ASMTL","IRF3"
"EDARADD","TRAF2"
"CUL3","EDARADD"
"CRLF1","ENO1"
"CRLF1","SHMT2"
"HSP90AB1","UST"
"CUL3","UST"
"LOC81691","PER2"
"ASGR1","HIVEP1"
"CBX5","NARF"
"NARF","STAT5A"
"NARF","PRPF4"
"CUL3","NARF"
"AP2M1","MEA1"
"AP1B1","MEA1"
"MEA1","NCAPD2"
"NPSR1","PMPCB"
"NPSR1","SLC3A2"
"PGK1","TBC1D10A"
"SLC41A3","ZDHHC12"
"CCNJ","CDK2"
"RNF130","SELK"
"EWSR1","HMBS"
"HMBS","PICK1"
"CCDC121","TNIP1"
"IKBKG","TSLP"
"BRD1","CALML6"
"DHRS12","MARK3"
"CCDC28A","KIFC3"
"ENO1","SLC25A39"
"EWSR1","UBE2MP1"
"APOL5","CLTCL1"
"SHMT2","SNORD22"
"DUOXA1","PSMD14"
"LEMD3","ST7"
"NOTCH2","ST7"
"NPLOC4","ST7"
"NFKBIA","ST7"
"PRMT5","ST7"
"CENPE","RHOT2"
"EIF4ENIF1","RHOT2"
"LEMD3","RHOT2"
"RHOT2","VPS33B"
"ACIN1","RHOT2"
"KIF14","RHOT2"
"PHB2","RHOT2"
"CUL3","RHOT2"
"CDK2","CHAF1A"
"CDK2","CDK2"
"CDK2","MCM2"
"CDK2","HSP90AB1"
"CDK2","ENO1"
"CDK2","RPS18"
"CDK2","YWHAE"
"CDK2","TPM3"
"CDK2","TUFM"
"CDK2","CFL1"
"CDK2","RPL32"
"CDK2","PHB2"
"CDK2","PSMD2"
"CDK2","IGF2BP3"
"CDK2","MCM7"
"CDK2","ENO2"
"CDK2","SUPT16H"
"CCT5","CDK2"
"CDK2","RPL13"
"CAD","CDK2"
"CDK2","HMGA1"
"CDK2","PGK1"
"CDK2","EIF3A"
"CDK2","PRMT1"
"CDK2","RPS28"
"CDK2","PSMD11"
"AP1B1","CDK2"
"CDK2","UPF1"
"AARS","CDK2"
"CAPZB","CDK2"
"CDK2","HCFC1"
"CDK2","KPNA2"
"CDK2","TFDP1"
"CDK2","E2F1"
"CDK2","PRC1"
"CDK2","POLD1"
"CDK2","FBXW7"
"CDK2","CDK3"
"CDK2","GATA3"
"ABLIM1","CDK2"
"CDK2","MAP3K5"
"CDK2","SIRT1"
"CDK2","RANGAP1"
"BIRC5","CDK2"
"CDK2","IKBKG"
"CDK2","PPP1CA"
"CDK2","RECQL4"
"CDK2","LIG1"
"HSP90AB1","STIP1"
"HSP90AB1","RPL32"
"HSP90AB1","MCM5"
"HSP90AB1","PGK1"
"HSP90AB1","TPM3"
"AARS","HSP90AB1"
"HSP90AB1","MCM2"
"HSP90AB1","TTC4"
"HSP90AB1","TOMM34"
"HSP90AB1","HSP90AB1"
"HSP90AB1","TRAF2"
"HSP90AB1","SRC"
"HSP90AB1","TSC1"
"HSP90AB1","P4HA1"
"HSP90AB1","SHMT2"
"HSP90AB1","PSMC3"
"HSP90AB1","PLCG1"
"CCT5","HSP90AB1"
"HSP90AB1","TUFM"
"HCFC1","HSP90AB1"
"HSP90AB1","YWHAE"
"GPS1","HSP90AB1"
"HSP90AB1","SF3B2"
"HSP90AB1","UPF1"
"DNAJC7","HSP90AB1"
"COPS7B","HSP90AB1"
"AKT1","HSP90AB1"
"CUL3","HSP90AB1"
"CUL5","HSP90AB1"
"CDK2","HSP90AB1"
"GRK5","HSP90AB1"
"HSP90AB1","KPNA2"
"HSP90AB1","MCM7"
"AURKA","HSP90AB1"
"AURKB","HSP90AB1"
"CDK3","HSP90AB1"
"HSP90AB1","HSPB1"
"HSP90AB1","NUP85"
"HSP90AB1","IKBKG"
"HSP90AB1","SLC25A1"
"COPE","HSP90AB1"
"CHD3","HSP90AB1"
"HSP90AB1","RECQL4"
"GSK3B","HSP90AB1"
"ARAF","HSP90AB1"
"HSP90AB1","MAP2K2"
"ENO1","HSP90AB1"
"HSP90AB1","KIF14"
"HSP90AB1","PRC1"
"HSP90AB1","NBR1"
"CAPZB","HSP90AB1"
"HSP90AB1","PRMT1"
"HSP90AB1","PSMD14"
"HSP90AB1","PSMD11"
"BAP1","HSP90AB1"
"HSP90AB1","IRAK1"
"HSP90AB1","RUFY1"
"DET1","HSP90AB1"
"HSP90AB1","TNIP1"
"HIST1H2BH","HSP90AB1"
"ACIN1","HSP90AB1"
"EIF4G1","HSP90AB1"
"ENO1","PGK1"
"ENO1","HDGF"
"ENO1","POLR1A"
"ENO1","OGDH"
"ENO1","PMPCB"
"AARS","ENO1"
"CHD3","ENO1"
"ENO1","NPLOC4"
"ENO1","SUPT5H"
"CLTCL1","ENO1"
"ENO1","FBXW7"
"CBX5","ENO1"
"ENO1","HSP90AB1"
"AKT1","ENO1"
"ENO1","ENO2"
"ENO1","PSMD2"
"ENO1","SSRP1"
"ENO1","RANGAP1"
"ENO1","HIST1H2BH"
"ENO1","ENO1"
"ENO1","STIP1"
"CUL3","ENO1"
"CUL5","ENO1"
"CDK2","ENO1"
"ENO1","SRC"
"CFL1","ENO1"
"ENO1","MCM2"
"ENO1","MCM5"
"ENO1","SLC25A1"
"CHD4","ENO1"
"ENO1","RECQL4"
"ENO1","PSMD14"
"ENO1","GSK3B"
"ARAF","ENO1"
"ENO1","KIF14"
"ENO1","USP10"
"ENO1","PER2"
"ENO1","FDPS"
"ENO1","PRMT1"
"BAP1","ENO1"
"ENO1","RNF130"
"ENO1","TNIP1"
"EIF4G1","ENO1"
"AP1B1","ENO1"
"ENO1","GPS1"
"AURKB","AURKB"
"AURKB","BIRC5"
"AURKB","BUB1B"
"AURKB","FBXW7"
"AURKB","TPX2"
"AURKB","FLOT1"
"AURKA","AURKB"
"AURKB","EIF4ENIF1"
"AURKB","PRPF3"
"AURKB","HSP90AB1"
"AURKB","CUL3"
"AARS","AURKB"
"AURKB","FTSJ3"
"AURKB","MYBBP1A"
"AURKB","NAT10"
"AURKB","TUFM"
"AURKB","PFKL"
"ATAD3A","AURKB"
"AURKB","RPL13"
"AURKB","HSPB1"
"AURKB","TRAP1"
"AURKB","RPS18"
"AURKB","CLTCL1"
"AURKB","TPM3"
"AURKB","RPL32"
"AURKB","SLC25A1"
"AURKB","SDCCAG3"
"AURKB","CLPB"
"AURKB","OGDH"
"AURKB","UPF1"
"AURKB","SLC3A2"
"AURKB","STIP1"
"AURKB","KIFC3"
"AURKB","NDUFA9"
"AURKB","HNRNPA2B1"
"AURKB","PABPC5"
"AURKB","PSMC3"
"AURKB","PLOD3"
"AURKB","PSMD2"
"AURKB","SPAG5"
"AURKB","PSMD14"
"AURKB","RANGAP1"
"AURKB","NCAPD2"
"AURKB","GLTSCR2"
"AURKB","ZC3H4"
"AURKB","YWHAE"
"AURKB","CBX5"
"AURKB","PPP1CA"
"AURKB","KIF14"
"AURKB","PRC1"
"AURKB","BRD1"
"AURKB","HIST1H3C"
"AURKB","TNIP1"
"AURKB","POLD1"
"EWSR1","GSK3B"
"GSK3B","NOTCH2"
"GSK3B","TSC1"
"GSK3B","GSK3B"
"CHD3","GSK3B"
"GSK3B","ZHX1"
"GSK3B","PPP1CA"
"GSK3B","NBR1"
"AURKA","GSK3B"
"GSK3B","IKBKG"
"GSK3B","SDCCAG3"
"GSK3B","SPAG5"
"GSK3B","HNRNPA2B1"
"ENO1","GSK3B"
"GSK3B","NDUFA9"
"GSK3B","PAK2"
"GSK3B","IGF2BP3"
"GSK3B","TRAP1"
"GSK3B","PRKCSH"
"GSK3B","PSMD2"
"GSK3B","SSRP1"
"AARS","GSK3B"
"AP1B1","GSK3B"
"EIF4G1","GSK3B"
"CAD","GSK3B"
"GSK3B","HSP90AB1"
"GSK3B","SLC3A2"
"GSK3B","H3F3B"
"GSK3B","RPS18"
"GSK3B","RPL13"
"EIF3A","GSK3B"
"EIF4ENIF1","GSK3B"
"GSK3B","PICK1"
"AKT1","GSK3B"
"GSK3B","PRKCA"
"E2F1","GSK3B"
"GSK3B","TRAF2"
"FBXW7","GSK3B"
"CSNK2B","GSK3B"
"GSK3B","IRS1"
"GSK3B","RECQL4"
"GSK3B","PRC1"
"KIF14","NCAPD2"
"KIF14","KIF14"
"HSPB1","KIF14"
"HNRNPA2B1","KIF14"
"KIF14","TUFM"
"HSP90AB1","KIF14"
"KIF14","RPL13"
"KIF14","P4HA1"
"FLOT1","KIF14"
"ABLIM1","KIF14"
"CLTCL1","KIF14"
"AURKB","KIF14"
"KIF14","SUPT16H"
"KIF14","PPP1CA"
"KIF14","RPS18"
"ATAD3A","KIF14"
"IGF2BP3","KIF14"
"KIF14","KPNA2"
"CFL1","KIF14"
"KIF14","TRIM27"
"KIF14","SSRP1"
"KIF14","PHB2"
"KIF14","RHOT2"
"KIF14","PI4KA"
"FXR2","KIF14"
"KIF14","SHMT2"
"KIF14","UPF1"
"AP2M1","KIF14"
"CAPZB","KIF14"
"KIF14","NAT10"
"KIF14","RPS28"
"KIF14","SF3B2"
"FN3KRP","KIF14"
"KIF14","SMARCA4"
"KIF14","PRPF3"
"COPE","KIF14"
"KIF14","TPM3"
"KIF14","OGDH"
"KIF14","KIFC3"
"KIF14","RPL32"
"KIF14","PAK2"
"KIF14","USP10"
"FTSJ3","KIF14"
"KIF14","SNRPB"
"ACIN1","KIF14"
"KIF14","TRAP1"
"KIF14","NDUFA9"
"KIF14","YWHAE"
"KIF14","PRC1"
"KIF14","MCM2"
"KIF14","SDCCAG3"
"CBX5","KIF14"
"ATP6V0D1","KIF14"
"KIF14","MYBBP1A"
"KIF14","PABPC5"
"KIF14","SLC3A2"
"KIF14","RBM15"
"KIF14","TPX2"
"KIF14","SRC"
"KIF14","PLOD1"
"CCT5","KIF14"
"AP1B1","KIF14"
"KIF14","PSPC1"
"KIF14","NUP85"
"KIF14","MCM7"
"AARS","KIF14"
"AHR","KIF14"
"KIF14","MCM5"
"HMGA1","KIF14"
"KIF14","RECQL"
"KIF14","RECQL4"
"KIF14","PSMD2"
"EIF4G1","KIF14"
"KIF14","USP9X"
"KIF14","SPAG5"
"KIF14","PSMC3"
"CHAF1A","KIF14"
"DDX41","KIF14"
"BIRC5","KIF14"
"KIF14","SUPT5H"
"KIF14","RANGAP1"
"KIF14","PLOD3"
"CUL3","KIF14"
"KIF14","PRPF40A"
"KIF14","PRPF4"
"KIF14","UTP3"
"ENO1","KIF14"
"EIF3A","KIF14"
"CENPJ","KIF14"
"KIF14","KRT8"
"KIF14","PARD3"
"KIF14","POLR2C"
"KIF14","VPS33B"
"KIF14","RHOBTB1"
"CENPE","PRC1"
"PRC1","YWHAE"
"PRC1","SF3B2"
"GSK3B","PRC1"
"PRC1","PRC1"
"HNRNPA2B1","PRC1"
"KIF14","PRC1"
"PRC1","RPL13"
"NAT10","PRC1"
"KPNA2","PRC1"
"HSP90AB1","PRC1"
"PPP1CA","PRC1"
"PHB2","PRC1"
"HMGA1","PRC1"
"MYBBP1A","PRC1"
"CLTCL1","PRC1"
"AURKB","PRC1"
"PRC1","RPS18"
"HSPB1","PRC1"
"PRC1","TRAP1"
"PRC1","SSRP1"
"CBX5","PRC1"
"PLK1","PRC1"
"PRC1","TUFM"
"IGF2BP3","PRC1"
"PRC1","RPL32"
"PRC1","SUPT16H"
"FTSJ3","PRC1"
"PRC1","PRPF40A"
"FXR2","PRC1"
"PRC1","RANGAP1"
"PRC1","RPS28"
"MCM7","PRC1"
"CHD4","PRC1"
"PRC1","SNRPB"
"CAPZB","PRC1"
"PFKL","PRC1"
"NUP85","PRC1"
"ACIN1","PRC1"
"CFL1","PRC1"
"FLOT1","PRC1"
"PRC1","UTP3"
"CCT5","PRC1"
"PBRM1","PRC1"
"PRC1","RBM15"
"AQR","PRC1"
"PRC1","USP5"
"NDUFA9","PRC1"
"PRC1","TPX2"
"MCM5","PRC1"
"BIRC5","PRC1"
"P4HA1","PRC1"
"AATF","PRC1"
"NOTCH2","PRC1"
"PRC1","TSC1"
"PRC1","PSMD13"
"PRC1","PSMD2"
"AARS","PRC1"
"ATP6V0D1","PRC1"
"PRC1","THOC1"
"PRC1","UPF1"
"CDK2","PRC1"
"FBXW7","PRC1"
"PRC1","RECQL"
"PRC1","TNIP1"
"POLD1","PRC1"
"AURKA","FBXW7"
"FBXW7","FBXW7"
"FBXW7","GSK3B"
"AURKB","FBXW7"
"FBXW7","MED15"
"CDK2","FBXW7"
"BUB1B","FBXW7"
"FBXW7","SSRP1"
"ENO1","FBXW7"
"FBXW7","USP9X"
"FBXW7","MCM7"
"CHD4","FBXW7"
"FBXW7","PRMT1"
"EIF4G1","FBXW7"
"FBXW7","SMARCA4"
"FBXW7","POU5F1"
"FBXW7","ZFP36"
"AKT1","FBXW7"
"FBXW7","STAT5A"
"FBXW7","NOTCH2"
"CAD","FBXW7"
"FBXW7","TUFM"
"FBXW7","SUPT16H"
"FBXW7","SF3B2"
"FBXW7","IGF2BP3"
"AARS","FBXW7"
"FBXW7","YWHAE"
"FBXW7","RPS18"
"FBXW7","RPL13"
"FBXW7","TPM3"
"FBXW7","HNRNPA2B1"
"COPE","FBXW7"
"FBXW7","SLC25A1"
"FBXW7","PFKL"
"ARHGEF1","FBXW7"
"FBXW7","UPF1"
"FBXW7","TIMM50"
"FBXW7","NAT10"
"FBXW7","MYBBP1A"
"FBXW7","PSPC1"
"FBXW7","USP10"
"FBXW7","TSC1"
"FBXW7","POLR1A"
"CFL1","FBXW7"
"CSNK2B","FBXW7"
"FBXW7","MCM2"
"FBXW7","XPOT"
"DDX41","FBXW7"
"FBXW7","SIRT1"
"FBXW7","PSMD11"
"BIRC5","FBXW7"
"FBXW7","PRC1"
"FBXW7","PRPF4"
"FBXW7","NCAPD2"
"DDX42","FBXW7"
"EIF3A","FBXW7"
"FBXW7","POLD1"
"FBXW7","GATA3"
"FBXW7","PLK1"
"FBXW7","TRAF2"
"FBXW7","NFKBIA"
"FBXW7","KPNA2"
"NBR1","NBR1"
"MYBBP1A","NBR1"
"AARS","NBR1"
"CAD","NBR1"
"CCT5","NBR1"
"HSP90AB1","NBR1"
"KPNA2","NBR1"
"NBR1","PSMD2"
"NBR1","TNIP1"
"NBR1","YWHAE"
"NBR1","STIP1"
"MCM2","NBR1"
"CFL1","NBR1"
"NBR1","PELP1"
"NBR1","PLOD3"
"FXR2","NBR1"
"IRF3","NBR1"
"GSK3B","NBR1"
"KRT8","NBR1"
"NBR1","VASP"
"AATF","NBR1"
"PRMT1","PRMT1"
"PRMT1","SUPT5H"
"NCOA1","PRMT1"
"PRMT1","TERF2"
"PRMT1","STAT5A"
"GLTSCR2","PRMT1"
"COPS7B","PRMT1"
"PRMT1","RBM15"
"PRMT1","SIRT1"
"EWSR1","PRMT1"
"PRMT1","PSMD2"
"MAP3K5","PRMT1"
"PRMT1","PRMT5"
"HSP90AB1","PRMT1"
"HNRNPA2B1","PRMT1"
"CAD","PRMT1"
"PRMT1","TAF4"
"CCT5","PRMT1"
"PRMT1","SF3B2"
"PRMT1","USP9X"
"EIF4G1","PRMT1"
"PRMT1","PSMD11"
"PRMT1","SHMT2"
"PRMT1","PSPC1"
"KPNA2","PRMT1"
"IGF2BP3","PRMT1"
"PRMT1","UPF1"
"MCM5","PRMT1"
"AQR","PRMT1"
"PRMT1","SNRPB"
"ENO1","PRMT1"
"PRMT1","RPL13"
"PRMT1","TUFM"
"PRMT1","YWHAE"
"EIF3A","PRMT1"
"PRMT1","ZC3H4"
"CAPZB","PRMT1"
"PRMT1","PSMC4"
"NAT10","PRMT1"
"CSNK2B","PRMT1"
"DNAJC7","PRMT1"
"PGK1","PRMT1"
"MYBBP1A","PRMT1"
"CS","PRMT1"
"PRMT1","TPM3"
"PRMT1","USP10"
"DDX42","PRMT1"
"AARS","PRMT1"
"DCTN4","PRMT1"
"DAXX","PRMT1"
"CUL3","PRMT1"
"CDK2","PRMT1"
"MCM7","PRMT1"
"PRMT1","THOC1"
"MCM2","PRMT1"
"PRMT1","RECQL4"
"FBXW7","PRMT1"
"EIF4ENIF1","PRMT1"
"KIAA0430","PRMT1"
"PRMT1","PRPF4"
"NCAPD2","PRMT1"
"CLK2","PRMT1"
"PRMT1","RUFY1"
"CUL3","CUL3"
"COMMD1","CUL3"
"AURKB","CUL3"
"CUL3","GPS1"
"CUL3","HCFC1"
"CUL3","RHOBTB1"
"CUL3","PRPF40A"
"CUL3","RPS28"
"CUL3","SUPT5H"
"COPS7B","CUL3"
"CUL3","HOOK2"
"CUL3","SHMT2"
"CUL3","P4HA1"
"CUL3","SF3B2"
"CUL3","SMARCB1"
"ACIN1","CUL3"
"AP2M1","CUL3"
"CUL3","PRMT5"
"CUL3","EIF4G1"
"AP1B1","CUL3"
"CUL3","DDX41"
"CUL3","POLD1"
"CUL3","UPF1"
"CUL3","YWHAE"
"CAD","CUL3"
"CUL3","FTSJ3"
"CLPB","CUL3"
"CUL3","FN3KRP"
"CUL3","TPM3"
"CUL3","CUL5"
"CUL3","IGF2BP3"
"CUL3","PPP4C"
"CUL3","TIMM50"
"CUL3","MYBBP1A"
"CUL3","PSPC1"
"CUL3","USP9X"
"CUL3","HNRNPA2B1"
"CUL3","MCM7"
"CUL3","PPP1CA"
"CUL3","PSMD2"
"CUL3","KPNA2"
"CUL3","SLC3A2"
"CUL3","PRPF4"
"CUL3","SUPT16H"
"CUL3","EWSR1"
"CUL3","FXR2"
"CUL3","PLOD1"
"CUL3","PRMT1"
"CUL3","SMARCA4"
"CUL3","SNRPB"
"CUL3","DNAJC7"
"CUL3","ENO1"
"CUL3","IRAK1"
"CUL3","NAT10"
"CUL3","PLOD3"
"CUL3","POLR2C"
"CCT5","CUL3"
"CUL3","PSMC4"
"CUL3","TUFM"
"CLTCL1","CUL3"
"CUL3","HSPB1"
"CUL3","KRT2"
"ATAD3A","CUL3"
"CUL3","ENO2"
"CUL3","HSP90AB1"
"CUL3","RPS18"
"CUL3","TRAP1"
"CUL3","RPL13"
"CUL3","DAXX"
"CUL3","PAK1IP1"
"CUL3","USP21"
"AURKA","CUL3"
"CUL3","RANGAP1"
"CUL3","NOTCH2"
"CUL3","TRAF2"
"CHD4","CUL3"
"ABLIM1","CUL3"
"CUL3","TRIM27"
"CUL3","XPOT"
"CUL3","MCM5"
"CUL3","ZC3H4"
"CUL3","RBCK1"
"CUL3","TRAF5"
"CUL3","KIAA0430"
"CUL3","ECH1"
"CUL3","PSMC3"
"CUL3","RUFY1"
"CUL3","ZNF250"
"CUL3","KRT8"
"CUL3","NDUFA9"
"CUL3","PHB2"
"CUL3","USP10"
"BUB1B","CUL3"
"CUL3","EIF3A"
"CSNK2B","CUL3"
"AHR","CUL3"
"CBX5","CUL3"
"CUL3","PMPCB"
"CUL3","IKBKG"
"CS","CUL3"
"ARAF","CUL3"
"CUL3","NUP85"
"CUL3","MKRN2"
"CUL3","PI4KA"
"CUL3","PPM1G"
"CUL3","SLC25A1"
"CUL3","INTS6"
"CUL3","NCAPH2"
"CUL3","TSC1"
"CFL1","CUL3"
"CUL3","SIRT1"
"CUL3","PRKCSH"
"COPE","CUL3"
"CUL3","MED15"
"CCT6B","CUL3"
"AARS","CUL3"
"CUL3","PGK1"
"CUL3","SPAG5"
"CUL3","RHOT2"
"CAPZB","CUL3"
"CUL3","RPL32"
"CUL3","MAP3K5"
"CUL3","PPP2R2B"
"CUL3","RECQL4"
"CUL3","IRS1"
"CUL3","KIF14"
"CUL3","PLK1"
"CUL3","HMGA1"
"CUL3","FDPS"
"BAP1","CUL3"
"BAP1","HCFC1"
"BAP1","FOXK2"
"BAP1","PPM1G"
"BAP1","MCRS1"
"BAP1","PSMC4"
"BAP1","PSMD11"
"BAP1","PSMD2"
"BAP1","YWHAE"
"BAP1","COPE"
"BAP1","CAD"
"BAP1","CBX5"
"BAP1","KPNA2"
"BAP1","SF3B2"
"BAP1","E2F1"
"BAP1","BAP1"
"BAP1","KRT2"
"BAP1","KRT8"
"BAP1","HSP90AB1"
"BAP1","TRAP1"
"BAP1","STIP1"
"BAP1","ENO1"
"BAP1","ENO2"
"BAP1","CCT5"
"BAP1","CFL1"
"BAP1","TPM3"
"BAP1","PRMT5"
"BAP1","PGK1"
"BAP1","CSNK2B"
"BAP1","IGF2BP3"
"BAP1","HNRNPA2B1"
"BAP1","CAPZB"
"BAP1","EIF3A"
"BAP1","PSMC3"
"BAP1","DNAJC7"
"BAP1","PPP1CA"
"BAP1","USP9X"
"BAP1","EIF4G1"
"AARS","BAP1"
"BAP1","RPL13"
"BAP1","RPL32"
"BAP1","RANGAP1"
"BAP1","CHD4"
"BAP1","RPS18"
"BAP1","HDGF"
"BAP1","PSMD14"
"BAP1","POLD1"
"BAP1","PRKCSH"
"BAP1","SUPT16H"
"BAP1","P4HA1"
"AP1B1","BAP1"
"BAP1","EWSR1"
"BAP1","TUFM"
"BAP1","SSRP1"
"BAP1","PSMD13"
"BAP1","UPF1"
"BAP1","FXR2"
"BAP1","MYBBP1A"
"BAP1","MCM7"
"BAP1","SNRPB"
"BAP1","USP5"
"BAP1","RPS28"
"BAP1","SHMT2"
"BAP1","MCM2"
"BAP1","CUL3"
"BAP1","PFKL"
"AP2M1","BAP1"
"BAP1","NCAPD2"
"BAP1","ZC3H4"
"BAP1","FTSJ3"
"BAP1","RECQL"
"BAP1","DDX41"
"BAP1","DBNL"
"BAP1","PSPC1"
"BAP1","DCTN4"
"BAP1","COPS7B"
"BAP1","DDX42"
"BAP1","PRPF40A"
"BAP1","MCM5"
"BAP1","USP21"
"AKT1","BAP1"
"BAP1","HIST1H3C"
"TNIP1","TNIP1"
"TNIP1","VPS33B"
"NBR1","TNIP1"
"MCRS1","TNIP1"
"IRAK1","TNIP1"
"AARS","TNIP1"
"HDGF","TNIP1"
"CCT5","TNIP1"
"HMGA1","TNIP1"
"MARK3","TNIP1"
"EIF3A","TNIP1"
"SNRPB","TNIP1"
"TNIP1","USP10"
"SSRP1","TNIP1"
"SUPT16H","TNIP1"
"HNRNPA2B1","TNIP1"
"IGF2BP3","TNIP1"
"ENO1","TNIP1"
"TNIP1","TPX2"
"TNIP1","YWHAE"
"PRC1","TNIP1"
"ABLIM1","TNIP1"
"CAD","TNIP1"
"AURKB","TNIP1"
"RPS18","TNIP1"
"KPNA2","TNIP1"
"TNIP1","UTP3"
"NAT10","TNIP1"
"CBX4","TNIP1"
"SLC25A1","TNIP1"
"TAF4","TNIP1"
"TNIP1","UPF1"
"RBM15","TNIP1"
"HSP90AB1","TNIP1"
"RPL32","TNIP1"
"FTSJ3","TNIP1"
"RANGAP1","TNIP1"
"CFL1","TNIP1"
"DAXX","TNIP1"
"TNIP1","TPM3"
"FXR2","TNIP1"
"HSPB1","TNIP1"
"FLOT1","TNIP1"
"PRPF3","TNIP1"
"RPS28","TNIP1"
"MCM5","TNIP1"
"MCM7","TNIP1"
"RPL13","TNIP1"
"EWSR1","TNIP1"
"AP2M1","TNIP1"
"TNIP1","TUFM"
"AATF","TNIP1"
"PSMD2","TNIP1"
"PAK1IP1","TNIP1"
"MYBBP1A","TNIP1"
"PRMT5","TNIP1"
"PPP1CA","TNIP1"
"PHB2","TNIP1"
"GLTSCR2","TNIP1"
"SMARCA4","TNIP1"
"SLC3A2","TNIP1"
"SF3B2","TNIP1"
"CAPZB","TNIP1"
"PFKL","TNIP1"
"PRPF40A","TNIP1"
"POLR1A","TNIP1"
"DDX41","TNIP1"
"CHD4","TNIP1"
"IKBKG","TNIP1"
"KIFC3","TNIP1"
"CENPJ","TNIP1"
"TNIP1","TRAF2"
"RBCK1","TNIP1"
"PSMD14","TNIP1"
"PIBF1","TNIP1"
"SDCCAG3","TNIP1"
"KRT8","TNIP1"
"NFKBIA","TNIP1"
"RNF130","UBQLN4"
"PSMD11","RNF130"
"PSMD14","RNF130"
"PSMC3","RNF130"
"PSMC4","RNF130"
"PSMD13","RNF130"
"PSMD2","RNF130"
"ENO1","RNF130"
"HSPB1","RNF130"
"PRKCSH","RNF130"
"PGK1","RNF130"
"RNF130","STIP1"
"CCT5","RNF130"
"AARS","RNF130"
"RNF130","RNF130"
"AATF","AATF"
"AATF","PHB2"
"AATF","IGF2BP3"
"AATF","RPL32"
"AATF","NBR1"
"AATF","EIF3A"
"AATF","SLC25A1"
"AATF","RPS18"
"AATF","NAT10"
"AATF","FXR2"
"AATF","UPF1"
"AATF","THOC1"
"AATF","RPL13"
"AATF","HNRNPA2B1"
"AATF","CCT5"
"AATF","AURKA"
"AATF","CHD3"
"AATF","PRC1"
"AATF","TNIP1"
"PHB2","TIMM50"
"PHB2","PPP1CA"
"ATAD3A","PHB2"
"CLPB","PHB2"
"PHB2","RHOT2"
"PHB2","PHB2"
"CDK2","PHB2"
"PHB2","TUFM"
"AKT1","PHB2"
"PHB2","PSMC3"
"MCM2","PHB2"
"MCM5","PHB2"
"KPNA2","PHB2"
"BRD1","PHB2"
"CHD3","PHB2"
"CHD4","PHB2"
"PHB2","RECQL4"
"PHB2","PRKCA"
"OGDH","PHB2"
"NDUFA9","PHB2"
"HSPB1","PHB2"
"KIF14","PHB2"
"PHB2","PRC1"
"CS","PHB2"
"PHB2","TRAP1"
"CUL3","PHB2"
"AATF","PHB2"
"PHB2","RUFY1"
"PHB2","TNIP1"
"HNRNPA2B1","IGF2BP3"
"IGF2BP3","USP10"
"IGF2BP3","MKRN2"
"IGF2BP3","RPL13"
"IGF2BP3","KPNA2"
"HMGA1","IGF2BP3"
"IGF2BP3","SNRPB"
"IGF2BP3","RPS18"
"HMGA2","IGF2BP3"
"IGF2BP3","YWHAE"
"IGF2BP3","IGF2BP3"
"FOXK2","IGF2BP3"
"IGF2BP3","PGK1"
"IGF2BP3","MED15"
"FBXW7","IGF2BP3"
"CUL3","IGF2BP3"
"CDK2","IGF2BP3"
"AURKA","IGF2BP3"
"CHD3","IGF2BP3"
"IGF2BP3","RECQL4"
"GSK3B","IGF2BP3"
"IGF2BP3","KIF14"
"IGF2BP3","PRC1"
"IGF2BP3","PABPC5"
"IGF2BP3","KLF15"
"CAPZB","IGF2BP3"
"IGF2BP3","PSPC1"
"IGF2BP3","SSRP1"
"IGF2BP3","UPF1"
"IGF2BP3","PRMT1"
"ARL10","IGF2BP3"
"BAP1","IGF2BP3"
"AATF","IGF2BP3"
"IGF2BP3","TNIP1"
"LSM4","RPL32"
"MYBBP1A","RPL32"
"RPL13","RPL32"
"HDGF","RPL32"
"CDK2","RPL32"
"RPL32","TUFM"
"HSP90AB1","RPL32"
"MCM2","RPL32"
"PRPF3","RPL32"
"PRPF4","RPL32"
"RECQL4","RPL32"
"PTPN6","RPL32"
"AURKB","RPL32"
"KIF14","RPL32"
"PRC1","RPL32"
"CAPZB","RPL32"
"RPL32","RPS18"
"CUL3","RPL32"
"BAP1","RPL32"
"AATF","RPL32"
"RPL32","TNIP1"
"EIF3A","UPF1"
"EIF3A","EIF4ENIF1"
"EIF3A","EIF4G1"
"CDK2","EIF3A"
"EIF3A","GRK5"
"EIF3A","RPS18"
"ATP6V0D1","EIF3A"
"CHD3","EIF3A"
"CHD4","EIF3A"
"EIF3A","RECQL4"
"EIF3A","KIF14"
"EIF3A","YWHAE"
"EIF3A","USP10"
"EIF3A","TSC1"
"EIF3A","KLF15"
"CAPZB","EIF3A"
"EIF3A","PSPC1"
"EIF3A","SSRP1"
"EIF3A","PRMT1"
"CUL3","EIF3A"
"EIF3A","PPM1G"
"BAP1","EIF3A"
"AATF","EIF3A"
"EIF3A","STIP1"
"EIF3A","GSK3B"
"EIF3A","FBXW7"
"EIF3A","TNIP1"
"MCM7","SLC25A1"
"CCT5","SLC25A1"
"HSP90AB1","SLC25A1"
"CAPZB","SLC25A1"
"ENO1","SLC25A1"
"ARAF","SLC25A1"
"CBX4","SLC25A1"
"MCM2","SLC25A1"
"BET1","SLC25A1"
"HSPB1","SLC25A1"
"AURKB","SLC25A1"
"FBXW7","SLC25A1"
"RHOBTB1","SLC25A1"
"CUL3","SLC25A1"
"AATF","SLC25A1"
"RUFY1","SLC25A1"
"RBCK1","SLC25A1"
"SLC25A1","TNIP1"
"EIF3A","RPS18"
"RPS18","RPS28"
"RPL32","RPS18"
"PARD3","RPS18"
"CUL3","RPS18"
"CDK2","RPS18"
"RPL13","RPS18"
"MCM2","RPS18"
"MCM5","RPS18"
"CHD3","RPS18"
"CHD4","RPS18"
"RECQL4","RPS18"
"ARAF","RPS18"
"PPP1CA","RPS18"
"AURKB","RPS18"
"KIF14","RPS18"
"PRC1","RPS18"
"GSK3B","RPS18"
"FBXW7","RPS18"
"CAPZB","RPS18"
"PSPC1","RPS18"
"IGF2BP3","RPS18"
"BAP1","RPS18"
"AATF","RPS18"
"EIF4G1","RPS18"
"RPS18","RUFY1"
"RPS18","STIP1"
"RPS18","TNIP1"
"EIF4G1","NAT10"
"NAT10","NAT10"
"AATF","NAT10"
"NAT10","RPL13"
"NAT10","SIRT1"
"CUL3","NAT10"
"GRK5","NAT10"
"MCM5","NAT10"
"CHD3","NAT10"
"CHD4","NAT10"
"AURKB","NAT10"
"KIF14","NAT10"
"NAT10","PRC1"
"FBXW7","NAT10"
"NAT10","PRMT1"
"HIST1H3C","NAT10"
"NAT10","STIP1"
"NAT10","TNIP1"
"FXR2","MCRS1"
"FXR2","FXR2"
"FXR2","PRC1"
"EIF4ENIF1","FXR2"
"FXR2","UPF1"
"FXR2","KIAA0430"
"FXR2","USP10"
"CSNK2B","FXR2"
"ECH1","FXR2"
"EWSR1","FXR2"
"FXR2","HIVEP1"
"FXR2","HSPB1"
"FXR2","PICK1"
"FXR2","SF3B2"
"FXR2","TRAF2"
"AP2M1","FXR2"
"FXR2","TERF2"
"CUL3","FXR2"
"CHD3","FXR2"
"CHD4","FXR2"
"EIF4G1","FXR2"
"FXR2","KIF14"
"FXR2","NBR1"
"FXR2","PSPC1"
"BAP1","FXR2"
"AATF","FXR2"
"FXR2","TNIP1"
"POLD1","UPF1"
"EIF3A","UPF1"
"SMARCA4","UPF1"
"TTC4","UPF1"
"IGF2BP3","UPF1"
"CNDP2","UPF1"
"CSNK2B","UPF1"
"CUL3","UPF1"
"CUL5","UPF1"
"CDK2","UPF1"
"SNRPB","UPF1"
"EWSR1","UPF1"
"POU5F1","UPF1"
"GLTSCR2","UPF1"
"RECQL4","UPF1"
"PLK1","UPF1"
"FXR2","UPF1"
"MKRN2","UPF1"
"UPF1","USP10"
"UPF1","ZFP36"
"EIF4ENIF1","UPF1"
"KIAA0430","UPF1"
"AURKB","UPF1"
"KIF14","UPF1"
"RNF151","UPF1"
"PABPC5","UPF1"
"MYBBP1A","UPF1"
"FBXW7","UPF1"
"CAPZB","UPF1"
"HNRNPA2B1","UPF1"
"PSPC1","UPF1"
"PRMT1","UPF1"
"PRC1","UPF1"
"RNF40","UPF1"
"HSP90AB1","UPF1"
"BAP1","UPF1"
"AATF","UPF1"
"STIP1","UPF1"
"TNIP1","UPF1"
"THOC1","TPM3"
"SF3B2","THOC1"
"THOC1","THOC1"
"PRMT1","THOC1"
"THOC1","TRIM27"
"LIG1","THOC1"
"CHD4","THOC1"
"MED15","THOC1"
"MCM2","THOC1"
"PRC1","THOC1"
"RNF40","THOC1"
"SNRPB","THOC1"
"SSRP1","THOC1"
"SUPT5H","THOC1"
"AATF","THOC1"
"RECQL","THOC1"
"RPL13","RPS28"
"PELP1","RPL13"
"RPL13","RPS18"
"RPL13","RPL13"
"FTSJ3","RPL13"
"RPL13","UTP3"
"AATF","RPL13"
"GLTSCR2","RPL13"
"NAT10","RPL13"
"MYBBP1A","RPL13"
"RPL13","RPL32"
"CHD3","RPL13"
"PRPF40A","RPL13"
"PAK1IP1","RPL13"
"CSNK2B","RPL13"
"DAXX","RPL13"
"RPL13","TERF2"
"CUL3","RPL13"
"CDK2","RPL13"
"MCM2","RPL13"
"PPP1CA","RPL13"
"CHD4","RPL13"
"RECQL4","RPL13"
"PTPN6","RPL13"
"ARAF","RPL13"
"AURKB","RPL13"
"KIF14","RPL13"
"PRC1","RPL13"
"GSK3B","RPL13"
"POLR2C","RPL13"
"IGF2BP3","RPL13"
"FBXW7","RPL13"
"CAPZB","RPL13"
"PSPC1","RPL13"
"PRMT1","RPL13"
"BAP1","RPL13"
"RECQL","RPL13"
"RPL13","TNIP1"
"HNRNPA2B1","PGK1"
"HNRNPA2B1","SMARCA4"
"AP1B1","HNRNPA2B1"
"HNRNPA2B1","KIAA0430"
"HNRNPA2B1","UPF1"
"AP2M1","HNRNPA2B1"
"HNRNPA2B1","IGF2BP3"
"HNRNPA2B1","PLOD1"
"HNRNPA2B1","SF3B2"
"HNRNPA2B1","SUPT16H"
"HNRNPA2B1","HNRNPA2B1"
"CSNK2B","HNRNPA2B1"
"HDGF","HNRNPA2B1"
"CUL3","HNRNPA2B1"
"CUL5","HNRNPA2B1"
"HNRNPA2B1","YWHAE"
"HNRNPA2B1","PSMD13"
"HNRNPA2B1","RPS28"
"AURKA","HNRNPA2B1"
"HNRNPA2B1","ZFP36"
"HNRNPA2B1","HSPB1"
"HNRNPA2B1","MCM2"
"HNRNPA2B1","MCM5"
"CHD3","HNRNPA2B1"
"CHD4","HNRNPA2B1"
"HNRNPA2B1","RECQL4"
"EWSR1","HNRNPA2B1"
"GSK3B","HNRNPA2B1"
"AURKB","HNRNPA2B1"
"HNRNPA2B1","KIF14"
"HNRNPA2B1","PRC1"
"FBXW7","HNRNPA2B1"
"HNRNPA2B1","PER2"
"HNRNPA2B1","RHOBTB1"
"CAPZB","HNRNPA2B1"
"HNRNPA2B1","PSPC1"
"HNRNPA2B1","SNRPB"
"HNRNPA2B1","SSRP1"
"HNRNPA2B1","PRMT1"
"BAP1","HNRNPA2B1"
"AATF","HNRNPA2B1"
"HNRNPA2B1","TNIP1"
"HIST1H2BH","HNRNPA2B1"
"CCT5","CCT6B"
"CCT5","PPP4C"
"CCT5","PPP2R2B"
"CCT5","PPP2R2D"
"CCT5","CUL3"
"CCT5","CDK2"
"CCT5","IRAK1"
"CCT5","PRPF4"
"CCT5","MCM2"
"CCT5","SUV39H1"
"CCT5","TFDP1"
"CCT5","SLC25A1"
"CCT5","POLD1"
"CCT5","RECQL4"
"CCT5","PSMD14"
"CCT5","IRF7"
"AKT1","CCT5"
"CCT5","KIF14"
"CCT5","PRC1"
"CCT5","POLR2C"
"CCT5","NBR1"
"CAPZB","CCT5"
"CCT5","PRMT1"
"CCT5","HSP90AB1"
"BAP1","CCT5"
"AATF","CCT5"
"CCT5","RUFY1"
"CCT5","STIP1"
"CCT5","DET1"
"CCT5","RNF130"
"CCT5","TNIP1"
"CHD3","CHD4"
"CHD3","CHD3"
"CHD3","PRPF40A"
"CHD3","ZHX1"
"CHD3","KRT2"
"CHD3","PHB2"
"CHD3","RPL13"
"CHD3","HIST1H2BH"
"CHD3","HSP90AB1"
"ATAD3A","CHD3"
"CHD3","EIF4G1"
"CHD3","EWSR1"
"CHD3","HNRNPA2B1"
"CHD3","KPNA2"
"CHD3","KRT8"
"CHD3","MCM5"
"CHD3","MCM7"
"CHD3","PPP1CA"
"CHD3","RPS18"
"CHD3","RPS28"
"CHD3","SMARCA4"
"CHD3","SMARCB1"
"CHD3","SNRPB"
"CHD3","SSRP1"
"CHD3","SUPT5H"
"CHD3","EIF3A"
"CHD3","PRPF4"
"CHD3","PRPF3"
"CHD3","FXR2"
"CHD3","MYBBP1A"
"CHD3","IGF2BP3"
"CHD3","SF3B2"
"CHD3","SUPT16H"
"CHD3","DDX42"
"ACIN1","CHD3"
"CHD3","SATB2"
"AATF","CHD3"
"CHD3","PELP1"
"CHD3","DDX41"
"CHD3","PBRM1"
"CHD3","NAT10"
"CHD3","RBM15"
"CHD3","FTSJ3"
"CHD3","SDCCAG3"
"CHD3","GSK3B"
"CHD3","SIRT1"
"CHD3","ENO1"
"CHD3","SHMT2"
"CHD3","PSMD14"
"CHD3","MCM2"
"BRD1","CHD3"
"CHD3","RECQL4"
"CBX4","CHD3"
"CHAF1A","CHD3"
"CHD3","HIST1H3C"
"PSMD2","UBQLN4"
"PSMC3","PSMD2"
"PSMC4","PSMD2"
"PSMD14","PSMD2"
"PFKL","PSMD2"
"PSMD2","PSMD2"
"PSMD11","PSMD2"
"PSMD2","PSME4"
"PSMD13","PSMD2"
"CUL3","PSMD2"
"CDK2","PSMD2"
"GRK5","PSMD2"
"CAD","PSMD2"
"MCM7","PSMD2"
"MCM2","PSMD2"
"POU5F1","PSMD2"
"BAP1","PSMD2"
"PPM1G","PSMD2"
"PSMD2","PTPN6"
"COPE","PSMD2"
"PSMD2","RECQL4"
"ARNTL","PSMD2"
"GSK3B","PSMD2"
"AURKB","PSMD2"
"KIF14","PSMD2"
"PRC1","PSMD2"
"NBR1","PSMD2"
"PRMT1","PSMD2"
"PRMT5","PSMD2"
"PRPF4","PSMD2"
"PSMD2","TPM3"
"EIF4G1","PSMD2"
"PSMD2","STIP1"
"PSMD2","RNF130"
"PSMD2","TNIP1"
"ENO1","PSMD2"
"PSMD2","TUFM"
"FLOT1","NPLOC4"
"AURKB","FLOT1"
"FLOT1","MARK3"
"FLOT1","NOTCH2"
"FLOT1","PARD3"
"FLOT1","PI4KA"
"FLOT1","SLC3A2"
"ABLIM1","FLOT1"
"CAD","FLOT1"
"FLOT1","KIF14"
"FLOT1","PRC1"
"FLOT1","IRF3"
"FLOT1","STAT5A"
"FLOT1","TNIP1"
"FLOT1","POLD1"
"ACIN1","RHOT2"
"ACIN1","BET1"
"ACIN1","PRKCA"
"ACIN1","NFIA"
"ACIN1","SUPT16H"
"ACIN1","SLC3A2"
"ACIN1","SSRP1"
"ACIN1","HSP90AB1"
"ACIN1","CUL3"
"ACIN1","GRK5"
"ACIN1","CLK2"
"ACIN1","PRPF40A"
"ACIN1","CHD3"
"ACIN1","CHD4"
"ACIN1","KIF14"
"ACIN1","PRC1"
"ACIN1","RNF151"
"ACIN1","PABPC5"
"ACIN1","SNRPB"
"ACIN1","SUPT5H"
"ACIN1","AURKA"
"ACIN1","RECQL"
"TRIM27","TRIM27"
"CHD4","TRIM27"
"DAXX","TRIM27"
"TPM3","TRIM27"
"TRIM27","TSHZ3"
"TRIM27","ZNF250"
"PKN1","TRIM27"
"NFKBIA","TRIM27"
"CUL5","TRIM27"
"TRAF5","TRIM27"
"CLK2","TRIM27"
"KIFC3","TRIM27"
"MCM7","TRIM27"
"GLTSCR2","TRIM27"
"SMARCB1","TRIM27"
"THOC1","TRIM27"
"PIBF1","TRIM27"
"NCOA1","TRIM27"
"KIF14","TRIM27"
"DNAJC7","TRIM27"
"AURKA","TRIM27"
"CUL3","TRIM27"
"PAK2","SRC"
"PAK2","PAK2"
"PAK2","YWHAE"
"CUL5","PAK2"
"AP2M1","PAK2"
"CS","PAK2"
"PAK2","PPP1CA"
"GSK3B","PAK2"
"KIF14","PAK2"
"PAK2","PSMC3"
"ATP6V0D1","PAK2"
"PAK2","TRAF2"
"VASP","VASP"
"IRAK1","VASP"
"BUB1B","VASP"
"NBR1","VASP"
"PARD3","VASP"
"SDCCAG3","VASP"
"SPAG5","VASP"
"SF3B2","VASP"
"VASP","YWHAE"
"PRPF40A","VASP"
"PRMT5","VASP"
"MKRN2","VASP"
"AKT1","VASP"
"CAPZB","VASP"
"STIP1","VASP"
"KIFC3","KIFC3"
"KIFC3","MCM7"
"KIFC3","TRIM27"
"KIFC3","TPM3"
"KIFC3","TRAF2"
"KIFC3","TNIP1"
"KIFC3","ZNF250"
"KIFC3","KRT8"
"KIFC3","PIBF1"
"AURKB","KIFC3"
"KIF14","KIFC3"
"MCM2","MCM2"
"MCM2","MCM7"
"MCM2","MCM5"
"CCT5","MCM2"
"MCM2","RPS18"
"CAPZB","MCM2"
"HSP90AB1","MCM2"
"HSPB1","MCM2"
"MCM2","RPS28"
"FN3KRP","MCM2"
"CFL1","MCM2"
"CAD","MCM2"
"HNRNPA2B1","MCM2"
"H3F3B","MCM2"
"KRT2","MCM2"
"MCM2","TPM3"
"MCM2","SLC25A1"
"MCM2","PHB2"
"ATAD3A","MCM2"
"MCM2","TUFM"
"ENO1","MCM2"
"MCM2","PSMD2"
"MCM2","RPL13"
"MCM2","RPL32"
"CCT6B","MCM2"
"CLPB","MCM2"
"MCM2","NPLOC4"
"MCM2","TIMM50"
"CS","MCM2"
"DNAJC7","MCM2"
"MCM2","SLC3A2"
"EWSR1","MCM2"
"MCM2","STIP1"
"EIF4G1","MCM2"
"KPNA2","MCM2"
"MCM2","USP9X"
"MCM2","PGK1"
"MCM2","PRMT1"
"KIF14","MCM2"
"MCM2","PPP2R2D"
"HIST1H2BO","MCM2"
"MCM2","PPP2R2B"
"HIST1H2BH","MCM2"
"MCM2","YWHAE"
"CHD3","MCM2"
"HIST1H3C","MCM2"
"MCM2","PLK1"
"MCM2","THOC1"
"MCM2","MED15"
"MCM2","SSRP1"
"MCM2","SUPT16H"
"MCM2","PPP4C"
"MCM2","SF3B2"
"DBNL","MCM2"
"CDK2","MCM2"
"MCM2","RECQL4"
"CHD4","MCM2"
"FBXW7","MCM2"
"MCM2","NBR1"
"HMGA1","MCM2"
"BAP1","MCM2"
"CS","TRAP1"
"CS","ENO2"
"ATAD3A","CS"
"CS","NDUFA9"
"CS","OGDH"
"CS","SHMT2"
"CS","ECH1"
"CS","PHB2"
"CS","HSPB1"
"CS","MCM2"
"CS","RECQL4"
"CS","PMPCB"
"CS","TUFM"
"CS","PER2"
"CAPZB","CS"
"CS","PRMT1"
"CS","CUL3"
"CS","PAK2"
"BET1","XPOT"
"BET1","BET1"
"BET1","SLC3A2"
"BET1","SLC25A1"
"BET1","NOTCH2"
"BET1","ECH1"
"BET1","FTSJ3"
"BET1","GLTSCR2"
"BET1","LEMD3"
"ACIN1","BET1"
"PICK1","PRKCA"
"GSK3B","PRKCA"
"HMGA1","PRKCA"
"HMGA2","PRKCA"
"NFKBIA","PRKCA"
"PRKCA","PRKCA"
"PRKCA","RBCK1"
"PHB2","PRKCA"
"HSPB1","PRKCA"
"ACIN1","PRKCA"
"MKRN2","PRKCA"
"PER2","PRKCA"
"FTSJ3","NFIA"
"HIVEP1","NFIA"
"MED15","NFIA"
"NFIA","SATB2"
"GATA3","NFIA"
"FOS","NFIA"
"ACIN1","NFIA"
"NFIA","PRDM1"
"SSRP1","SUPT16H"
"SUPT16H","SUPT16H"
"CSNK2B","SUPT16H"
"MCM2","SUPT16H"
"POLR1A","SUPT16H"
"HDGF","SUPT16H"
"CUL3","SUPT16H"
"CDK2","SUPT16H"
"PRPF3","SUPT16H"
"ACIN1","SUPT16H"
"EWSR1","SUPT16H"
"DAXX","SUPT16H"
"CHD3","SUPT16H"
"CHD4","SUPT16H"
"RECQL4","SUPT16H"
"KIF14","SUPT16H"
"PRC1","SUPT16H"
"PPM1G","SUPT16H"
"H3F3B","SUPT16H"
"HMGA2","SUPT16H"
"HIST1H3C","SUPT16H"
"FBXW7","SUPT16H"
"RHOBTB1","SUPT16H"
"COMMD1","SUPT16H"
"SUPT16H","SUPT5H"
"SMARCA4","SUPT16H"
"SMARCB1","SUPT16H"
"CHAF1A","SUPT16H"
"BAP1","SUPT16H"
"STIP1","SUPT16H"
"RECQL","SUPT16H"
"SUPT16H","TNIP1"
"HNRNPA2B1","SUPT16H"
"HIST1H2BH","SUPT16H"
"GPS1","SLC3A2"
"CUL3","SLC3A2"
"ACIN1","SLC3A2"
"MCM2","SLC3A2"
"RECQL4","SLC3A2"
"BET1","SLC3A2"
"GSK3B","SLC3A2"
"AURKB","SLC3A2"
"KIF14","SLC3A2"
"FLOT1","SLC3A2"
"PARD3","SLC3A2"
"NFKBIA","SLC3A2"
"AURKA","SLC3A2"
"RUFY1","SLC3A2"
"SLC3A2","STIP1"
"SLC3A2","TNIP1"
"SSRP1","SUPT16H"
"POLR1A","SSRP1"
"MCM7","SSRP1"
"MCM2","SSRP1"
"MCM5","SSRP1"
"CSNK2B","SSRP1"
"DDX42","SSRP1"
"PBRM1","SSRP1"
"CHAF1A","SSRP1"
"SMARCB1","SSRP1"
"PPP1CA","SSRP1"
"SSRP1","TERF2"
"CHD4","SSRP1"
"EIF3A","SSRP1"
"DAXX","SSRP1"
"ACIN1","SSRP1"
"LSM4","SSRP1"
"INTS6","SSRP1"
"PPP1R10","SSRP1"
"SSRP1","THOC1"
"SATB2","SSRP1"
"PRPF40A","SSRP1"
"RBM15","SSRP1"
"HCFC1","SSRP1"
"HNRNPA2B1","SSRP1"
"POLR2C","SSRP1"
"SMARCA4","SSRP1"
"PRPF4","SSRP1"
"PRPF3","SSRP1"
"IGF2BP3","SSRP1"
"SSRP1","SUPT5H"
"SSRP1","ZC3H4"
"AQR","SSRP1"
"HIST1H2BH","SSRP1"
"HDGF","SSRP1"
"FBXW7","SSRP1"
"AURKA","SSRP1"
"CHD3","SSRP1"
"RECQL4","SSRP1"
"GSK3B","SSRP1"
"KIF14","SSRP1"
"PRC1","SSRP1"
"H3F3B","SSRP1"
"RHOBTB1","SSRP1"
"COMMD1","SSRP1"
"BAP1","SSRP1"
"HIST1H3C","SSRP1"
"SSRP1","STIP1"
"HMGA2","SSRP1"
"SSRP1","TNIP1"
"ENO1","SSRP1"
"AKT1","CLK2"
"CLK2","CLK2"
"ACIN1","CLK2"
"CLK2","TRIM27"
"CLK2","PRPF4"
"CLK2","CSNK2B"
"CLK2","PRMT1"
"CLK2","PABPC5"
"CLK2","RNF151"
"CLK2","DAXX"
"AP2M1","CLK2"
"PRPF40A","PRPF40A"
"PRPF40A","SF3B2"
"PFKL","PRPF40A"
"PRPF40A","UBQLN4"
"PRPF40A","VASP"
"ATAD3A","PRPF40A"
"PRPF40A","TERF2"
"ACIN1","PRPF40A"
"DDX42","PRPF40A"
"PPP1R10","PRPF40A"
"PRPF40A","PSPC1"
"CBX4","PRPF40A"
"PRPF40A","SMARCA4"
"PELP1","PRPF40A"
"CUL3","PRPF40A"
"CHD3","PRPF40A"
"PRPF40A","ZHX1"
"HSPB1","PRPF40A"
"EWSR1","PRPF40A"
"CHD4","PRPF40A"
"PICK1","PRPF40A"
"KIF14","PRPF40A"
"PRC1","PRPF40A"
"PRPF40A","RPL13"
"GATA1","PRPF40A"
"GATA3","PRPF40A"
"PRPF40A","SNRPB"
"PRPF40A","SSRP1"
"BAP1","PRPF40A"
"PRPF40A","TNIP1"
"POLD1","PRPF40A"
"CHD4","SMARCA4"
"CHD4","MCRS1"
"CHD3","CHD4"
"CHD4","CHD4"
"CHD4","EIF4G1"
"CHD4","ENO1"
"CHD4","EWSR1"
"CHD4","HNRNPA2B1"
"CHD4","KPNA2"
"CHD4","KRT2"
"CHD4","RPL13"
"CHD4","RPS18"
"CHD4","SSRP1"
"CHD4","SUPT5H"
"CHD4","HIST1H2BH"
"CHD4","EIF3A"
"CHD4","PRPF4"
"CHD4","PRPF3"
"CHD4","FXR2"
"CHD4","MYBBP1A"
"CHD4","SF3B2"
"CHD4","SUPT16H"
"CHD4","DDX42"
"CHD4","PHB2"
"ACIN1","CHD4"
"BRD1","CHD4"
"CHD4","DDX41"
"CHD4","WBP11"
"ATAD3A","CHD4"
"CHD4","NAT10"
"CHD4","PRPF40A"
"CHD4","RBM15"
"CHD4","FTSJ3"
"CBX5","CHD4"
"CHD4","THOC1"
"CHD4","MED15"
"CHD4","MCM2"
"AQR","CHD4"
"CHD4","PBRM1"
"CHD4","TSHZ3"
"CHD4","NCAPD2"
"CHD4","DCTN4"
"CHD4","PRKCSH"
"CHD4","TRIM27"
"CHD4","FOXK2"
"CHD4","SUV39H1"
"CHD4","RECQL4"
"CHD4","FBXW7"
"CHD4","SETD1A"
"CHD4","SRC"
"CHD4","PRC1"
"CHAF1A","CHD4"
"CHD4","DAXX"
"CHD4","CSNK2B"
"CHD4","HMGA1"
"CHD4","CUL3"
"CHD4","SMARCB1"
"BAP1","CHD4"
"CHD4","HIST1H3C"
"CHD4","STIP1"
"CHD4","TNIP1"
"RNF151","UPF1"
"RNF151","SF3B2"
"ACIN1","RNF151"
"CLK2","RNF151"
"MYBBP1A","RNF151"
"GLTSCR2","RNF151"
"PAK1IP1","RNF151"
"FTSJ3","RNF151"
"PIBF1","RNF151"
"PRPF3","RNF151"
"AQR","PABPC5"
"CLK2","PABPC5"
"MKRN2","PABPC5"
"PABPC5","SF3B2"
"PABPC5","UPF1"
"ACIN1","PABPC5"
"IGF2BP3","PABPC5"
"AURKB","PABPC5"
"KIF14","PABPC5"
"HCFC1","SNRPB"
"SNRPB","UPF1"
"AQR","SNRPB"
"PRMT5","SNRPB"
"SF3B2","SNRPB"
"PRPF4","SNRPB"
"SNRPB","ZC3H4"
"SNRPB","SUPT5H"
"PRPF3","SNRPB"
"IGF2BP3","SNRPB"
"SNRPB","SNRPB"
"P4HA1","SNRPB"
"HNRNPA2B1","SNRPB"
"POLR2C","SNRPB"
"PRPF40A","SNRPB"
"SNRPB","THOC1"
"PPP1R10","SNRPB"
"LSM4","SNRPB"
"ACIN1","SNRPB"
"DDX41","SNRPB"
"DDX42","SNRPB"
"SNRPB","TRAP1"
"NCAPD2","SNRPB"
"PRMT1","SNRPB"
"CUL3","SNRPB"
"CUL5","SNRPB"
"SNRPB","USP9X"
"CHD3","SNRPB"
"RECQL4","SNRPB"
"EWSR1","SNRPB"
"KIF14","SNRPB"
"PRC1","SNRPB"
"BAP1","SNRPB"
"RECQL","SNRPB"
"SNRPB","TNIP1"
"INTS6","SNRPB"
"PRMT5","SUPT5H"
"PRMT1","SUPT5H"
"IKBKG","SUPT5H"
"CSNK2B","SUPT5H"
"POLR2C","SUPT5H"
"NFRKB","SUPT5H"
"PPP4C","SUPT5H"
"RNF40","SUPT5H"
"SUPT5H","ZC3H4"
"HIVEP1","SUPT5H"
"AQR","SUPT5H"
"PGK1","SUPT5H"
"SSRP1","SUPT5H"
"SUPT5H","TERF2"
"SUPT16H","SUPT5H"
"ACIN1","SUPT5H"
"INTS6","SUPT5H"
"PPP1R10","SUPT5H"
"SUPT5H","THOC1"
"SUPT5H","WBP11"
"CUL3","SUPT5H"
"ENO1","SUPT5H"
"SHMT2","SUPT5H"
"HSPB1","SUPT5H"
"RANGAP1","SUPT5H"
"CHD3","SUPT5H"
"CHD4","SUPT5H"
"RECQL4","SUPT5H"
"KIF14","SUPT5H"
"FTSJ3","SUPT5H"
"HMGA1","SUPT5H"
"SNRPB","SUPT5H"
"MCRS1","SUPT5H"
"HSP90AB1","STIP1"
"ENO2","STIP1"
"PGK1","STIP1"
"HIST1H2BH","STIP1"
"STIP1","VASP"
"PSMD2","STIP1"
"AP1B1","STIP1"
"CHD4","STIP1"
"CSNK2B","STIP1"
"EIF4G1","STIP1"
"GPS1","STIP1"
"HSPB1","STIP1"
"IRAK1","STIP1"
"KPNA2","STIP1"
"MCM5","STIP1"
"MCM7","STIP1"
"POLD1","STIP1"
"MAP2K2","STIP1"
"PSMC3","STIP1"
"PSMC4","STIP1"
"PSMD11","STIP1"
"PSMD13","STIP1"
"RANGAP1","STIP1"
"STIP1","UPF1"
"SLC3A2","STIP1"
"SMARCA4","STIP1"
"SSRP1","STIP1"
"DNAJC7","STIP1"
"STIP1","TUFM"
"STIP1","YWHAE"
"STIP1","USP5"
"STIP1","USP9X"
"PRPF4","STIP1"
"NCAPD2","STIP1"
"PSMD14","STIP1"
"MYBBP1A","STIP1"
"STIP1","STIP1"
"SF3B2","STIP1"
"STIP1","SUPT16H"
"STIP1","XPOT"
"CCT5","STIP1"
"MKRN2","STIP1"
"PELP1","STIP1"
"DDX41","STIP1"
"ATAD3A","STIP1"
"NAT10","STIP1"
"NUP85","STIP1"
"STIP1","TIMM50"
"EIF3A","STIP1"
"MCM2","STIP1"
"RPS18","STIP1"
"STIP1","TRAP1"
"CAD","STIP1"
"STIP1","USP10"
"CDK3","STIP1"
"EWSR1","STIP1"
"RECQL4","STIP1"
"SDCCAG3","STIP1"
"AURKB","STIP1"
"POLR2C","STIP1"
"NBR1","STIP1"
"CAPZB","STIP1"
"BAP1","STIP1"
"DET1","STIP1"
"RECQL","STIP1"
"RNF130","STIP1"
"ENO1","STIP1"
"PI4KA","STIP1"
"MCM7","MCM7"
"MCM2","MCM7"
"MCM5","MCM7"
"INTS6","MCM7"
"HSP90AB1","MCM7"
"MCM7","PRMT1"
"MCM7","TOMM34"
"MCM7","TRIM27"
"MCM7","PSMD2"
"CUL3","MCM7"
"MCM7","SF3B2"
"DBNL","MCM7"
"IKBKG","MCM7"
"MCM7","SSRP1"
"MCM7","TERF2"
"CUL5","MCM7"
"CDK2","MCM7"
"MCM7","PPP1CA"
"KIFC3","MCM7"
"CAD","MCM7"
"MCM7","POLD1"
"MCM7","SLC25A1"
"CHD3","MCM7"
"MCM7","RECQL4"
"FBXW7","MCM7"
"MCM7","PLK1"
"MCM7","SETD1A"
"HSPB1","MCM7"
"MCM7","SRC"
"KIF14","MCM7"
"MCM7","PRC1"
"MCM7","NFKBIA"
"H3F3B","MCM7"
"ARAF","MCM7"
"HMGA1","MCM7"
"ARL10","MCM7"
"BAP1","MCM7"
"MCM7","STIP1"
"MCM7","RECQL"
"MCM7","TNIP1"
"PLOD1","PLOD1"
"CNDP2","PLOD1"
"DNAJC7","PLOD1"
"PLOD1","TERF2"
"CUL3","PLOD1"
"CUL5","PLOD1"
"PLOD1","RECQL4"
"KIF14","PLOD1"
"PLOD1","PLOD3"
"HNRNPA2B1","PLOD1"
"EIF3A","EIF4G1"
"EIF4G1","TRAF2"
"EIF4G1","USP10"
"EIF4G1","FXR2"
"EIF4ENIF1","EIF4G1"
"EIF4G1","PSMD2"
"EIF4G1","PSMD13"
"EIF4G1","RPS18"
"EIF4G1","EIF4G1"
"EIF4G1","ENO1"
"EIF4G1","HSP90AB1"
"CUL3","EIF4G1"
"EIF4G1","PSMC3"
"DCTN4","EIF4G1"
"EIF4G1","NAT10"
"EIF4G1","MCM2"
"CHD3","EIF4G1"
"CHD4","EIF4G1"
"EIF4G1","RECQL4"
"EIF4G1","FBXW7"
"EIF4G1","GSK3B"
"EIF4G1","KIF14"
"CAPZB","EIF4G1"
"EIF4G1","PSPC1"
"EIF4G1","PRMT1"
"EIF4G1","PSMD11"
"EIF4G1","PSMD14"
"CAD","EIF4G1"
"EIF4G1","PSMC4"
"BAP1","EIF4G1"
"EIF4G1","STIP1"
"FXR2","TRAF2"
"TRAF2","TRAF2"
"MAP3K5","TRAF2"
"GSK3B","TRAF2"
"IKBKG","TRAF2"
"EIF4G1","TRAF2"
"TRAF2","TSHZ3"
"FBXW7","TRAF2"
"ARNTL","TRAF2"
"TNIP1","TRAF2"
"KIFC3","TRAF2"
"TRAF2","ZNF250"
"PAK2","TRAF2"
"CUL5","TRAF2"
"RBCK1","TRAF2"
"ABLIM1","TRAF2"
"TRAF2","TRAF5"
"PKN1","TRAF2"
"TRAF2","UBQLN4"
"TRAF2","ZFP36"
"EWSR1","TRAF2"
"IRF3","TRAF2"
"NCAPH2","TRAF2"
"HSP90AB1","TRAF2"
"PIBF1","TRAF2"
"BRD1","TRAF2"
"CUL3","TRAF2"
"RNF40","TRAF2"
"COMMD1","CUL5"
"COPS7B","CUL5"
"CUL3","CUL5"
"CUL5","ENO1"
"CUL5","EWSR1"
"CUL5","GPS1"
"CUL5","HNRNPA2B1"
"CUL5","HSP90AB1"
"CUL5","KRT2"
"CUL5","MCM7"
"CUL5","PLOD1"
"CUL5","POLR2C"
"CUL5","RPS28"
"CUL5","SNRPB"
"CUL5","TRAP1"
"CUL5","TRIM27"
"CUL5","TUFM"
"CUL5","UPF1"
"CUL5","XPOT"
"CUL5","SHMT2"
"CUL5","TSC1"
"CUL5","CUL5"
"CUL5","RHOBTB1"
"CUL5","RECQL4"
"CUL5","TRAF2"
"CUL5","PAK2"
"DBNL","RANGAP1"
"CAPZB","DBNL"
"DBNL","DCTN4"
"CFL1","DBNL"
"DBNL","POLR1A"
"DBNL","MCM7"
"DBNL","MCM2"
"BAP1","DBNL"
"DBNL","TOMM34"
"PSMD13","PSMD2"
"PSMD11","PSMD13"
"PSMC3","PSMD13"
"PSMC4","PSMD13"
"PSMD13","PSMD14"
"HNRNPA2B1","PSMD13"
"PSMD13","PSMD13"
"PSMD13","PSME4"
"POU5F1","PSMD13"
"PSMD13","PTPN6"
"PSMD13","RECQL4"
"PSMD13","UBQLN4"
"PRC1","PSMD13"
"PSMD13","TPM3"
"CAD","PSMD13"
"CAPZB","PSMD13"
"EIF4G1","PSMD13"
"PSMD13","RUFY1"
"BAP1","PSMD13"
"PSMD13","STIP1"
"PSMD13","RNF130"
"PRMT1","TERF2"
"KPNA2","TERF2"
"CSNK2B","TERF2"
"MCM7","TERF2"
"TERF2","USP9X"
"PLOD1","TERF2"
"POLD1","TERF2"
"PRMT5","TERF2"
"RNF40","TERF2"
"MARK3","TERF2"
"PFKL","TERF2"
"FXR2","TERF2"
"CLPB","TERF2"
"KIAA0430","TERF2"
"NFRKB","TERF2"
"TERF2","TERF2"
"RPL13","TERF2"
"PPM1G","TERF2"
"SF3B2","TERF2"
"HIST1H2BH","TERF2"
"PPP1R10","TERF2"
"HMGA1","TERF2"
"PRPF40A","TERF2"
"PPP1CA","TERF2"
"SSRP1","TERF2"
"SUPT5H","TERF2"
"KPNA2","KRT8"
"HSP90AB1","KPNA2"
"KPNA2","PRMT1"
"KPNA2","PHB2"
"KPNA2","SETD1A"
"KPNA2","SMARCA4"
"KPNA2","PBRM1"
"KPNA2","TPX2"
"KPNA2","SMARCB1"
"KPNA2","SF3B2"
"CHD4","KPNA2"
"KPNA2","NCAPD2"
"DCTN4","KPNA2"
"IRF3","KPNA2"
"FBXW7","KPNA2"
"KPNA2","RECQL"
"KPNA2","TERF2"
"KPNA2","SIRT1"
"HDGF","KPNA2"
"CUL3","KPNA2"
"CDK2","KPNA2"
"CBX5","KPNA2"
"EWSR1","KPNA2"
"KPNA2","MCM2"
"KPNA2","POU5F1"
"BRD1","KPNA2"
"CHD3","KPNA2"
"KPNA2","RECQL4"
"IRF7","KPNA2"
"KPNA2","PPP1CA"
"KIF14","KPNA2"
"KPNA2","PRC1"
"EIF4ENIF1","KPNA2"
"KPNA2","NBR1"
"BAP1","KPNA2"
"CAPZB","KPNA2"
"KPNA2","PPM1G"
"IGF2BP3","KPNA2"
"KPNA2","PRMT5"
"KPNA2","POLR1A"
"KPNA2","PRKCSH"
"HIST1H3C","KPNA2"
"KPNA2","RUFY1"
"KPNA2","STIP1"
"KPNA2","TNIP1"
"CCT5","PPP2R2B"
"PPP2R2B","PPP4C"
"CAPZB","PPP2R2B"
"PPP2R2B","TUFM"
"CUL3","PPP2R2B"
"MARK3","PPP2R2B"
"MCM2","PPP2R2B"
"PPP2R2B","PPP2R2D"
"CCT5","PPP2R2D"
"CCT6B","PPP2R2D"
"PPP2R2D","PPP4C"
"PPP2R2B","PPP2R2D"
"ATAD3A","PPP2R2D"
"PLK1","PPP2R2D"
"MCM2","PPP2R2D"
"PPP2R2D","RECQL4"
"CDK2","RECQL4"
"AP1B1","RECQL4"
"ATAD3A","RECQL4"
"CAD","RECQL4"
"CAPZB","RECQL4"
"CCT5","RECQL4"
"CCT6B","RECQL4"
"CFL1","RECQL4"
"CHD3","RECQL4"
"CHD4","RECQL4"
"CLPB","RECQL4"
"COPS7B","RECQL4"
"CS","RECQL4"
"CSNK2B","RECQL4"
"CUL3","RECQL4"
"CUL5","RECQL4"
"DNAJC7","RECQL4"
"EIF3A","RECQL4"
"EIF4G1","RECQL4"
"ENO1","RECQL4"
"EWSR1","RECQL4"
"GPS1","RECQL4"
"GSK3B","RECQL4"
"HCFC1","RECQL4"
"HNRNPA2B1","RECQL4"
"HSP90AB1","RECQL4"
"IGF2BP3","RECQL4"
"KPNA2","RECQL4"
"LSM4","RECQL4"
"MCM2","RECQL4"
"MCM5","RECQL4"
"MCM7","RECQL4"
"MYBBP1A","RECQL4"
"NDUFA9","RECQL4"
"NPLOC4","RECQL4"
"NUP85","RECQL4"
"PHB2","RECQL4"
"PLK1","RECQL4"
"PLOD1","RECQL4"
"PMPCB","RECQL4"
"POLR2C","RECQL4"
"PPM1G","RECQL4"
"PPP1CA","RECQL4"
"PPP2R2D","RECQL4"
"PRMT1","RECQL4"
"PRMT5","RECQL4"
"PRPF4","RECQL4"
"PSMC3","RECQL4"
"PSMC4","RECQL4"
"PSMD11","RECQL4"
"PSMD13","RECQL4"
"PSMD14","RECQL4"
"PSMD2","RECQL4"
"RANGAP1","RECQL4"
"RECQL4","RECQL4"
"RECQL4","RPL13"
"RECQL4","RPL32"
"RECQL4","RPS18"
"RECQL4","RPS28"
"RECQL4","SDCCAG3"
"RECQL4","SF3B2"
"RECQL4","SIRT1"
"RECQL4","SLC3A2"
"RECQL4","SMARCB1"
"RECQL4","SNRPB"
"RECQL4","SSRP1"
"RECQL4","STIP1"
"RECQL4","SUPT16H"
"RECQL4","SUPT5H"
"RECQL4","TIMM50"
"RECQL4","TOMM34"
"RECQL4","TRAP1"
"RECQL4","TSHZ3"
"RECQL4","TTC4"
"RECQL4","TUFM"
"RECQL4","UPF1"
"RECQL4","USP9X"
"RECQL4","YWHAE"
"KIF14","RECQL4"
"GSK3B","PPP1CA"
"PPP1CA","SMARCB1"
"PPP1CA","PPP1R10"
"HCFC1","PPP1CA"
"PPP1CA","WBP11"
"GLTSCR2","PPP1CA"
"AURKB","PPP1CA"
"CDK2","PPP1CA"
"AKT1","PPP1CA"
"AURKA","PPP1CA"
"CENPE","PPP1CA"
"KIAA0430","PPP1CA"
"MCM7","PPP1CA"
"ARNTL","PPP1CA"
"PARD3","PPP1CA"
"PPP1CA","RPL13"
"PPP1CA","TERF2"
"PER2","PPP1CA"
"PAK2","PPP1CA"
"ATAD3A","PPP1CA"
"PPP1CA","PPP1CA"
"KPNA2","PPP1CA"
"PPP1CA","RPS18"
"CAPZB","PPP1CA"
"DDX42","PPP1CA"
"PPP1CA","PSPC1"
"PHB2","PPP1CA"
"PPP1CA","SF3B2"
"CUL3","PPP1CA"
"CSNK2B","PPP1CA"
"CHD3","PPP1CA"
"PPP1CA","RECQL4"
"KIF14","PPP1CA"
"PPP1CA","PRC1"
"PPP1CA","SSRP1"
"MCM5","PPP1CA"
"BAP1","PPP1CA"
"PPP1CA","TNIP1"
"PSMD11","PSMD14"
"PSMD13","PSMD14"
"PSMD14","PSMD2"
"PSMC4","PSMD14"
"PSMC3","PSMD14"
"PSMD14","PSME4"
"CHD3","PSMD14"
"E2F1","PSMD14"
"PSMD14","PSMD14"
"PRMT5","PSMD14"
"CCT5","PSMD14"
"HIST1H2BH","PSMD14"
"HIST1H2BO","PSMD14"
"PSMD14","TNIP1"
"ENO1","PSMD14"
"CENPE","PSMD14"
"PSMD14","SPAG5"
"IRF3","PSMD14"
"HSP90AB1","PSMD14"
"HSPB1","PSMD14"
"EIF4G1","PSMD14"
"PSMD14","RECQL4"
"PSMD14","UBQLN4"
"BAP1","PSMD14"
"AURKB","PSMD14"
"PSMD14","STIP1"
"PSMD14","RNF130"
"PSMC3","PSMC3"
"PSMC3","PSMD2"
"PSMC3","PSMC4"
"PSMC3","PSMD13"
"PSMC3","PSMD11"
"PSMC3","PSMD14"
"PSMC3","STIP1"
"EIF4G1","PSMC3"
"NFRKB","PSMC3"
"PARD3","PSMC3"
"ARHGEF1","PSMC3"
"PHB2","PSMC3"
"PSMC3","PSME4"
"PAK2","PSMC3"
"NCAPD2","PSMC3"
"MAP3K5","PSMC3"
"PSMC3","SHMT2"
"CAD","PSMC3"
"AHR","PSMC3"
"PSMC3","RECQL4"
"PSMC3","UBQLN4"
"ARNTL","PSMC3"
"PSMC3","RNF40"
"AURKB","PSMC3"
"KIF14","PSMC3"
"KRT8","PSMC3"
"KLF15","PSMC3"
"CUL3","PSMC3"
"HSP90AB1","PSMC3"
"FDPS","PSMC3"
"BAP1","PSMC3"
"PSMC3","RUFY1"
"PSMC3","RNF130"
"IRAK1","IRAK1"
"IKBKG","IRAK1"
"IRAK1","IRF7"
"IRAK1","STIP1"
"IRAK1","VASP"
"CCT5","IRAK1"
"HSPB1","IRAK1"
"IRAK1","TIMM50"
"IRAK1","XPOT"
"HSP90AB1","IRAK1"
"CAD","IRAK1"
"IRAK1","NDUFA9"
"IRAK1","USP9X"
"DNAJC7","IRAK1"
"CLPB","IRAK1"
"AKT1","IRAK1"
"CUL3","IRAK1"
"ARAF","IRAK1"
"BRD1","IRAK1"
"IRAK1","NFKBIA"
"IRAK1","TNIP1"
"IKBKG","PLK1"
"PLK1","ZNF71"
"BUB1B","PLK1"
"AURKA","PLK1"
"PLK1","TOPBP1"
"FBXW7","PLK1"
"PLK1","SATB2"
"PLK1","SPAG5"
"MCM2","PLK1"
"MCM7","PLK1"
"MCM5","PLK1"
"PLK1","SDCCAG3"
"PLK1","UPF1"
"CUL3","PLK1"
"PLK1","TSC1"
"PLK1","PLK1"
"PLK1","TUFM"
"PLK1","RANGAP1"
"PLK1","PRC1"
"CSNK2B","PLK1"
"AKT1","PLK1"
"CENPJ","PLK1"
"PLK1","PPP2R2D"
"PLK1","RECQL4"
"KRT8","PLK1"
"PARD3","PLK1"
"NCAPH2","PLK1"
"BET1","ECH1"
"ECH1","YWHAE"
"ECH1","PMPCB"
"CS","ECH1"
"ECH1","TRAP1"
"ECH1","FXR2"
"CUL3","ECH1"
"PSMC4","TRAP1"
"ATAD3A","TRAP1"
"CLPB","TRAP1"
"CS","TRAP1"
"ECH1","TRAP1"
"OGDH","TRAP1"
"PHB2","TRAP1"
"SHMT2","TRAP1"
"SF3B2","TRAP1"
"CUL3","TRAP1"
"CUL5","TRAP1"
"TPM3","TRAP1"
"CFL1","TRAP1"
"RECQL4","TRAP1"
"ENO2","TRAP1"
"GSK3B","TRAP1"
"AURKB","TRAP1"
"KIF14","TRAP1"
"PRC1","TRAP1"
"SNRPB","TRAP1"
"BAP1","TRAP1"
"RUFY1","TRAP1"
"STIP1","TRAP1"
"MCRS1","NFRKB"
"NFRKB","XPOT"
"NFRKB","TERF2"
"NFRKB","PSMC3"
"EWSR1","NFRKB"
"NFRKB","SUPT5H"
"KLF15","NFRKB"
"CSNK2B","NFRKB"
"NFRKB","PSPC1"
"HIST1H3C","NFRKB"
"CSNK2B","CSNK2B"
"CSNK2B","HNRNPA2B1"
"ARAF","CSNK2B"
"CSNK2B","NFKBIA"
"CSNK2B","ZNF71"
"CSNK2B","RPL13"
"CSNK2B","UPF1"
"CSNK2B","SIRT1"
"CSNK2B","SUPT16H"
"CSNK2B","SSRP1"
"CBX4","CSNK2B"
"CSNK2B","STAT5A"
"CSNK2B","PER2"
"CSNK2B","PPP1CA"
"CSNK2B","GSK3B"
"ARNTL","CSNK2B"
"CSNK2B","CUL3"
"CSNK2B","ZC3H4"
"CSNK2B","HCFC1"
"CSNK2B","ZHX1"
"CSNK2B","UTP3"
"CSNK2B","UBQLN4"
"CSNK2B","DAXX"
"CHD4","CSNK2B"
"CSNK2B","SF3B2"
"CSNK2B","FTSJ3"
"CSNK2B","NFRKB"
"CSNK2B","MCRS1"
"CSNK2B","TERF2"
"AP2M1","CSNK2B"
"CSNK2B","SUPT5H"
"CSNK2B","IRS1"
"CSNK2B","RECQL4"
"CSNK2B","SRC"
"CSNK2B","FXR2"
"CSNK2B","GLTSCR2"
"CSNK2B","FBXW7"
"CAPZB","CSNK2B"
"CSNK2B","PRMT1"
"BAP1","CSNK2B"
"CLK2","CSNK2B"
"CSNK2B","HIST1H3C"
"CSNK2B","STIP1"
"CSNK2B","PLK1"
"POLD1","UPF1"
"CDK2","POLD1"
"POLD1","POLD1"
"MCM7","POLD1"
"CCT5","POLD1"
"CAD","POLD1"
"HSPB1","POLD1"
"FBXW7","POLD1"
"FLOT1","POLD1"
"POLD1","TPM3"
"PBRM1","POLD1"
"AURKB","POLD1"
"POLD1","PRPF40A"
"CBX4","POLD1"
"POLD1","PRC1"
"POLD1","TERF2"
"CUL3","POLD1"
"BRD1","POLD1"
"DNAJC7","POLD1"
"CAPZB","POLD1"
"LIG1","POLD1"
"BAP1","POLD1"
"POLD1","STIP1"
"POLD1","RBCK1"
"GSK3B","NOTCH2"
"NOTCH2","PRKCSH"
"BET1","NOTCH2"
"NOTCH2","ST7"
"NOTCH2","PRC1"
"FBXW7","NOTCH2"
"MKRN2","NOTCH2"
"FLOT1","NOTCH2"
"NOTCH2","PARD3"
"CUL3","NOTCH2"
"CS","PMPCB"
"ECH1","PMPCB"
"NDUFA9","PMPCB"
"OGDH","PMPCB"
"PMPCB","SHMT2"
"MARK3","PMPCB"
"ENO1","PMPCB"
"PMPCB","RECQL4"
"CUL3","PMPCB"
"LEMD3","POU5F1"
"BET1","LEMD3"
"LEMD3","ST7"
"LEMD3","RHOT2"
"LEMD3","ZDHHC12"
"COPE","LEMD3"
"ARL10","LEMD3"
"LEMD3","TPX2"
"GATA1","HSPB1"
"HSPB1","TPM3"
"HSPB1","HSPB1"
"CS","HSPB1"
"AKT1","HSPB1"
"HNRNPA2B1","HSPB1"
"HSPB1","PRPF40A"
"HSPB1","SUPT5H"
"HSPB1","YWHAE"
"HSP90AB1","HSPB1"
"HSPB1","LIG1"
"HSPB1","SMARCA4"
"HSPB1","STIP1"
"DAXX","HSPB1"
"HSPB1","MCM7"
"HSPB1","XPOT"
"HSPB1","PHB2"
"HSPB1","SLC25A1"
"CUL3","HSPB1"
"ARAF","HSPB1"
"BUB1B","HSPB1"
"HSPB1","IRAK1"
"HSPB1","MCM2"
"HSPB1","POLD1"
"HSPB1","PRKCA"
"AURKB","HSPB1"
"HSPB1","KIF14"
"HSPB1","PRC1"
"HSPB1","NFKBIA"
"FXR2","HSPB1"
"HSPB1","PSMD14"
"HSPB1","RUFY1"
"HSPB1","RNF130"
"HSPB1","TNIP1"
"CAD","DNAJC7"
"DNAJC7","HSP90AB1"
"DNAJC7","STIP1"
"DNAJC7","PI4KA"
"DNAJC7","POLD1"
"CNDP2","DNAJC7"
"DNAJC7","TRIM27"
"BUB1B","DNAJC7"
"CUL3","DNAJC7"
"DNAJC7","TOMM34"
"DNAJC7","MCM2"
"DNAJC7","RECQL4"
"DCTN4","DNAJC7"
"DNAJC7","SDCCAG3"
"DNAJC7","PRMT1"
"DNAJC7","PFKL"
"DNAJC7","PLOD1"
"BAP1","DNAJC7"
"DNAJC7","IRAK1"
"DNAJC7","RUFY1"
"DET1","DNAJC7"
"LEMD3","ZDHHC12"
"SMARCB1","UBQLN4"
"UBQLN4","UBQLN4"
"PRPF40A","UBQLN4"
"PICK1","UBQLN4"
"TRAF2","UBQLN4"
"PSMD2","UBQLN4"
"PSMC3","UBQLN4"
"PSMD11","UBQLN4"
"PSMD13","UBQLN4"
"PSMD14","UBQLN4"
"CAPZB","UBQLN4"
"CSNK2B","UBQLN4"
"RNF130","UBQLN4"
"AURKA","TPX2"
"IKBKG","TPX2"
"EWSR1","TPX2"
"TPX2","ZC3H4"
"LEMD3","TPX2"
"AURKB","TPX2"
"KIF14","TPX2"
"PRC1","TPX2"
"KPNA2","TPX2"
"HMGA1","TPX2"
"PPM1G","TPX2"
"HIST1H3C","TPX2"
"SUV39H1","TPX2"
"HMGA2","TPX2"
"BUB1B","TPX2"
"MARK3","TPX2"
"TNIP1","TPX2"
"EWSR1","HMGA1"
"EWSR1","IRF3"
"EWSR1","FXR2"
"EWSR1","PRMT1"
"EWSR1","EWSR1"
"EWSR1","TRAF2"
"EWSR1","KRT2"
"COPS7B","EWSR1"
"EWSR1","UPF1"
"EIF4ENIF1","EWSR1"
"EWSR1","WBP11"
"EWSR1","NFRKB"
"CHAF1A","EWSR1"
"EWSR1","SUPT16H"
"EWSR1","KPNA2"
"EWSR1","PPM1G"
"EWSR1","PGK1"
"EWSR1","MED15"
"EWSR1","SIRT1"
"EWSR1","RNF40"
"EWSR1","TAF4"
"EWSR1","PRKCSH"
"EWSR1","HDGF"
"EWSR1","STIP1"
"EWSR1","PELP1"
"EWSR1","PRPF40A"
"EWSR1","SMARCA4"
"EWSR1","SNRPB"
"EWSR1","HNRNPA2B1"
"CAD","EWSR1"
"EWSR1","PRMT5"
"EWSR1","SF3B2"
"EWSR1","GSK3B"
"CUL3","EWSR1"
"CUL5","EWSR1"
"EWSR1","MCM2"
"CHD3","EWSR1"
"CHD4","EWSR1"
"EWSR1","RECQL4"
"ARAF","EWSR1"
"EWSR1","TPX2"
"CAPZB","EWSR1"
"BAP1","EWSR1"
"EWSR1","TNIP1"
"SMARCA4","SMARCB1"
"NCOA1","SMARCA4"
"PRMT5","SMARCA4"
"CHD4","SMARCA4"
"SMARCA4","STAT5A"
"KPNA2","SMARCA4"
"SMARCA4","TOPBP1"
"CBX5","SMARCA4"
"SMARCA4","SMARCA4"
"PBRM1","SMARCA4"
"EWSR1","SMARCA4"
"FBXW7","SMARCA4"
"CHAF1A","SMARCA4"
"SMARCA4","SUPT16H"
"GATA1","SMARCA4"
"AHR","SMARCA4"
"CUL3","SMARCA4"
"CAD","SMARCA4"
"HSPB1","SMARCA4"
"SMARCA4","UPF1"
"CHD3","SMARCA4"
"HNRNPA2B1","SMARCA4"
"KIF14","SMARCA4"
"NFKBIA","SMARCA4"
"FOS","SMARCA4"
"HMGA1","SMARCA4"
"SMARCA4","SSRP1"
"AURKA","SMARCA4"
"PRPF40A","SMARCA4"
"HIST1H3C","SMARCA4"
"SMARCA4","STIP1"
"SMARCA4","TNIP1"
"SATB2","SMARCA4"
"AHR","SMARCA4"
"AHR","AHR"
"AHR","TAF4"
"AHR","NCOA1"
"AHR","PSMC3"
"AHR","PSMC4"
"AHR","E2F1"
"AHR","SUV39H1"
"AHR","TOMM34"
"AHR","SRC"
"AHR","ARNTL"
"AHR","KIF14"
"AHR","CUL3"
"AHR","PBRM1"
"CBX5","TAF4"
"TAF4","TAF4"
"HCFC1","TAF4"
"AHR","TAF4"
"EWSR1","TAF4"
"TAF4","YWHAE"
"KLF15","TAF4"
"PRMT1","TAF4"
"TAF4","TNIP1"
"HIST1H2BH","TAF4"
"FOS","NCOA1"
"NCOA1","NCOA1"
"AHR","NCOA1"
"NCOA1","TRIM27"
"NCOA1","SMARCA4"
"NCOA1","PRMT1"
"NCOA1","STAT5A"
"KLF15","NCOA1"
"CBX5","NCOA1"
"PSMC4","PSMD2"
"PSMC4","PSMD13"
"PSMC3","PSMC4"
"PSMC4","PSMD11"
"PSMC4","TRAP1"
"PSMC4","PSMD14"
"FTSJ3","PSMC4"
"PSMC4","PSMC4"
"PSMC4","PSME4"
"HMGA2","PSMC4"
"EIF4G1","PSMC4"
"NUP85","PSMC4"
"MAP3K5","PSMC4"
"CUL3","PSMC4"
"CAD","PSMC4"
"CENPJ","PSMC4"
"AHR","PSMC4"
"BAP1","PSMC4"
"PPM1G","PSMC4"
"PSMC4","RECQL4"
"KRT8","PSMC4"
"POLR2C","PSMC4"
"PER2","PSMC4"
"PRMT1","PSMC4"
"PSMC4","STIP1"
"PSMC4","RNF130"
"E2F1","TOPBP1"
"CDK2","E2F1"
"E2F1","TFDP1"
"E2F1","GSK3B"
"E2F1","SIRT1"
"E2F1","PSMD14"
"E2F1","E2F1"
"BAP1","E2F1"
"E2F1","HCFC1"
"AHR","E2F1"
"E2F1","MKRN2"
"CBX5","SUV39H1"
"CBX4","SUV39H1"
"SIRT1","SUV39H1"
"HOOK2","SUV39H1"
"SUV39H1","SUV39H1"
"DAXX","SUV39H1"
"SUV39H1","USP9X"
"CHD4","SUV39H1"
"CCT5","SUV39H1"
"SUV39H1","TOPBP1"
"SATB2","SUV39H1"
"SUV39H1","TPX2"
"KLF15","SUV39H1"
"MCRS1","SUV39H1"
"AHR","SUV39H1"
"HIST1H3C","SUV39H1"
"DNAJC7","TOMM34"
"DBNL","TOMM34"
"MCM7","TOMM34"
"HSP90AB1","TOMM34"
"RECQL4","TOMM34"
"AHR","TOMM34"
"RECQL","TOMM34"
"RBCK1","TOMM34"
"PELP1","SRC"
"CFL1","SRC"
"SRC","SRC"
"IKBKG","SRC"
"ENO1","SRC"
"POLR2C","SRC"
"AKT1","SRC"
"PTPN6","SRC"
"HSP90AB1","SRC"
"CAD","SRC"
"CHD4","SRC"
"MCM7","SRC"
"AQR","SRC"
"SRC","TPM3"
"CSNK2B","SRC"
"POLR1A","SRC"
"PLCG1","SRC"
"PAK2","SRC"
"NFKBIA","SRC"
"PRDM1","SRC"
"KIF14","SRC"
"FN3KRP","SRC"
"AHR","SRC"
"AHR","ARNTL"
"ARNTL","CSNK2B"
"ARNTL","TRAF2"
"ARNTL","PSMC3"
"ARNTL","PSMD2"
"ARNTL","PSMD11"
"ARNTL","HMGA1"
"ARNTL","ARNTL"
"ARNTL","SIRT1"
"ARNTL","PPP1CA"
"ARNTL","PER2"
"PBRM1","SMARCB1"
"PBRM1","SMARCA4"
"AHR","PBRM1"
"PBRM1","POU5F1"
"BRD1","PBRM1"
"CHD3","PBRM1"
"PBRM1","PRC1"
"CHD4","PBRM1"
"KPNA2","PBRM1"
"FOS","PBRM1"
"GATA3","PBRM1"
"KLF15","PBRM1"
"HMGA1","PBRM1"
"PBRM1","SSRP1"
"PBRM1","RANGAP1"
"HIST1H3C","PBRM1"
"PBRM1","POLD1"
"ARAF","MAP2K2"
"ARAF","YWHAE"
"ARAF","HSPB1"
"ARAF","SLC25A1"
"ARAF","TIMM50"
"ARAF","ARAF"
"AKT1","ARAF"
"ARAF","TSC1"
"ARAF","RPL13"
"ARAF","RPS18"
"ARAF","XPOT"
"ARAF","ENO1"
"ARAF","TUFM"
"ARAF","HSP90AB1"
"ARAF","KRT2"
"ARAF","EWSR1"
"ARAF","CAD"
"ARAF","IRAK1"
"ARAF","MCM7"
"ARAF","HDGF"
"ARAF","CSNK2B"
"ARAF","IRF7"
"ARAF","BRD1"
"ARAF","CUL3"
"BUB1B","CENPE"
"BUB1B","BUB1B"
"BUB1B","PLK1"
"BUB1B","HSPB1"
"BUB1B","TPX2"
"AURKB","BUB1B"
"BUB1B","DAXX"
"BUB1B","PRKCSH"
"BUB1B","FBXW7"
"BUB1B","DNAJC7"
"BUB1B","KRT8"
"BUB1B","VASP"
"BUB1B","CUL3"
"HMGA2","SUPT16H"
"HMGA2","SSRP1"
"HMGA2","TPX2"
"HMGA1","HMGA2"
"HMGA2","PRKCA"
"HDGF","HMGA2"
"HMGA2","POU5F1"
"HMGA2","IGF2BP3"
"HMGA2","PSMC4"
"HMGA2","RBCK1"
"HIST1H2BH","HMGA2"
"MED15","THOC1"
"FBXW7","MED15"
"EWSR1","MED15"
"CHD4","MED15"
"MCM2","MED15"
"HCFC1","MED15"
"KLF15","MED15"
"MED15","NFIA"
"CUL3","MED15"
"HMGA1","MED15"
"IGF2BP3","MED15"
"PARD3","RPS18"
"KIF14","PARD3"
"MARK3","PARD3"
"NOTCH2","PARD3"
"PARD3","YWHAE"
"PARD3","PLK1"
"PARD3","SDCCAG3"
"PARD3","SLC3A2"
"PARD3","PSMC3"
"PARD3","PPP1CA"
"MKRN2","PARD3"
"FLOT1","PARD3"
"PARD3","VASP"
"MAP3K5","USP9X"
"SNRPB","USP9X"
"FBXW7","USP9X"
"IRS1","USP9X"
"BIRC5","USP9X"
"TERF2","USP9X"
"CUL3","USP9X"
"GRK5","USP9X"
"AURKA","USP9X"
"MCM2","USP9X"
"POU5F1","USP9X"
"SUV39H1","USP9X"
"RECQL4","USP9X"
"KIF14","USP9X"
"KRT8","USP9X"
"GATA3","USP9X"
"RHOBTB1","USP9X"
"HMGA1","USP9X"
"PRMT1","USP9X"
"BAP1","USP9X"
"IRAK1","USP9X"
"RUFY1","USP9X"
"STIP1","USP9X"
"DAXX","MCRS1"
"DAXX","MAP3K5"
"DAXX","RPL13"
"DAXX","DAXX"
"DAXX","HSPB1"
"BUB1B","DAXX"
"DAXX","HIST1H3C"
"CUL3","DAXX"
"DAXX","PRMT1"
"DAXX","SUV39H1"
"DAXX","SUPT16H"
"CBX5","DAXX"
"DAXX","SETD1A"
"CHD4","DAXX"
"DAXX","SF3B2"
"DAXX","H3F3B"
"CLK2","DAXX"
"DAXX","TRIM27"
"DAXX","GRK5"
"DAXX","PIBF1"
"CSNK2B","DAXX"
"DAXX","SSRP1"
"DAXX","TNIP1"
"RNF40","RNF40"
"PLCG1","RNF40"
"PSMC3","RNF40"
"RNF40","THOC1"
"RBM15","RNF40"
"PKN1","RNF40"
"AKT1","RNF40"
"CAPZB","RNF40"
"RNF40","TRAF2"
"RNF40","UPF1"
"RNF40","RUFY1"
"RNF40","USP10"
"RNF40","TERF2"
"EWSR1","RNF40"
"RNF40","SUPT5H"
"RHOBTB1","RNF40"
"SPAG5","TSHZ3"
"PKN1","SPAG5"
"COPS7B","SPAG5"
"PLK1","SPAG5"
"GSK3B","SPAG5"
"PSMD14","SPAG5"
"KIF14","SPAG5"
"AURKB","SPAG5"
"KRT8","SPAG5"
"SPAG5","VASP"
"SPAG5","TSC1"
"CUL3","SPAG5"
"PIBF1","PIBF1"
"PIBF1","PICK1"
"PIBF1","TSHZ3"
"PIBF1","TRAF2"
"KIFC3","PIBF1"
"PIBF1","TNIP1"
"PIBF1","RNF151"
"MCRS1","PIBF1"
"PIBF1","ZNF250"
"DAXX","PIBF1"
"PIBF1","TRIM27"
"PIBF1","SHMT2"
"PIBF1","TRAF5"
"KRT8","PIBF1"
"PIBF1","VPS33B"
"IRS1","YWHAE"
"CHAF1A","YWHAE"
"HSP90AB1","YWHAE"
"HNRNPA2B1","YWHAE"
"PARD3","YWHAE"
"MARK3","YWHAE"
"ABLIM1","YWHAE"
"ARAF","YWHAE"
"TSC1","YWHAE"
"VASP","YWHAE"
"CENPE","YWHAE"
"SHMT2","YWHAE"
"ECH1","YWHAE"
"MAP3K5","YWHAE"
"YWHAE","YWHAE"
"CAD","YWHAE"
"TAF4","YWHAE"
"EIF3A","YWHAE"
"SF3B2","YWHAE"
"BRD1","YWHAE"
"MAP2K2","YWHAE"
"RBM15","YWHAE"
"HIVEP1","YWHAE"
"USP21","YWHAE"
"CENPJ","YWHAE"
"KRT8","YWHAE"
"KIF14","YWHAE"
"CBX4","YWHAE"
"CUL3","YWHAE"
"CDK2","YWHAE"
"AKT1","YWHAE"
"PAK2","YWHAE"
"HSPB1","YWHAE"
"PGK1","YWHAE"
"MCM2","YWHAE"
"COPE","YWHAE"
"PRC1","YWHAE"
"RECQL4","YWHAE"
"BAP1","YWHAE"
"FBXW7","YWHAE"
"NBR1","YWHAE"
"PER2","YWHAE"
"CAPZB","YWHAE"
"IGF2BP3","YWHAE"
"PRMT1","YWHAE"
"HMGA1","YWHAE"
"HDGF","YWHAE"
"RUFY1","YWHAE"
"STIP1","YWHAE"
"AURKB","YWHAE"
"CDK3","YWHAE"
"TNIP1","YWHAE"
"SF3B2","THOC1"
"SF3B2","VASP"
"PRPF40A","SF3B2"
"PRPF3","SF3B2"
"COPE","SF3B2"
"PSPC1","SF3B2"
"PPP4C","SF3B2"
"DDX42","SF3B2"
"CHD4","SF3B2"
"NCAPD2","SF3B2"
"CNDP2","SF3B2"
"DCTN4","SF3B2"
"CUL3","SF3B2"
"SF3B2","TERF2"
"SF3B2","TOPBP1"
"PRC1","SF3B2"
"CHD3","SF3B2"
"RECQL4","SF3B2"
"EWSR1","SF3B2"
"KIF14","SF3B2"
"SF3B2","YWHAE"
"FXR2","SF3B2"
"RNF151","SF3B2"
"DAXX","SF3B2"
"PABPC5","SF3B2"
"SF3B2","SNRPB"
"FBXW7","SF3B2"
"BAP1","SF3B2"
"CSNK2B","SF3B2"
"PRMT1","SF3B2"
"HSP90AB1","SF3B2"
"HNRNPA2B1","SF3B2"
"MCM7","SF3B2"
"MCM2","SF3B2"
"KPNA2","SF3B2"
"PPP1CA","SF3B2"
"SF3B2","TRAP1"
"SF3B2","STIP1"
"SF3B2","TNIP1"
"EIF4ENIF1","FDPS"
"EIF4ENIF1","KIAA0430"
"EIF4ENIF1","UPF1"
"EIF4ENIF1","PRMT1"
"EIF4ENIF1","KPNA2"
"EIF4ENIF1","FTSJ3"
"EIF4ENIF1","HDGF"
"AURKB","EIF4ENIF1"
"EIF4ENIF1","EWSR1"
"EIF4ENIF1","FXR2"
"EIF4ENIF1","LSM4"
"EIF4ENIF1","MKRN2"
"EIF4ENIF1","ZFP36"
"EIF4ENIF1","SDCCAG3"
"EIF4ENIF1","RHOT2"
"EIF4ENIF1","EIF4G1"
"EIF3A","EIF4ENIF1"
"EIF4ENIF1","KRT8"
"EIF4ENIF1","VPS33B"
"CAPZB","EIF4ENIF1"
"EIF4ENIF1","GSK3B"
"EIF4ENIF1","NFKBIA"
"CHD3","SDCCAG3"
"DNAJC7","SDCCAG3"
"SDCCAG3","STIP1"
"SDCCAG3","TNIP1"
"KIF14","SDCCAG3"
"EIF4ENIF1","SDCCAG3"
"AURKA","SDCCAG3"
"CENPJ","SDCCAG3"
"RECQL4","SDCCAG3"
"GSK3B","SDCCAG3"
"PLK1","SDCCAG3"
"KIAA0430","SDCCAG3"
"AURKB","SDCCAG3"
"KRT8","SDCCAG3"
"PARD3","SDCCAG3"
"SDCCAG3","VASP"
"SDCCAG3","VPS33B"
"CAPZB","SDCCAG3"
"CAD","KRT8"
"CENPJ","KRT8"
"KIF14","KRT8"
"KRT8","PIBF1"
"KRT8","PSMC3"
"KRT8","PSMC4"
"KRT8","SDCCAG3"
"KRT8","TNIP1"
"BUB1B","KRT8"
"EIF4ENIF1","KRT8"
"KRT8","NBR1"
"KRT8","PLK1"
"KRT8","SPAG5"
"KRT8","USP9X"
"KRT8","XPOT"
"KRT8","YWHAE"
"KRT2","KRT8"
"KRT8","KRT8"
"IKBKG","KRT8"
"KPNA2","KRT8"
"CHD3","KRT8"
"CUL3","KRT8"
"BAP1","KRT8"
"KIFC3","KRT8"
"RBCK1","RBCK1"
"MKRN2","RBCK1"
"PRKCA","RBCK1"
"IKBKG","RBCK1"
"RBCK1","TNIP1"
"HMGA2","RBCK1"
"RBCK1","SLC25A1"
"RBCK1","TOMM34"
"POLD1","RBCK1"
"PICK1","RBCK1"
"RBCK1","USP21"
"CUL3","RBCK1"
"RBCK1","XPOT"
"RBCK1","TRAF2"
"AKT1","TSC1"
"TSC1","TSC1"
"EIF3A","TSC1"
"HOOK2","TSC1"
"PICK1","TSC1"
"SPAG5","TSC1"
"PLK1","TSC1"
"GSK3B","TSC1"
"TSC1","YWHAE"
"HSP90AB1","TSC1"
"CUL5","TSC1"
"AURKA","TSC1"
"ARAF","TSC1"
"TSC1","TSHZ3"
"PRC1","TSC1"
"FBXW7","TSC1"
"CUL3","TSC1"
"KLF15","SUV39H1"
"HIVEP1","KLF15"
"KLF15","TAF4"
"KLF15","NCOA1"
"KLF15","TSHZ3"
"KLF15","NFRKB"
"KLF15","PBRM1"
"FTSJ3","KLF15"
"KLF15","MED15"
"GLTSCR2","KLF15"
"KLF15","ZHX1"
"IGF2BP3","KLF15"
"KLF15","PSMC3"
"EIF3A","KLF15"
"KLF15","MYBBP1A"
"ATAD3A","KLF15"
"PSMD11","ZHX1"
"PSMD11","PSMD13"
"PSMD11","PSMD14"
"PSMD11","PSMD2"
"PSMD11","PSMD11"
"PSMD11","PSME4"
"PSMC3","PSMD11"
"PSMC4","PSMD11"
"PRMT5","PSMD11"
"HSP90AB1","PSMD11"
"CAD","PSMD11"
"EIF4G1","PSMD11"
"CDK2","PSMD11"
"GRK5","PSMD11"
"BAP1","PSMD11"
"PSMD11","PTPN6"
"PSMD11","RECQL4"
"PSMD11","UBQLN4"
"ARNTL","PSMD11"
"PSMD11","VPS33B"
"PRMT1","PSMD11"
"PSMD11","STIP1"
"FBXW7","PSMD11"
"PSMD11","RNF130"
"SHMT2","TPM3"
"POLR1A","SHMT2"
"DDX41","SHMT2"
"HIST1H2BO","SHMT2"
"PMPCB","SHMT2"
"PSMC3","SHMT2"
"CS","SHMT2"
"INTS6","SHMT2"
"PIBF1","SHMT2"
"AQR","SHMT2"
"CHD3","SHMT2"
"COPE","SHMT2"
"SHMT2","SUPT5H"
"PRMT1","SHMT2"
"SHMT2","SHMT2"
"CUL3","SHMT2"
"CUL5","SHMT2"
"SHMT2","YWHAE"
"PPM1G","SHMT2"
"DCTN4","SHMT2"
"P4HA1","SHMT2"
"HSP90AB1","SHMT2"
"KIF14","SHMT2"
"SHMT2","TUFM"
"SHMT2","TRAP1"
"AURKA","SHMT2"
"BAP1","SHMT2"
"MAP2K2","SHMT2"
"AP2M1","FXR2"
"AP1B1","AP2M1"
"AP2M1","KRT2"
"AP2M1","CSNK2B"
"AP2M1","AP2M1"
"AP2M1","HNRNPA2B1"
"AP2M1","CLK2"
"AP2M1","CUL3"
"AP2M1","KIF14"
"AP2M1","HOOK2"
"AP2M1","PAK2"
"AP2M1","BAP1"
"AP2M1","TNIP1"
"TRAF2","ZFP36"
"HNRNPA2B1","ZFP36"
"FBXW7","ZFP36"
"EIF4ENIF1","ZFP36"
"KIAA0430","ZFP36"
"MKRN2","ZFP36"
"UPF1","ZFP36"
"AP1B1","ZFP36"
"AP1B1","AP2M1"
"AP1B1","ENO1"
"AP1B1","CUL3"
"AP1B1","CDK2"
"AP1B1","RECQL4"
"AP1B1","GSK3B"
"AP1B1","ZFP36"
"AP1B1","KIF14"
"AP1B1","HNRNPA2B1"
"AP1B1","BAP1"
"AP1B1","STIP1"
"KRT2","POU5F1"
"HDGF","KRT2"
"CUL3","KRT2"
"CUL5","KRT2"
"AP2M1","KRT2"
"EWSR1","KRT2"
"KRT2","MCM2"
"KRT2","MCM5"
"CHD3","KRT2"
"CHD4","KRT2"
"ARAF","KRT2"
"BAP1","KRT2"
"KRT2","KRT8"
"CCT6B","CLTCL1"
"CLTCL1","CUL3"
"CLTCL1","ENO1"
"CLTCL1","GLTSCR2"
"CLTCL1","PTPN6"
"AURKB","CLTCL1"
"CLTCL1","KIF14"
"CLTCL1","PRC1"
"ARAF","MAP2K2"
"MAP2K2","MAP2K2"
"HSP90AB1","MAP2K2"
"MAP2K2","YWHAE"
"MAP2K2","PGK1"
"MAP2K2","SHMT2"
"MAP2K2","UTP3"
"MAP2K2","RHOBTB1"
"MAP2K2","STIP1"
"ATAD3A","TIMM50"
"PHB2","TIMM50"
"CUL3","TIMM50"
"CBX5","TIMM50"
"ARAF","TIMM50"
"IRAK1","TIMM50"
"MCM2","TIMM50"
"RECQL4","TIMM50"
"DCTN4","TIMM50"
"BRD1","TIMM50"
"NFKBIA","TIMM50"
"FBXW7","TIMM50"
"RUFY1","TIMM50"
"STIP1","TIMM50"
"P4HA1","XPOT"
"USP5","XPOT"
"RBCK1","XPOT"
"CUL5","XPOT"
"NFRKB","XPOT"
"BET1","XPOT"
"HSPB1","XPOT"
"ARAF","XPOT"
"KRT8","XPOT"
"FBXW7","XPOT"
"RHOBTB1","XPOT"
"CUL3","XPOT"
"IRAK1","XPOT"
"RUFY1","XPOT"
"STIP1","XPOT"
"RPL32","TUFM"
"PHB2","TUFM"
"TUFM","USP5"
"ATAD3A","TUFM"
"CS","TUFM"
"NDUFA9","TUFM"
"OGDH","TUFM"
"SHMT2","TUFM"
"TUFM","ZC3H4"
"HCFC1","TUFM"
"CUL3","TUFM"
"PSMD2","TUFM"
"PPP2R2B","TUFM"
"CUL5","TUFM"
"CDK2","TUFM"
"GRK5","TUFM"
"MCM2","TUFM"
"COPE","TUFM"
"RECQL4","TUFM"
"P4HA1","TUFM"
"ARAF","TUFM"
"AURKB","TUFM"
"KIF14","TUFM"
"PRC1","TUFM"
"FBXW7","TUFM"
"PLK1","TUFM"
"PRMT1","TUFM"
"HSP90AB1","TUFM"
"FDPS","TUFM"
"BAP1","TUFM"
"RUFY1","TUFM"
"STIP1","TUFM"
"TNIP1","TUFM"
"CAD","SMARCA4"
"CAD","MCM7"
"CAD","PSMC3"
"CAD","PSMC4"
"CAD","PSMD2"
"CAD","EIF4G1"
"CAD","PSMD13"
"CAD","CAD"
"CAD","CUL3"
"CAD","CDK2"
"CAD","DNAJC7"
"CAD","MCM2"
"CAD","POU5F1"
"CAD","POLD1"
"CAD","RECQL4"
"CAD","IRF7"
"CAD","EWSR1"
"CAD","GSK3B"
"ARAF","CAD"
"CAD","SRC"
"CAD","YWHAE"
"CAD","USP10"
"CAD","FLOT1"
"CAD","KRT8"
"CAD","POLR2C"
"CAD","FBXW7"
"CAD","NBR1"
"BAP1","CAD"
"CAD","RHOBTB1"
"CAD","CAPZB"
"CAD","PRMT1"
"CAD","PSMD11"
"CAD","IRAK1"
"CAD","RUFY1"
"CAD","STIP1"
"CAD","TNIP1"
"ATAD3A","HDGF"
"HDGF","HIST1H3C"
"HDGF","HNRNPA2B1"
"HDGF","KPNA2"
"HDGF","MYBBP1A"
"HDGF","RPL32"
"HDGF","SSRP1"
"HDGF","SUPT16H"
"HDGF","HMGA2"
"HDGF","KRT2"
"HDGF","PRMT5"
"HDGF","YWHAE"
"CNDP2","HDGF"
"ENO1","HDGF"
"EWSR1","HDGF"
"EIF4ENIF1","HDGF"
"CAPZB","HDGF"
"BAP1","HDGF"
"ARAF","HDGF"
"HDGF","TNIP1"
"IRF7","IRF7"
"IRF3","IRF7"
"ARAF","IRF7"
"IRAK1","IRF7"
"IRF7","P4HA1"
"CAD","IRF7"
"CCT5","IRF7"
"IRF7","KPNA2"
"BRD1","YWHAE"
"BRD1","PBRM1"
"BRD1","KPNA2"
"BRD1","CHD3"
"BRD1","CHD4"
"BRD1","PHB2"
"BRD1","TIMM50"
"ARAF","BRD1"
"BRD1","IRAK1"
"BRD1","TRAF2"
"BRD1","POLR2C"
"BRD1","SIRT1"
"AURKB","BRD1"
"BRD1","POLD1"
"BRD1","PICK1"
"BRD1","HIST1H2BO"
"BRD1","HIST1H3C"
"HIST1H2BH","UTP3"
"HIST1H2BH","MCRS1"
"HIST1H2BH","HIST1H2BO"
"HIST1H2BH","HMGA2"
"HIST1H2BH","HNRNPA2B1"
"HIST1H2BH","TAF4"
"HIST1H2BH","HSP90AB1"
"HIST1H2BH","SUPT16H"
"HIST1H2BH","HIST1H2BH"
"HIST1H2BH","MCM2"
"HIST1H2BH","MCM5"
"CHD3","HIST1H2BH"
"CHD4","HIST1H2BH"
"HIST1H2BH","PSMD14"
"HIST1H2BH","HIVEP1"
"HIST1H2BH","STIP1"
"CAPZB","HIST1H2BH"
"HIST1H2BH","HMGA1"
"HIST1H2BH","TERF2"
"HIST1H2BH","RUFY1"
"ENO1","HIST1H2BH"
"HIST1H2BH","SSRP1"
"ENO1","ENO2"
"ENO2","TRAP1"
"CUL3","ENO2"
"CDK2","ENO2"
"AKT1","ENO2"
"ENO2","PGK1"
"ENO2","STIP1"
"CENPJ","ENO2"
"CS","ENO2"
"BAP1","ENO2"
"CBX5","SUV39H1"
"CBX5","CHAF1A"
"CBX5","SMARCA4"
"CBX5","TAF4"
"CBX5","CBX5"
"CBX5","CHD4"
"AURKB","CBX5"
"CBX5","KPNA2"
"CBX5","TIMM50"
"CBX5","STAT5A"
"BAP1","CBX5"
"CBX5","DAXX"
"CBX5","NCOA1"
"BIRC5","CBX5"
"CBX5","ENO1"
"CBX5","KIF14"
"CBX5","PRC1"
"CBX5","H3F3B"
"CBX5","HIST1H3C"
"CBX5","HMGA1"
"CBX5","CUL3"
"CBX5","RECQL"
"HNRNPA2B1","RPS28"
"RPS28","RPS28"
"CUL3","RPS28"
"CUL5","RPS28"
"CDK2","RPS28"
"RPL13","RPS28"
"RPS18","RPS28"
"MCM2","RPS28"
"COPE","RPS28"
"CHD3","RPS28"
"RECQL4","RPS28"
"KIF14","RPS28"
"PRC1","RPS28"
"CAPZB","RPS28"
"ARL10","RPS28"
"BAP1","RPS28"
"RPS28","TNIP1"
"ARHGEF1","ARHGEF1"
"ARHGEF1","WBP11"
"ARHGEF1","PSMC3"
"ARHGEF1","FBXW7"
"ARHGEF1","LIG1"
"ARHGEF1","MCM5"
"ARHGEF1","CAPZB"
"PPP1CA","WBP11"
"MCRS1","WBP11"
"EWSR1","WBP11"
"CHD4","WBP11"
"LSM4","WBP11"
"ARHGEF1","WBP11"
"SUPT5H","WBP11"
"PPM1G","WBP11"
"CDK2","LIG1"
"LIG1","POLD1"
"LIG1","MCM5"
"LIG1","USP5"
"ARHGEF1","LIG1"
"CFL1","LIG1"
"HSPB1","LIG1"
"AURKA","LIG1"
"LIG1","THOC1"
"MCM2","MCM5"
"MCM5","MCM7"
"HSP90AB1","MCM5"
"COPE","MCM5"
"MCM5","PRMT5"
"HNRNPA2B1","MCM5"
"H3F3B","MCM5"
"MCM5","PELP1"
"MCM5","NAT10"
"CFL1","MCM5"
"KRT2","MCM5"
"MCM5","RPS18"
"ENO1","MCM5"
"MCM5","PHB2"
"HIST1H2BO","MCM5"
"HIST1H2BH","MCM5"
"MCM5","PPP1CA"
"ARHGEF1","MCM5"
"MCM5","SSRP1"
"MCM5","MYBBP1A"
"CHD3","MCM5"
"MCM5","RECQL4"
"IKBKG","MCM5"
"MCM5","PLK1"
"KIF14","MCM5"
"MCM5","PRC1"
"MCM5","NFKBIA"
"MCM5","PRMT1"
"CUL3","MCM5"
"LIG1","MCM5"
"BAP1","MCM5"
"MCM5","STIP1"
"MCM5","TNIP1"
"CAPZB","HIST1H2BH"
"CAPZB","DCTN4"
"CAPZB","CS"
"CAPZB","HSP90AB1"
"CAPZB","TPM3"
"CAPZB","TTC4"
"CAPZB","IGF2BP3"
"CAPZB","COPE"
"CAPZB","CCT5"
"CAPZB","MCM2"
"CAPZB","HDGF"
"CAPZB","VASP"
"CAPZB","KPNA2"
"CAPZB","STIP1"
"AKT1","CAPZB"
"CAPZB","CFL1"
"CAPZB","HNRNPA2B1"
"CAPZB","EIF4ENIF1"
"CAPZB","POLR1A"
"CAPZB","POLD1"
"CAPZB","MARK3"
"CAPZB","SDCCAG3"
"CAPZB","EWSR1"
"CAPZB","RPL13"
"CAD","CAPZB"
"CAPZB","RPL32"
"CAPZB","PRMT1"
"CAPZB","FN3KRP"
"CAPZB","CLPB"
"CAPZB","UPF1"
"CAPZB","ZHX1"
"CAPZB","KIAA0430"
"CAPZB","UBQLN4"
"CAPZB","DBNL"
"CAPZB","EIF3A"
"CAPZB","PPP1CA"
"CAPZB","YWHAE"
"CAPZB","RPS18"
"CAPZB","RPS28"
"CAPZB","EIF4G1"
"CAPZB","CSNK2B"
"ARHGEF1","CAPZB"
"CAPZB","RUFY1"
"CAPZB","PSMD13"
"CAPZB","PPP2R2B"
"CAPZB","CDK2"
"CAPZB","SLC25A1"
"CAPZB","RECQL4"
"CAPZB","KIF14"
"CAPZB","PRC1"
"CAPZB","PER2"
"CAPZB","CUL3"
"CAPZB","RNF40"
"BAP1","CAPZB"
"CAPZB","TNIP1"
"PLCG1","SRC"
"AKT1","PLCG1"
"PLCG1","PTPN6"
"PLCG1","PLCG1"
"GPS1","PLCG1"
"COPS7B","PLCG1"
"PLCG1","RNF40"
"HSP90AB1","PLCG1"
"MARK3","PMPCB"
"MARK3","YWHAE"
"MARK3","MARK3"
"CAPZB","MARK3"
"MARK3","PPM1G"
"MARK3","TPX2"
"MARK3","USP21"
"MARK3","TERF2"
"FLOT1","MARK3"
"MARK3","PARD3"
"MARK3","PPP2R2B"
"MARK3","TNIP1"
"MARK3","USP21"
"USP21","USP21"
"BAP1","USP21"
"RBCK1","USP21"
"GATA3","USP21"
"AURKA","USP21"
"CUL3","USP21"
"USP21","YWHAE"
"TNIP1","VPS33B"
"ABLIM1","VPS33B"
"EIF4ENIF1","VPS33B"
"KIF14","VPS33B"
"PIBF1","VPS33B"
"PSMD11","VPS33B"
"SDCCAG3","VPS33B"
"COMMD1","VPS33B"
"RHOT2","VPS33B"
"PLOD3","VPS33B"
"ATAD3A","VPS33B"
"FTSJ3","SUPT5H"
"CUL3","FTSJ3"
"FTSJ3","GRK5"
"FTSJ3","MYBBP1A"
"FTSJ3","NFIA"
"FTSJ3","PSMC4"
"FTSJ3","ZNF71"
"FTSJ3","GLTSCR2"
"CHD3","FTSJ3"
"CHD4","FTSJ3"
"AURKB","FTSJ3"
"BET1","FTSJ3"
"FTSJ3","KIF14"
"FTSJ3","PRC1"
"FTSJ3","RPL13"
"FTSJ3","RNF151"
"EIF4ENIF1","FTSJ3"
"FTSJ3","KLF15"
"CSNK2B","FTSJ3"
"FTSJ3","PSPC1"
"BAP1","FTSJ3"
"FTSJ3","TNIP1"
"EIF4ENIF1","KIAA0430"
"KIAA0430","PRMT1"
"KIAA0430","MKRN2"
"KIAA0430","SDCCAG3"
"KIAA0430","UPF1"
"KIAA0430","TERF2"
"KIAA0430","PPP1CA"
"FXR2","KIAA0430"
"KIAA0430","ZFP36"
"CAPZB","KIAA0430"
"HNRNPA2B1","KIAA0430"
"CUL3","KIAA0430"
"FOS","NCOA1"
"FOS","FOS"
"DET1","FOS"
"FOS","SMARCA4"
"FOS","NFIA"
"FOS","TPM3"
"FOS","HIVEP1"
"FOS","SMARCB1"
"FOS","PBRM1"
"FOS","SIRT1"
"GATA3","USP21"
"FBXW7","GATA3"
"GATA3","PBRM1"
"GATA3","PRPF40A"
"GATA3","HIVEP1"
"GATA3","SMARCB1"
"GATA3","NFIA"
"GATA3","SATB2"
"GATA3","USP9X"
"GATA3","PAK1IP1"
"CDK2","GATA3"
"DAXX","HIST1H3C"
"CBX5","HIST1H3C"
"HIST1H3C","SUPT16H"
"CHAF1A","HIST1H3C"
"HIST1H3C","MCM2"
"HIST1H3C","TSHZ3"
"HIST1H3C","TPX2"
"CSNK2B","HIST1H3C"
"HIST1H3C","NAT10"
"HIST1H3C","SMARCB1"
"HIST1H3C","TOPBP1"
"BIRC5","HIST1H3C"
"HIST1H3C","KPNA2"
"HIST1H3C","PBRM1"
"BRD1","HIST1H3C"
"AURKB","HIST1H3C"
"HIST1H3C","SUV39H1"
"CHD3","HIST1H3C"
"HDGF","HIST1H3C"
"HIST1H3C","SMARCA4"
"HIST1H3C","RECQL"
"CHD4","HIST1H3C"
"HIST1H3C","SSRP1"
"CBX4","HIST1H3C"
"FOXK2","HIST1H3C"
"HIST1H3C","HIVEP1"
"HIST1H3C","NFRKB"
"BAP1","HIST1H3C"
"PKN1","TRAF2"
"PKN1","PKN1"
"PKN1","PPM1G"
"PKN1","TRIM27"
"NUP85","PKN1"
"PKN1","SPAG5"
"PICK1","PKN1"
"PKN1","RNF40"
"ARL10","PKN1"
"CSNK2B","ZC3H4"
"SUPT5H","ZC3H4"
"TUFM","ZC3H4"
"TPX2","ZC3H4"
"SNRPB","ZC3H4"
"SSRP1","ZC3H4"
"PRMT1","ZC3H4"
"CUL3","ZC3H4"
"BAP1","ZC3H4"
"AURKB","ZC3H4"
"NDUFA9","PGK1"
"NDUFA9","PHB2"
"NDUFA9","RECQL4"
"NDUFA9","P4HA1"
"GSK3B","NDUFA9"
"AURKB","NDUFA9"
"KIF14","NDUFA9"
"NDUFA9","PRC1"
"CS","NDUFA9"
"NDUFA9","PMPCB"
"NDUFA9","TUFM"
"CUL3","NDUFA9"
"IRAK1","NDUFA9"
"BRD1","HIST1H2BO"
"HIST1H2BH","HIST1H2BO"
"HIST1H2BO","HIST1H2BO"
"HIST1H2BO","HMGA1"
"HIST1H2BO","SHMT2"
"HIST1H2BO","MCM2"
"HIST1H2BO","MCM5"
"HIST1H2BO","PSMD14"
"AKT1","HIST1H2BO"
"HMGA1","TERF2"
"HIST1H2BH","HMGA1"
"HMGA1","SUPT5H"
"HMGA1","MCM7"
"HMGA1","MCM2"
"HMGA1","SMARCA4"
"CBX5","HMGA1"
"HCFC1","HMGA1"
"HMGA1","TPX2"
"HMGA1","SMARCB1"
"CHD4","HMGA1"
"CUL3","HMGA1"
"HMGA1","PBRM1"
"HMGA1","USP10"
"HMGA1","USP9X"
"HMGA1","YWHAE"
"HMGA1","HMGA2"
"HMGA1","LSM4"
"HMGA1","MED15"
"HIST1H2BO","HMGA1"
"EWSR1","HMGA1"
"HMGA1","PRKCA"
"CDK2","HMGA1"
"HMGA1","POU5F1"
"ARNTL","HMGA1"
"HMGA1","KIF14"
"HMGA1","PRC1"
"HMGA1","PER2"
"HMGA1","IGF2BP3"
"HMGA1","TNIP1"
"SIRT1","SUV39H1"
"E2F1","SIRT1"
"ARNTL","SIRT1"
"KPNA2","SIRT1"
"NAT10","SIRT1"
"CSNK2B","SIRT1"
"FOS","SIRT1"
"AKT1","SIRT1"
"RECQL4","SIRT1"
"CHD3","SIRT1"
"SIRT1","SIRT1"
"IRS1","SIRT1"
"PRMT1","SIRT1"
"SIRT1","TOPBP1"
"CDK2","SIRT1"
"FBXW7","SIRT1"
"EWSR1","SIRT1"
"BRD1","SIRT1"
"CUL3","SIRT1"
"PER2","PPP1CA"
"ARNTL","PER2"
"PER2","PRKCA"
"PER2","YWHAE"
"HNRNPA2B1","PER2"
"PER2","PSMC4"
"ENO1","PER2"
"HMGA1","PER2"
"PER2","PGK1"
"CAPZB","PER2"
"CS","PER2"
"CSNK2B","PER2"
"HIVEP1","HIVEP1"
"HIST1H2BH","HIVEP1"
"HIVEP1","SUPT5H"
"FXR2","HIVEP1"
"FOS","HIVEP1"
"GATA3","HIVEP1"
"HIVEP1","KLF15"
"HIVEP1","NFIA"
"HIVEP1","YWHAE"
"HIST1H3C","HIVEP1"
"IRF3","IRF7"
"IRF3","IRF3"
"AKT1","IRF3"
"IRF3","TRAF2"
"IRF3","PSMD14"
"FLOT1","IRF3"
"IRF3","KPNA2"
"EWSR1","IRF3"
"IRF3","NBR1"
"CCT5","PPP4C"
"PLOD3","PPP4C"
"ATAD3A","PPP4C"
"IKBKG","PPP4C"
"PPP4C","SUPT5H"
"CCT6B","PPP4C"
"PPP2R2D","PPP4C"
"PPP2R2B","PPP4C"
"CUL3","PPP4C"
"PPP4C","SF3B2"
"MCM2","PPP4C"
"MAP3K5","MAP3K5"
"MAP3K5","TRAF5"
"MAP3K5","TRAF2"
"DAXX","MAP3K5"
"MAP3K5","USP9X"
"MAP3K5","PSMC4"
"MAP3K5","PSMC3"
"ATAD3A","MAP3K5"
"MAP3K5","PRMT1"
"MAP3K5","MCRS1"
"AKT1","MAP3K5"
"CDK2","MAP3K5"
"AURKA","MAP3K5"
"MAP3K5","YWHAE"
"CUL3","MAP3K5"
"EIF4ENIF1","MKRN2"
"MKRN2","UPF1"
"MKRN2","USP10"
"KIAA0430","MKRN2"
"ATP6V0D1","MKRN2"
"E2F1","MKRN2"
"MKRN2","NOTCH2"
"MKRN2","PARD3"
"MKRN2","PRKCA"
"MKRN2","SATB2"
"MKRN2","VASP"
"IGF2BP3","MKRN2"
"MKRN2","RBCK1"
"MKRN2","ZFP36"
"GLTSCR2","MKRN2"
"MKRN2","PABPC5"
"CUL3","MKRN2"
"MKRN2","STIP1"
"GATA1","SMARCA4"
"GATA1","SMARCB1"
"GATA1","HSPB1"
"GATA1","PRPF40A"
"GATA1","SATB2"
"AKT1","GATA1"
"ATP6V0D1","GATA1"
"SMARCA4","SMARCB1"
"SMARCB1","SMARCB1"
"PPP1CA","SMARCB1"
"AKT1","SMARCB1"
"PRMT5","SMARCB1"
"HOOK2","SMARCB1"
"SMARCB1","TRIM27"
"PICK1","SMARCB1"
"PBRM1","SMARCB1"
"KPNA2","SMARCB1"
"CHD3","SMARCB1"
"CHAF1A","SMARCB1"
"CHD4","SMARCB1"
"SMARCB1","SUPT16H"
"PI4KA","SMARCB1"
"ATP6V0D1","SMARCB1"
"GATA1","SMARCB1"
"SMARCB1","UBQLN4"
"CUL3","SMARCB1"
"RECQL4","SMARCB1"
"HCFC1","SMARCB1"
"FOS","SMARCB1"
"GATA3","SMARCB1"
"HMGA1","SMARCB1"
"SMARCB1","SSRP1"
"SMARCB1","USP5"
"HIST1H3C","SMARCB1"
"ATP6V0D1","EIF3A"
"ATP6V0D1","GATA1"
"ATP6V0D1","PAK2"
"ATP6V0D1","KIF14"
"ATP6V0D1","PRC1"
"ATP6V0D1","MKRN2"
"ATP6V0D1","SMARCB1"
"AQR","SHMT2"
"AQR","SRC"
"AQR","SUPT5H"
"AQR","PRC1"
"AQR","CHD4"
"AQR","PABPC5"
"AQR","SNRPB"
"AQR","SSRP1"
"AQR","PRMT1"
"COMMD1","NFKBIA"
"COMMD1","CUL3"
"COMMD1","CUL5"
"AKT1","COMMD1"
"COMMD1","COMMD1"
"COMMD1","TFDP1"
"COMMD1","VPS33B"
"COMMD1","SSRP1"
"COMMD1","SUPT16H"
"AURKB","BIRC5"
"BIRC5","BIRC5"
"BIRC5","CDK2"
"BIRC5","USP9X"
"AURKA","BIRC5"
"BIRC5","KIF14"
"BIRC5","PRC1"
"BIRC5","HIST1H3C"
"BIRC5","CBX5"
"BIRC5","FBXW7"
"PRPF3","PRPF3"
"PRPF3","PRPF4"
"PRPF3","SUPT16H"
"PRPF3","SF3B2"
"LSM4","PRPF3"
"PRPF3","SNRPB"
"PRPF3","RPL32"
"PRPF3","RNF151"
"AURKB","PRPF3"
"POU5F1","PRPF3"
"CHD3","PRPF3"
"CHD4","PRPF3"
"KIF14","PRPF3"
"PRPF3","SSRP1"
"PRPF3","TNIP1"
"AARS","CDK2"
"AARS","HSP90AB1"
"AARS","ENO1"
"AARS","AURKB"
"AARS","GSK3B"
"AARS","KIF14"
"AARS","PRC1"
"AARS","FBXW7"
"AARS","NBR1"
"AARS","PRMT1"
"AARS","CUL3"
"AARS","BAP1"
"AARS","TNIP1"
"AARS","RNF130"
"MYBBP1A","POLR1A"
"FTSJ3","MYBBP1A"
"MCM5","MYBBP1A"
"MYBBP1A","RPL32"
"MYBBP1A","UPF1"
"MYBBP1A","PAK1IP1"
"MYBBP1A","RPL13"
"HDGF","MYBBP1A"
"CUL3","MYBBP1A"
"GRK5","MYBBP1A"
"CHD3","MYBBP1A"
"CHD4","MYBBP1A"
"MYBBP1A","RECQL4"
"AURKB","MYBBP1A"
"KIF14","MYBBP1A"
"MYBBP1A","PRC1"
"MYBBP1A","NBR1"
"GLTSCR2","MYBBP1A"
"MYBBP1A","RNF151"
"FBXW7","MYBBP1A"
"KLF15","MYBBP1A"
"MYBBP1A","PSPC1"
"MYBBP1A","PRMT1"
"BAP1","MYBBP1A"
"MYBBP1A","STIP1"
"MYBBP1A","TNIP1"
"PFKL","PFKL"
"DNAJC7","PFKL"
"PFKL","TERF2"
"PFKL","PRPF40A"
"PFKL","PSMD2"
"AURKB","PFKL"
"PFKL","PRC1"
"PFKL","POLR2C"
"FBXW7","PFKL"
"BAP1","PFKL"
"PFKL","RUFY1"
"PFKL","TNIP1"
"ATAD3A","PHB2"
"ATAD3A","VPS33B"
"ATAD3A","PPP4C"
"ATAD3A","HDGF"
"ATAD3A","CUL3"
"ATAD3A","PRPF40A"
"ATAD3A","MAP3K5"
"ATAD3A","MCM2"
"ATAD3A","PPP1CA"
"ATAD3A","PPP2R2D"
"ATAD3A","CHD3"
"ATAD3A","CHD4"
"ATAD3A","RECQL4"
"ATAD3A","AURKB"
"ATAD3A","KIF14"
"ATAD3A","CS"
"ATAD3A","TUFM"
"ATAD3A","TRAP1"
"ATAD3A","KLF15"
"ATAD3A","RUFY1"
"ATAD3A","STIP1"
"ATAD3A","TIMM50"
"TPM3","TPM3"
"TPM3","TRAP1"
"PSMD2","TPM3"
"PSMD13","TPM3"
"CUL3","TPM3"
"CDK2","TPM3"
"THOC1","TPM3"
"HSPB1","TPM3"
"HSP90AB1","TPM3"
"KIFC3","TPM3"
"TPM3","TRIM27"
"SHMT2","TPM3"
"HOOK2","TPM3"
"MCM2","TPM3"
"SRC","TPM3"
"AURKB","TPM3"
"KIF14","TPM3"
"FBXW7","TPM3"
"FOS","TPM3"
"RHOBTB1","TPM3"
"CAPZB","TPM3"
"PRMT1","TPM3"
"PRMT5","TPM3"
"BAP1","TPM3"
"TNIP1","TPM3"
"POLD1","TPM3"
"CLPB","TERF2"
"CLPB","CUL3"
"CLPB","MCM2"
"CLPB","RECQL4"
"AURKB","CLPB"
"CLPB","PHB2"
"CLPB","TRAP1"
"CAPZB","CLPB"
"CLPB","IRAK1"
"OGDH","PHB2"
"ENO1","OGDH"
"AURKB","OGDH"
"KIF14","OGDH"
"CS","OGDH"
"OGDH","PMPCB"
"OGDH","TUFM"
"OGDH","TRAP1"
"OGDH","USP5"
"PLOD3","PLOD3"
"PLOD1","PLOD3"
"PLOD3","VPS33B"
"PLOD3","PPP4C"
"CUL3","PLOD3"
"AURKB","PLOD3"
"KIF14","PLOD3"
"NBR1","PLOD3"
"RANGAP1","RANGAP1"
"RANGAP1","SUPT5H"
"PBRM1","RANGAP1"
"DBNL","RANGAP1"
"NUP85","RANGAP1"
"RANGAP1","RECQL4"
"KIF14","RANGAP1"
"PRC1","RANGAP1"
"CUL3","RANGAP1"
"BAP1","RANGAP1"
"PLK1","RANGAP1"
"AURKB","RANGAP1"
"RANGAP1","RUFY1"
"RANGAP1","STIP1"
"CDK2","RANGAP1"
"RANGAP1","TNIP1"
"ENO1","RANGAP1"
"NCAPD2","PRMT1"
"NCAPD2","POU5F1"
"KIF14","NCAPD2"
"NCAPD2","PRMT5"
"NCAPD2","SNRPB"
"NCAPD2","PSMC3"
"KPNA2","NCAPD2"
"NCAPD2","SF3B2"
"CHD4","NCAPD2"
"BAP1","NCAPD2"
"AURKB","NCAPD2"
"NCAPD2","STIP1"
"FBXW7","NCAPD2"
"GLTSCR2","GLTSCR2"
"GLTSCR2","UPF1"
"GLTSCR2","TRIM27"
"GLTSCR2","UTP3"
"CLTCL1","GLTSCR2"
"FTSJ3","GLTSCR2"
"GLTSCR2","MKRN2"
"GLTSCR2","MYBBP1A"
"CSNK2B","GLTSCR2"
"GLTSCR2","RPL13"
"GLTSCR2","PPP1CA"
"GLTSCR2","PRMT1"
"BET1","GLTSCR2"
"GLTSCR2","ZNF71"
"GLTSCR2","RNF151"
"GLTSCR2","KLF15"
"GLTSCR2","RHOBTB1"
"AURKA","GLTSCR2"
"AURKB","GLTSCR2"
"GLTSCR2","TNIP1"
"HCFC1","SETD1A"
"HCFC1","PPP1CA"
"BAP1","HCFC1"
"E2F1","HCFC1"
"HCFC1","SNRPB"
"HCFC1","HCFC1"
"HCFC1","SMARCB1"
"HCFC1","MED15"
"HCFC1","PELP1"
"CUL3","HCFC1"
"CDK2","HCFC1"
"FOXK2","HCFC1"
"HCFC1","RECQL4"
"HCFC1","MCRS1"
"CSNK2B","HCFC1"
"HCFC1","HMGA1"
"HCFC1","SSRP1"
"HCFC1","TAF4"
"HCFC1","HSP90AB1"
"HCFC1","TUFM"
"BAP1","FOXK2"
"FOXK2","HCFC1"
"CHD4","FOXK2"
"FOXK2","MCRS1"
"FOXK2","SATB2"
"FOXK2","PPM1G"
"FOXK2","IGF2BP3"
"FOXK2","HIST1H3C"
"COPE","PPM1G"
"PPM1G","SHMT2"
"PPM1G","PSMD2"
"PPM1G","PSMC4"
"PPM1G","SUPT16H"
"KPNA2","PPM1G"
"PPM1G","TPX2"
"FOXK2","PPM1G"
"EIF3A","PPM1G"
"PPM1G","WBP11"
"BAP1","PPM1G"
"PPM1G","TERF2"
"PKN1","PPM1G"
"EWSR1","PPM1G"
"PPM1G","RECQL4"
"MARK3","PPM1G"
"AURKA","PPM1G"
"CUL3","PPM1G"
"CFL1","DBNL"
"CFL1","ENO1"
"CFL1","TRAP1"
"CFL1","SRC"
"CDK2","CFL1"
"CFL1","GRK5"
"CFL1","MCM2"
"CFL1","MCM5"
"CFL1","RECQL4"
"CFL1","KIF14"
"CFL1","PRC1"
"CFL1","FBXW7"
"CFL1","NBR1"
"CAPZB","CFL1"
"CFL1","CUL3"
"BAP1","CFL1"
"CFL1","RUFY1"
"CFL1","TNIP1"
"CFL1","LIG1"
"PRMT5","SUPT5H"
"PRMT5","PRMT5"
"PRDM1","PRMT5"
"PRMT5","SMARCA4"
"PRMT5","SMARCB1"
"PRMT5","SNRPB"
"PRMT5","VASP"
"PRMT5","ST7"
"PRMT5","PRPF4"
"PRMT5","TPM3"
"P4HA1","PRMT5"
"KPNA2","PRMT5"
"PRMT5","PSMD2"
"NCAPD2","PRMT5"
"PRMT1","PRMT5"
"DCTN4","PRMT5"
"PRMT5","TERF2"
"HDGF","PRMT5"
"CUL3","PRMT5"
"POLR2C","PRMT5"
"MCRS1","PRMT5"
"MCM5","PRMT5"
"PRMT5","RECQL4"
"LSM4","PRMT5"
"PRMT5","PSMD14"
"EWSR1","PRMT5"
"PRMT5","PSMD11"
"BAP1","PRMT5"
"PRMT5","RUFY1"
"PRMT5","TNIP1"
"ENO1","PGK1"
"ENO2","PGK1"
"PGK1","YWHAE"
"MCM2","PGK1"
"PGK1","USP10"
"CDK2","PGK1"
"HSP90AB1","PGK1"
"HNRNPA2B1","PGK1"
"PGK1","STIP1"
"EWSR1","PGK1"
"NDUFA9","PGK1"
"PGK1","PRKCSH"
"PGK1","SUPT5H"
"PER2","PGK1"
"PGK1","PRMT1"
"CUL3","PGK1"
"BAP1","PGK1"
"MAP2K2","PGK1"
"PGK1","RNF130"
"IGF2BP3","PGK1"
"BUB1B","PRKCSH"
"AURKA","PRKCSH"
"PGK1","PRKCSH"
"KPNA2","PRKCSH"
"DCTN4","PRKCSH"
"PRKCSH","PRKCSH"
"EWSR1","PRKCSH"
"GSK3B","PRKCSH"
"CUL3","PRKCSH"
"BAP1","PRKCSH"
"PRKCSH","RNF130"
"CHD4","PRKCSH"
"NOTCH2","PRKCSH"
"PPP1R10","PRKCSH"
"P4HA1","SHMT2"
"NDUFA9","P4HA1"
"P4HA1","TUFM"
"IRF7","P4HA1"
"CUL3","P4HA1"
"HSP90AB1","P4HA1"
"KIF14","P4HA1"
"P4HA1","PRC1"
"COPE","P4HA1"
"P4HA1","SNRPB"
"P4HA1","PRMT5"
"P4HA1","XPOT"
"BAP1","P4HA1"
"TUFM","USP5"
"AURKA","USP5"
"OGDH","USP5"
"SMARCB1","USP5"
"PRC1","USP5"
"USP5","XPOT"
"LIG1","USP5"
"BAP1","USP5"
"STIP1","USP5"
"CHAF1A","DDX41"
"CUL3","DDX41"
"DDX41","SHMT2"
"CHD3","DDX41"
"CHD4","DDX41"
"DDX41","KIF14"
"DDX41","FBXW7"
"DDX41","SNRPB"
"BAP1","DDX41"
"DDX41","STIP1"
"DDX41","TNIP1"
"DDX42","PSPC1"
"CBX4","PSPC1"
"IGF2BP3","PSPC1"
"FXR2","PSPC1"
"HNRNPA2B1","PSPC1"
"PSPC1","RPL13"
"MYBBP1A","PSPC1"
"PSPC1","UPF1"
"EIF3A","PSPC1"
"PSPC1","USP10"
"PSPC1","RPS18"
"EIF4G1","PSPC1"
"FTSJ3","PSPC1"
"NFRKB","PSPC1"
"CUL3","PSPC1"
"KIF14","PSPC1"
"PPP1R10","PSPC1"
"PRPF40A","PSPC1"
"PPP1CA","PSPC1"
"PSPC1","SF3B2"
"FBXW7","PSPC1"
"PRMT1","PSPC1"
"BAP1","PSPC1"
"CAPZB","DCTN4"
"DCTN4","EIF4G1"
"DCTN4","DCTN4"
"DCTN4","DNAJC7"
"DCTN4","SHMT2"
"DCTN4","TIMM50"
"DCTN4","PRMT5"
"DCTN4","PRKCSH"
"DCTN4","KPNA2"
"DCTN4","SF3B2"
"CHD4","DCTN4"
"DCTN4","PRMT1"
"DBNL","DCTN4"
"BAP1","DCTN4"
"COPS7B","CUL3"
"COPS7B","GPS1"
"COPS7B","SPAG5"
"COPS7B","COPS7B"
"COPS7B","CUL5"
"COPS7B","PRMT1"
"COPS7B","EWSR1"
"COPS7B","DET1"
"COPS7B","RECQL4"
"COPS7B","RHOBTB1"
"COPS7B","HSP90AB1"
"COPS7B","PLCG1"
"BAP1","COPS7B"
"CBX4","DDX42"
"CHD3","DDX42"
"CHD4","DDX42"
"DDX42","PSPC1"
"DDX42","PPP1R10"
"DDX42","PRPF40A"
"DDX42","PPP1CA"
"DDX42","SF3B2"
"DDX42","SNRPB"
"DDX42","SSRP1"
"DDX42","PRMT1"
"BAP1","DDX42"
"DDX42","FBXW7"
"DDX42","RECQL"
"PELP1","SRC"
"PELP1","PELP1"
"PELP1","RPL13"
"EWSR1","PELP1"
"MCM5","PELP1"
"CHD3","PELP1"
"NBR1","PELP1"
"PELP1","PRPF40A"
"HCFC1","PELP1"
"PELP1","STIP1"
"PELP1","RECQL"
"CBX4","PELP1"
"FDPS","PSME4"
"FDPS","FDPS"
"ENO1","FDPS"
"FDPS","PSMC3"
"FDPS","TUFM"
"CUL3","FDPS"
"FDPS","PPP1R10"
"EIF4ENIF1","FDPS"
"POLR2C","POLR2C"
"POLR2C","PRMT5"
"POLR2C","SUPT5H"
"POLR2C","SRC"
"POLR1A","POLR2C"
"CAD","POLR2C"
"CCT5","POLR2C"
"INTS6","POLR2C"
"POLR2C","SETD1A"
"KIF14","POLR2C"
"PFKL","POLR2C"
"POLR2C","PSMC4"
"POLR2C","RPL13"
"POLR2C","STIP1"
"CUL3","POLR2C"
"CUL5","POLR2C"
"NFKBIA","POLR2C"
"POLR2C","RECQL4"
"BRD1","POLR2C"
"POLR2C","RHOBTB1"
"POLR2C","SNRPB"
"POLR2C","SSRP1"
"PICK1","PICK1"
"BRD1","PICK1"
"PICK1","PKN1"
"PICK1","UTP3"
"PICK1","ZNF250"
"PICK1","PRPF40A"
"PICK1","ZNF71"
"PICK1","RBCK1"
"PICK1","PRKCA"
"PICK1","UBQLN4"
"AKT1","PICK1"
"PICK1","TRAF5"
"PIBF1","PICK1"
"PICK1","SMARCB1"
"FXR2","PICK1"
"PICK1","TSC1"
"GSK3B","PICK1"
"KRT2","POU5F1"
"POU5F1","POU5F1"
"CAD","POU5F1"
"HMGA1","POU5F1"
"HMGA2","POU5F1"
"KPNA2","POU5F1"
"LEMD3","POU5F1"
"NCAPD2","POU5F1"
"PBRM1","POU5F1"
"POU5F1","PRPF3"
"POU5F1","PSMD13"
"POU5F1","PSMD2"
"POU5F1","UPF1"
"POU5F1","USP9X"
"FBXW7","POU5F1"
"CENPE","PRC1"
"CENPE","CENPE"
"BUB1B","CENPE"
"CENPE","PPP1CA"
"CBX4","CENPE"
"CENPE","YWHAE"
"CENPE","PSMD14"
"CENPE","RHOT2"
"AURKA","CENPE"
"CENPE","DET1"
"EIF4G1","USP10"
"IKBKG","USP10"
"USP10","USP10"
"IGF2BP3","USP10"
"UPF1","USP10"
"EIF3A","USP10"
"CAD","USP10"
"ENO1","USP10"
"AURKA","USP10"
"PGK1","USP10"
"FXR2","USP10"
"MKRN2","USP10"
"KIF14","USP10"
"FBXW7","USP10"
"AKT1","USP10"
"PSPC1","USP10"
"HMGA1","USP10"
"PRMT1","USP10"
"CUL3","USP10"
"STIP1","USP10"
"TNIP1","USP10"
"RNF40","USP10"
"CUL3","RHOBTB1"
"CUL5","RHOBTB1"
"RHOBTB1","RHOBTB1"
"COPS7B","RHOBTB1"
"GPS1","RHOBTB1"
"RHOBTB1","RNF40"
"KIF14","RHOBTB1"
"HNRNPA2B1","RHOBTB1"
"CAD","RHOBTB1"
"POLR2C","RHOBTB1"
"RHOBTB1","XPOT"
"RHOBTB1","SSRP1"
"RHOBTB1","USP9X"
"RHOBTB1","SLC25A1"
"RHOBTB1","TPM3"
"GLTSCR2","RHOBTB1"
"MAP2K2","RHOBTB1"
"RHOBTB1","SUPT16H"
"HSP90AB1","TTC4"
"TTC4","TTC4"
"CAPZB","TTC4"
"AURKA","TTC4"
"TTC4","UPF1"
"RECQL4","TTC4"
"RUFY1","TTC4"
"DET1","TTC4"
"POLR1A","SSRP1"
"POLR1A","SUPT16H"
"MYBBP1A","POLR1A"
"KPNA2","POLR1A"
"DBNL","POLR1A"
"ENO1","POLR1A"
"POLR1A","SHMT2"
"POLR1A","POLR2C"
"FBXW7","POLR1A"
"CAPZB","POLR1A"
"COPE","POLR1A"
"POLR1A","SRC"
"POLR1A","RECQL"
"POLR1A","TNIP1"
"FN3KRP","SRC"
"CUL3","FN3KRP"
"FN3KRP","MCM2"
"FN3KRP","KIF14"
"CAPZB","FN3KRP"
"DET1","FN3KRP"
"ZHX1","ZHX1"
"PRPF40A","ZHX1"
"PSMD11","ZHX1"
"UTP3","ZHX1"
"GSK3B","ZHX1"
"AKT1","ZHX1"
"CHD3","ZHX1"
"KLF15","ZHX1"
"CAPZB","ZHX1"
"CSNK2B","ZHX1"
"CBX4","SUV39H1"
"CBX4","CENPE"
"CBX4","CSNK2B"
"CBX4","CBX4"
"CBX4","YWHAE"
"CBX4","SLC25A1"
"CBX4","CHD3"
"CBX4","PELP1"
"CBX4","PPP1R10"
"CBX4","DDX42"
"CBX4","PRPF40A"
"CBX4","PSPC1"
"CBX4","HIST1H3C"
"CBX4","TNIP1"
"CBX4","POLD1"
"PPP1CA","PPP1R10"
"PPP1R10","PPP1R10"
"DDX42","PPP1R10"
"PPP1R10","PSPC1"
"CBX4","PPP1R10"
"PPP1R10","PRKCSH"
"PPP1R10","PRPF40A"
"PPP1R10","TERF2"
"PPP1R10","SNRPB"
"PPP1R10","SSRP1"
"PPP1R10","SUPT5H"
"FDPS","PPP1R10"
"CBX5","CHAF1A"
"CHAF1A","CHAF1A"
"CHAF1A","DDX41"
"CHAF1A","CHD4"
"CHAF1A","CHD3"
"CHAF1A","SUPT16H"
"CHAF1A","YWHAE"
"CDK2","CHAF1A"
"CHAF1A","EWSR1"
"CHAF1A","KIF14"
"CHAF1A","H3F3B"
"CHAF1A","HIST1H3C"
"CHAF1A","SSRP1"
"CHAF1A","SMARCA4"
"CHAF1A","SMARCB1"
"NCOA1","STAT5A"
"STAT5A","STAT5A"
"FLOT1","STAT5A"
"PRMT1","STAT5A"
"SMARCA4","STAT5A"
"CSNK2B","STAT5A"
"CBX5","STAT5A"
"FBXW7","STAT5A"
"DAXX","H3F3B"
"CBX5","H3F3B"
"H3F3B","SSRP1"
"H3F3B","SUPT16H"
"CHAF1A","H3F3B"
"H3F3B","MCM2"
"H3F3B","MCM7"
"H3F3B","MCM5"
"GSK3B","H3F3B"
"ZNF250","ZNF250"
"HOOK2","ZNF250"
"TRIM27","ZNF250"
"PIBF1","ZNF250"
"PICK1","ZNF250"
"TRAF2","ZNF250"
"KIFC3","ZNF250"
"CUL3","ZNF250"
"CCT6B","PPP2R2D"
"CCT5","CCT6B"
"CCT6B","CLTCL1"
"CCT6B","MCM2"
"CCT6B","RECQL4"
"CCT6B","PPP4C"
"CCT6B","CUL3"
"PRPF3","PRPF4"
"LSM4","PRPF4"
"PRPF4","PRPF4"
"CCT5","PRPF4"
"PRPF4","RPL32"
"PRPF4","PSMD2"
"PRMT1","PRPF4"
"CUL3","PRPF4"
"CHD3","PRPF4"
"CHD4","PRPF4"
"PRPF4","RECQL4"
"KIF14","PRPF4"
"PRPF4","SNRPB"
"PRPF4","SSRP1"
"PRMT5","PRPF4"
"CLK2","PRPF4"
"PRPF4","STIP1"
"FBXW7","PRPF4"
"CDK3","TFDP1"
"E2F1","TFDP1"
"COMMD1","TFDP1"
"CCT5","TFDP1"
"CDK2","TFDP1"
"COPS7B","DET1"
"DET1","GPS1"
"DET1","HSP90AB1"
"DET1","TTC4"
"DET1","DNAJC7"
"CENPE","DET1"
"CCT5","DET1"
"DET1","FN3KRP"
"DET1","STIP1"
"DET1","FOS"
"NCAPH2","TRAF2"
"NCAPH2","NCAPH2"
"NCAPH2","SATB2"
"NCAPH2","PLK1"
"CUL3","NCAPH2"
"PI4KA","STIP1"
"KIF14","PI4KA"
"DNAJC7","PI4KA"
"FLOT1","PI4KA"
"CUL3","PI4KA"
"PI4KA","SMARCB1"
"ARL10","LEMD3"
"ARL10","IGF2BP3"
"ARL10","MCM7"
"ARL10","RPS28"
"ARL10","PKN1"
"PLCG1","PTPN6"
"PTPN6","PTPN6"
"CLTCL1","PTPN6"
"PSMD11","PTPN6"
"PSMD2","PTPN6"
"PSMD13","PTPN6"
"PTPN6","RPL13"
"PTPN6","RPL32"
"PTPN6","SRC"
"CDK3","STIP1"
"CDK3","HSP90AB1"
"CDK3","YWHAE"
"CDK3","TFDP1"
"CDK2","CDK3"
"SATB2","SMARCA4"
"FOXK2","SATB2"
"NCAPH2","SATB2"
"PLK1","SATB2"
"CHD3","SATB2"
"MKRN2","SATB2"
"GATA1","SATB2"
"GATA3","SATB2"
"NFIA","SATB2"
"SATB2","SSRP1"
"SATB2","SUV39H1"
"PRMT1","RBM15"
"CHD3","RBM15"
"CHD4","RBM15"
"KIF14","RBM15"
"PRC1","RBM15"
"RBM15","RNF40"
"RBM15","SSRP1"
"RBM15","YWHAE"
"RBM15","RECQL"
"RBM15","TNIP1"
"TSC1","TSHZ3"
"TRIM27","TSHZ3"
"TRAF2","TSHZ3"
"SPAG5","TSHZ3"
"RECQL4","TSHZ3"
"PIBF1","TSHZ3"
"CHD4","TSHZ3"
"KLF15","TSHZ3"
"HIST1H3C","TSHZ3"
"HCFC1","SETD1A"
"MCM7","SETD1A"
"CHD4","SETD1A"
"MCRS1","SETD1A"
"POLR2C","SETD1A"
"KPNA2","SETD1A"
"DAXX","SETD1A"
"IRS1","YWHAE"
"AKT1","IRS1"
"IRS1","SIRT1"
"CSNK2B","IRS1"
"GSK3B","IRS1"
"IRS1","IRS1"
"IRS1","USP9X"
"CUL3","IRS1"
"MAP3K5","TRAF5"
"TRAF2","TRAF5"
"TRAF5","TRAF5"
"TRAF5","TRIM27"
"PIBF1","TRAF5"
"PICK1","TRAF5"
"CUL3","TRAF5"
"AURKA","NFKBIA"
"IKBKG","NFKBIA"
"CSNK2B","NFKBIA"
"GPS1","NFKBIA"
"NFKBIA","POLR2C"
"NFKBIA","ST7"
"NFKBIA","SRC"
"FBXW7","NFKBIA"
"IRAK1","NFKBIA"
"NFKBIA","TIMM50"
"HSPB1","NFKBIA"
"NFKBIA","SLC3A2"
"MCM5","NFKBIA"
"MCM7","NFKBIA"
"NFKBIA","NFKBIA"
"NFKBIA","SMARCA4"
"NFKBIA","TRIM27"
"NFKBIA","TNIP1"
"COMMD1","NFKBIA"
"EIF4ENIF1","NFKBIA"
"NFKBIA","PRKCA"
"NFKBIA","NPLOC4"
"AKT1","NFKBIA"
"COPS7B","GPS1"
"CUL3","GPS1"
"GPS1","GPS1"
"ENO1","GPS1"
"CUL5","GPS1"
"GPS1","NFKBIA"
"DET1","GPS1"
"GPS1","RECQL4"
"GPS1","RHOBTB1"
"GPS1","SLC3A2"
"GPS1","HSP90AB1"
"GPS1","PLCG1"
"GPS1","STIP1"
"FTSJ3","ZNF71"
"GLTSCR2","ZNF71"
"PAK1IP1","ZNF71"
"ZNF71","ZNF71"
"CSNK2B","ZNF71"
"PLK1","ZNF71"
"PICK1","ZNF71"
"UTP3","ZHX1"
"GLTSCR2","UTP3"
"PICK1","UTP3"
"HIST1H2BH","UTP3"
"KIF14","UTP3"
"PRC1","UTP3"
"RPL13","UTP3"
"CSNK2B","UTP3"
"MAP2K2","UTP3"
"TNIP1","UTP3"
"HSP90AB1","NUP85"
"NUP85","RANGAP1"
"NUP85","NUP85"
"NUP85","RECQL4"
"KIF14","NUP85"
"NUP85","PRC1"
"NUP85","PKN1"
"CUL3","NUP85"
"NUP85","PSMC4"
"NUP85","STIP1"
"INTS6","POLR2C"
"INTS6","MCM7"
"INTS6","SNRPB"
"INTS6","SHMT2"
"INTS6","SSRP1"
"INTS6","SUPT5H"
"CUL3","INTS6"
"CENPJ","PLK1"
"CENPJ","KIF14"
"ABLIM1","CENPJ"
"CENPJ","ENO2"
"CENPJ","PSMC4"
"CENPJ","SDCCAG3"
"CENPJ","TNIP1"
"CENPJ","YWHAE"
"CENPJ","KRT8"
"CNDP2","DNAJC7"
"CNDP2","HDGF"
"CNDP2","PLOD1"
"CNDP2","SF3B2"
"CNDP2","UPF1"
"NFKBIA","NPLOC4"
"FLOT1","NPLOC4"
"ENO1","NPLOC4"
"MCM2","NPLOC4"
"NPLOC4","RECQL4"
"NPLOC4","ST7"
"E2F1","TOPBP1"
"AKT1","TOPBP1"
"TOPBP1","TOPBP1"
"SF3B2","TOPBP1"
"PLK1","TOPBP1"
"SMARCA4","TOPBP1"
"SIRT1","TOPBP1"
"HIST1H3C","TOPBP1"
"SUV39H1","TOPBP1"
"LSM4","PRMT5"
"EIF4ENIF1","LSM4"
"LSM4","PRPF3"
"LSM4","PRPF4"
"LSM4","WBP11"
"LSM4","RPL32"
"LSM4","RECQL4"
"LSM4","SNRPB"
"LSM4","SSRP1"
"HMGA1","LSM4"
"PSME4","PSME4"
"PSMD2","PSME4"
"PSMD13","PSME4"
"PSMC3","PSME4"
"PSMC4","PSME4"
"PSMD11","PSME4"
"PSME4","RUFY1"
"PSMD14","PSME4"
"FDPS","PSME4"
"PRDM1","PRMT5"
"PRDM1","PRDM1"
"PRDM1","SRC"
"NFIA","PRDM1"
