"from","to"
"DHX15","SRSF1"
"DHX15","NOP58"
"DHX15","NOP56"
"DHX15","SRSF10"
"DHX15","UBC"
"DHX15","DYNC1H1"
"DHX15","KIF20A"
"DHX15","RIT1"
"DHX15","UBE2O"
"DHX15","RICTOR"
"EPHA2","NUPR1"
"EZR","NUPR1"
"MKI67","NUPR1"
"NOP56","NUPR1"
"NOP58","NUPR1"
"NUPR1","PARP1"
"NUPR1","PRKDC"
"NUPR1","RACGAP1"
"NUPR1","SRSF1"
"NUPR1","SRSF10"
"NUPR1","XRCC5"
"SRSF1","SRSF7"
"SRSF10","SRSF7"
"SH3KBP1","SRSF7"
"NEDD4","SRSF7"
"SRSF7","SUZ12"
"FBXO7","SRSF7"
"KIF20A","SRSF7"
"RIT1","SRSF7"
"SRSF7","UBC"
"HIST1H1E","SRSF1"
"HIST1H1E","SRSF10"
"HIST1H1E","UBB"
"HIST1H1E","UBE3A"
"HIST1H1E","KIF20A"
"HIST1H1E","NAA40"
"HIST1H1E","ZBTB2"
"HIST1H1E","NOP56"
"HIST1H1E","IKZF1"
"HIST1H1E","RICTOR"
"HIST1H1E","UBC"
"HSP90AA1","HSPA6"
"HSPA6","RNF43"
"HSPA6","UBE2O"
"NOP56","RPL37A"
"GNL3","RPL37A"
"NOP58","RPL37A"
"FBXO7","RPL37A"
"KIF20A","RPL37A"
"RIT1","RPL37A"
"RPL37A","UBE2O"
"CENPA","PRKDC"
"CENPA","XRCC5"
"CENPA","CHAF1A"
"CENPA","MSH6"
"CENPA","RACGAP1"
"CENPA","NOP56"
"CENPA","PARP1"
"MKI67","RPF2"
"RPF2","ZBTB2"
"RPF2","SRSF1"
"RIT1","RPF2"
"DYNC1H1","FGD5"
"CCT3","FGD5"
"FGD5","HSP90AA1"
"FGD5","TUBA1B"
"CCT3","DCAF4"
"DCAF4","FBXW5"
"DCAF4","UBE2O"
"DCAF4","GNL3"
"DCAF4","SRSF10"
"DCAF4","NOP58"
"DCAF4","OPTN"
"RFC5","UBC"
"NOP56","RFC5"
"PARP1","RFC5"
"RFC5","RIT1"
"EPHA2","RHOG"
"RHOG","RICTOR"
"RHOG","TUBA1B"
"RHOG","UBC"
"EPHA2","RHOH"
"RHOH","RICTOR"
"RHOH","TUBA1B"
"HSP90AA1","HSPA1B"
"HSPA1B","LRRK2"
"HSPA1B","RNF43"
"EPHA2","HSPA1B"
"FBXO7","MRPS14"
"MKI67","MRPS14"
"MRPS14","SRSF1"
"MRPS14","RIT1"
"MRPS14","UBE2O"
"UBC","ZUFSP"
"MSH6","ZUFSP"
"RICTOR","ZUFSP"
"DYNC1H1","ZUFSP"
"KIF4A","PARP1"
"KIF4A","NAA40"
"PRKDC","THOC6"
"SRSF10","THOC6"
"SUZ12","THOC6"
"PARP1","THOC6"
"FBXO7","TOMM20"
"TOMM20","UBC"
"SRSF1","TOMM20"
"OPTN","TOMM20"
"RIT1","TOMM20"
"TOMM20","UBE2O"
"EPHA2","TMEM17"
"TMEM17","YWHAH"
"UBC","UBXN7"
"UBE3A","UBXN7"
"PARP1","UBXN7"
"IMP3","MKI67"
"IMP3","SRSF1"
"IMP3","RIT1"
"ASPM","UBE3A"
"ASPM","TUBA1B"
"ASPM","NDC80"
"NDC80","SPC25"
"RIT1","SPC25"
"CCT3","RFWD3"
"HSP90AA1","RFWD3"
"RFWD3","UBC"
"DSTN","UBE3A"
"EFHD2","LRRK2"
"MRPL10","RIT1"
"MRPL10","UBC"
"LAMP1","VPS45"
"CDC20","CDT1"
"NAA40","ZNF280C"
"ZBTB2","ZNF280C"
"TSPYL5","TUBA1B"
"ARL6IP5","YWHAH"
"ARL6IP5","SEC62"
"GINS4","RIT1"
"ORC6","XRCC5"
"PTPN6","SRSF1"
"DYNC1H1","NUDCD1"
"NUDCD1","UBC"
"CHAF1A","RPS19BP1"
"FBXO7","RPS19BP1"
"MANF","ZBTB2"
"MANF","UBE2O"
"NFATC2IP","PARP1"
"CENPK","RIT1"
"APOBEC3B","MKI67"
"SNUPN","XRCC5"
"CDC20","KIF18A"
"KIF18A","MKI67"
"DYNC1H1","PCBP4"
"PPCDC","RIT1"
"HSP90AA1","PI4K2A"
"LAMP1","PI4K2A"
"HSP90AA1","PI4K2B"
"CCT3","PI4K2B"
"FBXW5","PI4K2B"
"NR2C2AP","RIT1"
"LAMP1","SLC48A1"
"FAM170A","NDC80"
"CCNY","YWHAH"
"CCNY","EPHA2"
"SPRYD3","YWHAH"
"GTSF1","LRRK2"
"TRIM59","UBC"
"FAM163A","YWHAH"
"CDC20","FBXW5"
"CCT3","FBXW5"
"FBXW5","RICTOR"
"FBXW5","HSP90AA1"
"KIF20A","KIF20A"
"KIF20A","MKI67"
"KIF20A","NOP56"
"KIF20A","NOP58"
"KIF20A","SRSF1"
"KIF20A","RACGAP1"
"KIF20A","PRKDC"
"KIF20A","XRCC5"
"GNL3","KIF20A"
"KIF20A","SMARCA4"
"KIF20A","SRSF10"
"KIF20A","PARP1"
"UBE3A","UBE3A"
"UBC","UBE3A"
"UBB","UBE3A"
"TUBA1B","UBE3A"
"NOP58","UBE3A"
"UBE3A","YWHAH"
"NAA40","PARP1"
"MSH6","NAA40"
"MKI67","NAA40"
"NAA40","PRKDC"
"CCT3","NAA40"
"NAA40","XRCC5"
"NAA40","NOP56"
"GNL3","NAA40"
"NAA40","NAA40"
"HSP90AA1","NAA40"
"NAA40","SMARCA4"
"NAA40","UBE2O"
"NAA40","OPTN"
"CCT3","TUBA1B"
"RICTOR","TUBA1B"
"TUBA1B","UBE3A"
"OPTN","TUBA1B"
"RIT1","TUBA1B"
"RNF43","TUBA1B"
"TUBA1B","UBE2O"
"EPHA2","TUBA1B"
"YWHAH","YWHAH"
"LRRK2","YWHAH"
"NEDD4","YWHAH"
"SRSF10","YWHAH"
"RICTOR","YWHAH"
"RACGAP1","YWHAH"
"UBE3A","YWHAH"
"OPTN","YWHAH"
"CDC20","YWHAH"
"LAMP1","YWHAH"
"SRSF1","YWHAH"
"HSP90AA1","YWHAH"
"UBE2O","UBE2O"
"UBC","UBE2O"
"SUZ12","UBE2O"
"CDC20","UBE2O"
"GNL3","UBE2O"
"PARP1","UBE2O"
"NOP58","UBE2O"
"TUBA1B","UBE2O"
"DYNC1H1","UBE2O"
"PRKDC","UBE2O"
"NAA40","UBE2O"
"UBE2O","ZBTB2"
"RNF43","UBE2O"
"RACGAP1","YWHAH"
"RACGAP1","SH3KBP1"
"KIF20A","RACGAP1"
"MKI67","RACGAP1"
"PARP1","RACGAP1"
"RACGAP1","RIT1"
"LAMP1","LAMP1"
"LAMP1","RICTOR"
"EPHA2","LAMP1"
"LAMP1","YWHAH"
"HSP90AA1","LRRK2"
"LRRK2","YWHAH"
"LRRK2","LRRK2"
"LRRK2","PRKDC"
"DYNC1H1","LRRK2"
"LRRK2","RIT1"
"LRRK2","NEDD4"
"RNF43","RNF43"
"EPHA2","RNF43"
"MKI67","RNF43"
"RNF43","UBE2O"
"RNF43","TUBA1B"
"HSP90AA1","HSP90AA1"
"HSP90AA1","LRRK2"
"DYNC1H1","HSP90AA1"
"HSP90AA1","PRKDC"
"FBXW5","HSP90AA1"
"EPHA2","HSP90AA1"
"HSP90AA1","IKZF1"
"HSP90AA1","YWHAH"
"FBXO7","HSP90AA1"
"HSP90AA1","NAA40"
"HSP90AA1","SRSF10"
"HSP90AA1","RICTOR"
"SEC62","SEC62"
"IKZF1","SMARCA4"
"IKZF1","IKZF1"
"HSP90AA1","IKZF1"
"IKZF1","PARP1"
"IKZF1","MKI67"
"SH3KBP1","UBC"
"MKI67","UBC"
"CCT3","UBC"
"SRSF1","UBC"
"NOP56","UBC"
"FBXO7","UBC"
"OPTN","UBC"
"UBC","UBC"
"UBC","UBE2O"
"UBC","UBE3A"
"UBC","XRCC5"
"CDC20","UBC"
"SUZ12","UBC"
"NEDD4","UBC"
"UBB","UBC"
"MKI67","SUZ12"
"MKI67","NOP58"
"GNL3","MKI67"
"MKI67","RACGAP1"
"MKI67","UBC"
"MKI67","NOP56"
"KIF20A","MKI67"
"MKI67","NAA40"
"MKI67","OPTN"
"MKI67","RNF43"
"CDC20","MKI67"
"MKI67","PARP1"
"IKZF1","MKI67"
"SH3KBP1","SH3KBP1"
"RACGAP1","SH3KBP1"
"SH3KBP1","UBC"
"SH3KBP1","SRSF1"
"SH3KBP1","SRSF10"
"PARP1","PRKDC"
"PARP1","XRCC5"
"PARP1","PARP1"
"NOP56","PARP1"
"NOP58","PARP1"
"PARP1","RACGAP1"
"PARP1","SUZ12"
"GNL3","PARP1"
"MSH6","PARP1"
"PARP1","SMARCA4"
"MKI67","PARP1"
"KIF20A","PARP1"
"NAA40","PARP1"
"IKZF1","PARP1"
"PARP1","UBE2O"
"PARP1","SRSF10"
"PARP1","RICTOR"
"NDC80","NDC80"
"OPTN","YWHAH"
"OPTN","UBC"
"OPTN","OPTN"
"OPTN","UBB"
"OPTN","TUBA1B"
"DYNC1H1","OPTN"
"OPTN","XRCC5"
"NOP56","OPTN"
"MKI67","OPTN"
"NAA40","OPTN"
"EPHA2","EPHA2"
"EPHA2","HSP90AA1"
"EPHA2","TUBA1B"
"EPHA2","RICTOR"
"EPHA2","EZR"
"EPHA2","LAMP1"
"EPHA2","RNF43"
"CDC20","CDC20"
"CDC20","FBXW5"
"CCT3","CDC20"
"CDC20","UBB"
"CDC20","UBC"
"CDC20","MKI67"
"CDC20","RIT1"
"CDC20","YWHAH"
"CDC20","UBE2O"
"SUZ12","SUZ12"
"SRSF1","SUZ12"
"SUZ12","UBB"
"SRSF10","SUZ12"
"DYNC1H1","SUZ12"
"NOP58","SUZ12"
"SUZ12","XRCC5"
"CCT3","SUZ12"
"SMARCA4","SUZ12"
"CHAF1A","SUZ12"
"MKI67","SUZ12"
"PARP1","SUZ12"
"SUZ12","ZBTB2"
"SUZ12","UBE2O"
"SUZ12","UBC"
"GNL3","RIT1"
"RIT1","SMARCA4"
"RIT1","RIT1"
"CDC20","RIT1"
"CCT3","RIT1"
"NOP56","RIT1"
"NOP58","RIT1"
"RACGAP1","RIT1"
"RIT1","SRSF1"
"RIT1","TUBA1B"
"RIT1","XRCC5"
"LRRK2","RIT1"
"SRSF1","SRSF10"
"CCT3","SRSF10"
"PRKDC","SRSF10"
"HSP90AA1","SRSF10"
"PARP1","SRSF10"
"SRSF10","SUZ12"
"FBXO7","SRSF10"
"KIF20A","SRSF10"
"SRSF10","ZBTB2"
"SRSF10","YWHAH"
"SH3KBP1","SRSF10"
"CCT3","TUBA1B"
"CCT3","UBC"
"CCT3","CDC20"
"CCT3","SUZ12"
"CCT3","NAA40"
"CCT3","FBXW5"
"CCT3","RIT1"
"CCT3","SRSF10"
"CCT3","RICTOR"
"UBB","UBE3A"
"UBB","UBB"
"NEDD4","UBB"
"SRSF1","UBB"
"UBB","UBC"
"CDC20","UBB"
"SUZ12","UBB"
"FBXO7","UBB"
"OPTN","UBB"
"PRKDC","PRKDC"
"PRKDC","XRCC5"
"PRKDC","SRSF10"
"PRKDC","SRSF1"
"DYNC1H1","PRKDC"
"PARP1","PRKDC"
"CHAF1A","PRKDC"
"MSH6","PRKDC"
"LRRK2","PRKDC"
"HSP90AA1","PRKDC"
"KIF20A","PRKDC"
"NAA40","PRKDC"
"PRKDC","UBE2O"
"PRKDC","RICTOR"
"PRKDC","XRCC5"
"PARP1","XRCC5"
"CHAF1A","XRCC5"
"XRCC5","XRCC5"
"MSH6","XRCC5"
"DYNC1H1","XRCC5"
"SUZ12","XRCC5"
"UBC","XRCC5"
"KIF20A","XRCC5"
"NAA40","XRCC5"
"OPTN","XRCC5"
"RIT1","XRCC5"
"CHAF1A","CHAF1A"
"CHAF1A","PRKDC"
"CHAF1A","XRCC5"
"CHAF1A","MSH6"
"CHAF1A","SUZ12"
"CHAF1A","SMARCA4"
"CHAF1A","MSH6"
"MSH6","XRCC5"
"MSH6","PRKDC"
"MSH6","SRSF1"
"MSH6","NAA40"
"MSH6","ZBTB2"
"MSH6","PARP1"
"NOP56","NOP58"
"GNL3","NOP56"
"NOP56","SMARCA4"
"MKI67","NOP56"
"NOP56","UBC"
"KIF20A","NOP56"
"NOP56","PARP1"
"NAA40","NOP56"
"NOP56","ZBTB2"
"NOP56","OPTN"
"NOP56","RIT1"
"NOP58","NOP58"
"NOP56","NOP58"
"GNL3","NOP58"
"NOP58","SUZ12"
"NOP58","UBE3A"
"KIF20A","NOP58"
"MKI67","NOP58"
"NOP58","PARP1"
"NOP58","ZBTB2"
"NOP58","RIT1"
"NOP58","UBE2O"
"SMARCA4","SMARCA4"
"CHAF1A","SMARCA4"
"SMARCA4","SUZ12"
"IKZF1","SMARCA4"
"NOP56","SMARCA4"
"KIF20A","SMARCA4"
"NAA40","SMARCA4"
"RIT1","SMARCA4"
"PARP1","SMARCA4"
"FBXO7","FBXO7"
"FBXO7","UBB"
"DYNC1H1","FBXO7"
"FBXO7","HSP90AA1"
"FBXO7","GNL3"
"FBXO7","SRSF10"
"FBXO7","UBC"
"EZR","EZR"
"EPHA2","EZR"
"EZR","NEDD4"
"EZR","RICTOR"
"GNL3","NOP56"
"GNL3","NOP58"
"FBXO7","GNL3"
"GNL3","KIF20A"
"GNL3","MKI67"
"GNL3","PARP1"
"GNL3","NAA40"
"GNL3","ZBTB2"
"GNL3","RIT1"
"GNL3","UBE2O"
"SRSF1","SRSF1"
"SRSF1","SRSF10"
"SRSF1","YWHAH"
"DYNC1H1","SRSF1"
"SRSF1","UBC"
"SRSF1","SUZ12"
"KIF20A","SRSF1"
"SRSF1","UBB"
"SH3KBP1","SRSF1"
"RIT1","SRSF1"
"MSH6","SRSF1"
"PRKDC","SRSF1"
"RICTOR","SRSF1"
"DYNC1H1","XRCC5"
"DYNC1H1","DYNC1H1"
"DYNC1H1","HSP90AA1"
"DYNC1H1","LRRK2"
"DYNC1H1","SUZ12"
"DYNC1H1","FBXO7"
"DYNC1H1","OPTN"
"DYNC1H1","PRKDC"
"DYNC1H1","SRSF1"
"DYNC1H1","UBE2O"
"DYNC1H1","RICTOR"
"ZBTB2","ZBTB2"
"NOP56","ZBTB2"
"GNL3","ZBTB2"
"NOP58","ZBTB2"
"SRSF10","ZBTB2"
"SUZ12","ZBTB2"
"MSH6","ZBTB2"
"UBE2O","ZBTB2"
"NEDD4","NEDD4"
"NEDD4","UBC"
"NEDD4","YWHAH"
"NEDD4","UBB"
"EZR","NEDD4"
"LRRK2","NEDD4"
