"from","to"
"SNRPD2","SRRM2"
"EGFR","SNRPD2"
"CHD4","SNRPD2"
"PSMD3","SNRPD2"
"CEBPB","SNRPD2"
"EGFR","WDR18"
"CEBPB","WDR18"
"EXOSC4","UPF1"
"EGFR","EXOSC4"
"PSMD3","RNF130"
"P4HB","RNF130"
"EGFR","RNF130"
"MRPS24","RPL18"
"ABT1","MRPS24"
"UPF1","ZCRB1"
"TNIP2","ZCRB1"
"HIST1H1C","ZCRB1"
"ABT1","ZCRB1"
"EGFR","ZCRB1"
"AP3S1","EGFR"
"AP3S1","SH2D3C"
"HES1","TNIP2"
"ALDH1A3","SH2D3C"
"CCR1","CKAP4"
"CCR1","JUP"
"CBR3","LDLR"
"ABT1","ANKS3"
"CEBPB","HEBP2"
"LOC642852","TNIP2"
"EGFR","SLC13A5"
"NAT10","NAT10"
"CHD4","NAT10"
"GRWD1","NAT10"
"HIST1H1C","NAT10"
"ABT1","NAT10"
"EGFR","NAT10"
"NAT10","PML"
"CEBPB","NAT10"
"CKAP4","HIST1H1C"
"HIST1H1C","NAT10"
"HIST1H1C","RPL18"
"HIST1H1C","HIST1H1C"
"CHD4","HIST1H1C"
"GRWD1","HIST1H1C"
"ABT1","HIST1H1C"
"HIST1H1C","RNF8"
"HIST1H1C","PML"
"CEBPB","HIST1H1C"
"TNIP2","UPF1"
"GRWD1","UPF1"
"ABT1","UPF1"
"PML","UPF1"
"EGFR","UPF1"
"CEBPB","UPF1"
"ABT1","RPL18"
"CHD4","RPL18"
"GRWD1","RPL18"
"EGFR","RPL18"
"RPL18","TRIM23"
"PML","RPL18"
"HIST1H1C","RPL18"
"CEBPB","RPL18"
"EGFR","JUP"
"EGFR","EGFR"
"CEBPB","EGFR"
"EGFR","MON2"
"EGFR","P4HB"
"EGFR","LYN"
"EGFR","SLC3A2"
"EGFR","PML"
"ACTN4","EGFR"
"EGFR","SH2D3C"
"EGFR","KRT1"
"EGFR","TRIM23"
"EGFR","SRRM2"
"ANXA2","EGFR"
"CKAP4","EGFR"
"CHD4","EGFR"
"EGFR","NAT10"
"EGFR","PSMD3"
"EGFR","RPL18"
"ABT1","EGFR"
"EGFR","UPF1"
"EGFR","RNF8"
"EGFR","LDLR"
"EGFR","RAC2"
"TRIM23","TRIM23"
"SPG21","TRIM23"
"RPL18","TRIM23"
"KRT1","TRIM23"
"EGFR","TRIM23"
"ACTN4","TRIM23"
"SRRM2","TNIP2"
"GRWD1","TNIP2"
"KRT1","TNIP2"
"P4HB","TNIP2"
"TNIP2","TNIP2"
"TNIP2","UPF1"
"CEBPB","TNIP2"
"ACTN4","TNIP2"
"LDLR","SH2D3C"
"ACTN4","SH2D3C"
"ANXA2","SH2D3C"
"SH2D3C","SH2D3C"
"LYN","SH2D3C"
"EGFR","SH2D3C"
"NRP1","NRP1"
"BSG","NRP1"
"ACTN4","NRP1"
"BSG","BSG"
"BSG","MON2"
"ACTN4","BSG"
"BSG","SLC3A2"
"BSG","LYN"
"BSG","NRP1"
"BSG","RAC2"
"BSG","NTRK3"
"CEBPB","CEBPB"
"ACTN4","CEBPB"
"ANXA2","CEBPB"
"CEBPB","CHD4"
"CEBPB","GRWD1"
"CEBPB","HIST1H1C"
"CEBPB","JUP"
"CEBPB","NAT10"
"CEBPB","P4HB"
"CEBPB","PSMD3"
"CEBPB","RPL18"
"CEBPB","SLC3A2"
"CEBPB","SRRM2"
"CEBPB","UPF1"
"CEBPB","EGFR"
"CEBPB","TNIP2"
"LDLR","P4HB"
"LDLR","MON2"
"EGFR","LDLR"
"LDLR","SH2D3C"
"BRD1","LDLR"
"ACTN4","TRIM23"
"ACTN4","EGFR"
"ACTN4","TNIP2"
"ACTN4","SH2D3C"
"ACTN4","NRP1"
"ACTN4","BSG"
"ACTN4","CEBPB"
"PSMD3","PSMD3"
"PSMD3","UBE3A"
"EGFR","PSMD3"
"CEBPB","PSMD3"
"ABT1","NAT10"
"ABT1","HIST1H1C"
"ABT1","UPF1"
"ABT1","RPL18"
"ABT1","EGFR"
"ANXA2","CKAP4"
"ANXA2","UBE3A"
"ANXA2","CHD4"
"ANXA2","EGFR"
"ANXA2","SH2D3C"
"ANXA2","JUP"
"ANXA2","PML"
"ANXA2","RNF8"
"ANXA2","CEBPB"
"CKAP4","CKAP4"
"CKAP4","HIST1H1C"
"CKAP4","EGFR"
"CKAP4","RAC2"
"CKAP4","RNF8"
"ANXA2","CKAP4"
"UBE3A","UBE3A"
"ANXA2","UBE3A"
"PSMD3","UBE3A"
"PML","UBE3A"
"KRT1","UBE3A"
"CHD4","RNF8"
"CHD4","CHD4"
"ANXA2","CHD4"
"CHD4","HIST1H1C"
"CHD4","JUP"
"CHD4","KRT1"
"CHD4","RPL18"
"CHD4","SRRM2"
"BRD1","CHD4"
"CHD4","NAT10"
"CHD4","PML"
"CHD4","GRWD1"
"CHD4","EGFR"
"CEBPB","CHD4"
"ANXA2","JUP"
"EGFR","JUP"
"CHD4","JUP"
"JUP","LYN"
"JUP","RAC2"
"JUP","RNF8"
"JUP","NTRK3"
"CEBPB","JUP"
"PML","PML"
"CHD4","PML"
"PML","UBE3A"
"EGFR","PML"
"ANXA2","PML"
"PML","SLC3A2"
"PML","UPF1"
"HIST1H1C","PML"
"NAT10","PML"
"PML","RPL18"
"P4HB","PML"
"BRD1","PML"
"RNF8","RNF8"
"CHD4","RNF8"
"LYN","RNF8"
"KRT1","RNF8"
"HIST1H1C","RNF8"
"ANXA2","RNF8"
"JUP","RNF8"
"P4HB","RNF8"
"CKAP4","RNF8"
"EGFR","RNF8"
"BRD1","CHD4"
"BRD1","LDLR"
"BRD1","PML"
"CKAP4","RAC2"
"BSG","RAC2"
"RAC2","SLC3A2"
"JUP","RAC2"
"EGFR","RAC2"
"GRWD1","RAC2"
"LYN","RAC2"
"LYN","LYN"
"LYN","SH2D3C"
"LYN","SRRM2"
"BSG","LYN"
"EGFR","LYN"
"JUP","LYN"
"LYN","SLC3A2"
"LYN","RAC2"
"LYN","RNF8"
"NTRK3","SLC3A2"
"MON2","NTRK3"
"BSG","NTRK3"
"JUP","NTRK3"
"EGFR","MON2"
"LDLR","MON2"
"BSG","MON2"
"MON2","NTRK3"
"SPG21","SPG21"
"SPG21","TRIM23"
"CHD4","GRWD1"
"GRWD1","RPL18"
"GRWD1","UPF1"
"GRWD1","HIST1H1C"
"GRWD1","NAT10"
"GRWD1","TNIP2"
"GRWD1","RAC2"
"CEBPB","GRWD1"
"P4HB","P4HB"
"EGFR","P4HB"
"P4HB","TNIP2"
"LDLR","P4HB"
"P4HB","RNF8"
"P4HB","PML"
"CEBPB","P4HB"
"EGFR","SRRM2"
"SRRM2","TNIP2"
"CHD4","SRRM2"
"LYN","SRRM2"
"CEBPB","SRRM2"
"KRT1","UBE3A"
"EGFR","KRT1"
"KRT1","TNIP2"
"CHD4","KRT1"
"KRT1","TRIM23"
"KRT1","RNF8"
