"from","to"
"EGFR","JUP"
"EGFR","EGFR"
"CEBPB","EGFR"
"EGFR","SNRPD2"
"EGFR","MON2"
"EGFR","P4HB"
"EGFR","LYN"
"EGFR","SLC3A2"
"EGFR","PML"
"EGFR","FBL"
"EGFR","SNRPF"
"ACTN4","EGFR"
"EGFR","SH2D3C"
"EGFR","KRT1"
"EGFR","HMGA1"
"EGFR","TRIM23"
"EGFR","RPL6"
"EGFR","SRRM2"
"EGFR","KRT18"
"ANXA2","EGFR"
"CKAP4","EGFR"
"CHD4","EGFR"
"EGFR","FTSJ3"
"EGFR","NAT10"
"EGFR","PSMD3"
"EGFR","RPA3"
"EGFR","RPL18"
"EGFR","RPL5"
"EGFR","RPS16"
"ABT1","EGFR"
"EGFR","UPF1"
"EGFR","RNF8"
"EGFR","LDLR"
"EGFR","LAMP1"
"EGFR","RAC2"
"CEBPB","RELA"
"CEBPB","HMGA1"
"CEBPB","CEBPB"
"ACTN4","CEBPB"
"ANXA2","CEBPB"
"CEBPB","CHD4"
"CEBPB","FBL"
"CEBPB","GRWD1"
"CEBPB","HIST1H1C"
"CEBPB","HNRNPM"
"CEBPB","JUP"
"CEBPB","NAT10"
"CEBPB","P4HB"
"CEBPB","PSMD3"
"CEBPB","RPA3"
"CEBPB","RPL18"
"CEBPB","RPL5"
"CEBPB","RPL6"
"CEBPB","SLC3A2"
"CEBPB","SNRPD2"
"CEBPB","SRRM2"
"CEBPB","UPF1"
"CEBPB","EGFR"
"CEBPB","TNIP2"
"CHD4","RNF8"
"CHD4","CHD4"
"ANXA2","CHD4"
"CHD4","FBL"
"CHD4","HIST1H1C"
"CHD4","JUP"
"CHD4","KRT1"
"CHD4","KRT18"
"CHD4","HNRNPM"
"CHD4","RPL5"
"CHD4","RPL6"
"CHD4","RPL18"
"CHD4","RPS16"
"CHD4","RPS27A"
"CHD4","SNRPD2"
"CHD4","SNRPF"
"CHD4","SRRM2"
"BRD1","CHD4"
"CHD4","NAT10"
"CHD4","FTSJ3"
"CHD4","PML"
"CHD4","RPA3"
"CHD4","GRWD1"
"CHD4","EGFR"
"CHD4","DYNLL1"
"CHD4","HMGA1"
"CHD4","UBE2H"
"CEBPB","CHD4"
"PML","PML"
"PML","RELA"
"CHD4","PML"
"PML","UBE3A"
"EGFR","PML"
"HNRNPM","PML"
"ANXA2","PML"
"PML","SLC3A2"
"KRT18","PML"
"PML","UPF1"
"HIST1H1C","PML"
"NAT10","PML"
"PML","RPL18"
"PML","RPS27A"
"P4HB","PML"
"PML","RPL5"
"BRD1","PML"
"RPL6","UPF1"
"TNIP2","UPF1"
"FBL","UPF1"
"GRWD1","UPF1"
"ABT1","UPF1"
"PML","UPF1"
"EGFR","UPF1"
"RPL5","UPF1"
"RPS16","UPF1"
"RPA3","UPF1"
"UBE2H","UPF1"
"CEBPB","UPF1"
"SF3B2","SNRPF"
"SF3B2","SNRPD2"
"CHD4","SF3B2"
"SF3B2","SRRM2"
"RPA3","SF3B2"
"GRWD1","SF3B2"
"RPS16","SF3B2"
"EGFR","SF3B2"
"KRT18","SF3B2"
"HNRNPM","SF3B2"
"SF3B2","UBE2H"
"CEBPB","SF3B2"
"FTSJ3","HIST1H1C"
"CKAP4","HIST1H1C"
"HIST1H1C","NAT10"
"HIST1H1C","HMGA1"
"HIST1H1C","RPS27A"
"HIST1H1C","RPL6"
"HIST1H1C","RPL18"
"HIST1H1C","HIST1H1C"
"CHD4","HIST1H1C"
"GRWD1","HIST1H1C"
"ABT1","HIST1H1C"
"HIST1H1C","RNF8"
"HIST1H1C","RPA3"
"HIST1H1C","PML"
"CEBPB","HIST1H1C"
"CHD4","GRWD1"
"GRWD1","HNRNPM"
"GRWD1","RPL18"
"GRWD1","UPF1"
"GRWD1","RPL5"
"GRWD1","HIST1H1C"
"GRWD1","NAT10"
"GRWD1","RPL6"
"GRWD1","TNIP2"
"GRWD1","RAC2"
"GRWD1","UBE2H"
"CEBPB","GRWD1"
"ANXA2","JUP"
"EGFR","JUP"
"DYNLL1","JUP"
"CHD4","JUP"
"JUP","LAMP1"
"JUP","LYN"
"CCR1","JUP"
"JUP","PIGT"
"JUP","RAC2"
"JUP","RNF8"
"JUP","NTRK3"
"JUP","RPA3"
"JUP","UBE2H"
"CEBPB","JUP"
"RPL18","RPL5"
"RPL18","RPL6"
"RPL18","RPS16"
"RPL18","RPS27A"
"FTSJ3","RPL18"
"ABT1","RPL18"
"FBL","RPL18"
"HNRNPM","RPL18"
"RPA3","RPL18"
"CHD4","RPL18"
"GRWD1","RPL18"
"EGFR","RPL18"
"RPL18","TRIM23"
"PML","RPL18"
"RPL18","UBE2H"
"HIST1H1C","RPL18"
"CEBPB","RPL18"
"CKAP4","CKAP4"
"CKAP4","HIST1H1C"
"CKAP4","LAMP1"
"CKAP4","EGFR"
"CKAP4","PIGT"
"CCR1","CKAP4"
"CKAP4","RAC2"
"CKAP4","RPS16"
"CKAP4","RNF8"
"ANXA2","CKAP4"
"CKAP4","RPA3"
"CKAP4","UBE2H"
"DYNLL1","TNIP2"
"SRRM2","TNIP2"
"GRWD1","TNIP2"
"RELA","TNIP2"
"SNRPF","TNIP2"
"KRT1","TNIP2"
"P4HB","TNIP2"
"TNIP2","TNIP2"
"HNRNPM","TNIP2"
"TNIP2","UPF1"
"CEBPB","TNIP2"
"ACTN4","TNIP2"
"RPA3","TNIP2"
"SNRPD2","SRRM2"
"SNRPF","SRRM2"
"HNRNPM","SRRM2"
"RPL6","SRRM2"
"FBL","SRRM2"
"EGFR","SRRM2"
"SRRM2","TNIP2"
"CHD4","SRRM2"
"LYN","SRRM2"
"RPA3","SRRM2"
"SRRM2","UBE2H"
"CEBPB","SRRM2"
"ANXA2","HMGA1"
"ANXA2","RELA"
"ANXA2","CKAP4"
"ANXA2","UBE3A"
"ANXA2","RPA3"
"ANXA2","CHD4"
"ANXA2","EGFR"
"ANXA2","SH2D3C"
"ANXA2","JUP"
"ANXA2","PML"
"ANXA2","RNF8"
"ANXA2","UBE2H"
"ANXA2","CEBPB"
"PSMD3","PSMD3"
"PSMD3","RPS27A"
"PSMD3","SNRPD2"
"PSMD3","UBE3A"
"EGFR","PSMD3"
"PSMD3","RPA3"
"PSMD3","UBE2H"
"CEBPB","PSMD3"
"LYN","LYN"
"LYN","SH2D3C"
"LYN","SRRM2"
"BSG","LYN"
"EGFR","LYN"
"JUP","LYN"
"LYN","SLC3A2"
"LYN","RPL5"
"LAMP1","LYN"
"LYN","RAC2"
"LYN","RNF8"
"BSG","BSG"
"BSG","MON2"
"ACTN4","BSG"
"BSG","SLC3A2"
"BSG","LAMP1"
"BSG","LYN"
"BSG","NRP1"
"BSG","RAC2"
"BSG","NTRK3"
"BSG","RPA3"
"SNRPD2","SNRPF"
"RPS16","SNRPD2"
"SNRPD2","SRRM2"
"EGFR","SNRPD2"
"CHD4","SNRPD2"
"PSMD3","SNRPD2"
"RPA3","SNRPD2"
"SNRPD2","UBE2H"
"RPS27A","SNRPD2"
"CEBPB","SNRPD2"
"KHSRP","TNIP2"
"KHSRP","RPA3"
"KHSRP","UBE2H"
"CEBPB","KHSRP"
"ANXA2","KHSRP"
"NAT10","RPL5"
"NAT10","NAT10"
"CHD4","NAT10"
"FBL","NAT10"
"GRWD1","NAT10"
"HIST1H1C","NAT10"
"ABT1","NAT10"
"EGFR","NAT10"
"NAT10","RPA3"
"NAT10","PML"
"CEBPB","NAT10"
"EIF3B","RPS16"
"EIF3B","SRRM2"
"EIF3B","UPF1"
"EGFR","EIF3B"
"CHD4","EIF3B"
"EIF3B","GRWD1"
"EIF3B","RPL5"
"EIF3B","RPA3"
"EIF3B","UBE2H"
"CEBPB","EIF3B"
"ACTN4","TRIM23"
"ACTN4","EGFR"
"ACTN4","TNIP2"
"ACTN4","RELA"
"ACTN4","SH2D3C"
"ACTN4","NRP1"
"ACTN4","BSG"
"ACTN4","RPA3"
"ACTN4","UBE2H"
"ACTN4","CEBPB"
"IGF2BP2","UPF1"
"IGF2BP2","TNIP2"
"FBL","IGF2BP2"
"BRD1","IGF2BP2"
"IGF2BP2","LYN"
"IGF2BP2","RPA3"
"IGF2BP2","UBE2H"
"CEBPB","IGF2BP2"
"P4HB","P4HB"
"EGFR","P4HB"
"P4HB","TNIP2"
"LDLR","P4HB"
"P4HB","SNRPF"
"P4HB","RNF8"
"P4HB","RPA3"
"P4HB","PML"
"P4HB","UBE2H"
"CEBPB","P4HB"
"RPS16","SRP72"
"RPL6","SRP72"
"RPL18","SRP72"
"RPL5","SRP72"
"FTSJ3","SRP72"
"FBL","SRP72"
"CKAP4","SRP72"
"ABT1","SRP72"
"RPA3","SRP72"
"SRP72","UBE2H"
"CEBPB","SRP72"
"UBE3A","UBE3A"
"ANXA2","UBE3A"
"PSMD3","UBE3A"
"PML","UBE3A"
"KRT1","UBE3A"
"RPA3","UBE3A"
"EGFR","EIF3E"
"EIF3E","RPL5"
"EIF3E","RPS16"
"EIF3E","RPA3"
"EIF3E","PML"
"EIF3E","UBE2H"
"CEBPB","EIF3E"
"CARM1","RELA"
"CARM1","CEBPB"
"CARM1","LDLR"
"CARM1","EGFR"
"CARM1","PSMD3"
"CARM1","RPA3"
"CARM1","UBE2H"
"RNF8","RNF8"
"CHD4","RNF8"
"LYN","RNF8"
"KRT1","RNF8"
"HIST1H1C","RNF8"
"ANXA2","RNF8"
"JUP","RNF8"
"P4HB","RNF8"
"FBL","RNF8"
"CKAP4","RNF8"
"EGFR","RNF8"
"CKAP4","RAC2"
"BSG","RAC2"
"RAC2","SLC3A2"
"JUP","RAC2"
"FBL","RAC2"
"EGFR","RAC2"
"GRWD1","RAC2"
"LYN","RAC2"
"KPNA3","RELA"
"KPNA3","TNIP2"
"KPNA3","LDLR"
"HMGA1","KPNA3"
"KPNA3","RPA3"
"CHD4","VARS"
"EGFR","VARS"
"RPA3","VARS"
"UBE2H","VARS"
"CEBPB","VARS"
"KRT1","KRT18"
"KRT1","UBE3A"
"EGFR","KRT1"
"KRT1","TNIP2"
"CHD4","KRT1"
"KRT1","TRIM23"
"KRT1","RNF8"
"KRT1","UBE2H"
"PUM1","UPF1"
"EGFR","PUM1"
"PUM1","TNIP2"
"FBL","PUM1"
"PUM1","UBE2H"
"FBL","YTHDC2"
"ABT1","YTHDC2"
"RPS16","YTHDC2"
"HIST1H1C","YTHDC2"
"RPL5","YTHDC2"
"RPA3","YTHDC2"
"UBE2H","YTHDC2"
"RELA","SPAG9"
"CHD4","SPAG9"
"SPAG9","TNIP2"
"SPAG9","TSPAN15"
"PML","SPAG9"
"PSMD3","SPAG9"
"DEK","FTSJ3"
"CHD4","DEK"
"DEK","UBE3A"
"DEK","SH2D3C"
"DEK","NRP1"
"BSG","DEK"
"DEK","RPA3"
"DEK","UBE2H"
"CEBPB","DEK"
"GRWD1","PPM1G"
"PPM1G","SRRM2"
"PPM1G","RPA3"
"PPM1G","UBE2H"
"CEBPB","PPM1G"
"CHD4","USP39"
"EGFR","USP39"
"SNRPD2","USP39"
"SNRPF","USP39"
"RPA3","USP39"
"UBE2H","USP39"
"EIF5B","FTSJ3"
"EGFR","EIF5B"
"EIF5B","FBL"
"EIF5B","RNF8"
"EIF5B","RPA3"
"EIF5B","UBE2H"
"CEBPB","EIF5B"
"FBL","SMARCA1"
"CHD4","SMARCA1"
"LYN","SMARCA1"
"HMGA1","SMARCA1"
"PCDH7","SLC3A2"
"KRT18","PCDH7"
"ANXA2","PCDH7"
"PCDH7","RPL5"
"P4HB","PCDH7"
"KRT1","PCDH7"
"PCDH7","RPS27A"
"LAMP1","PCDH7"
"LYN","PCDH7"
"PCDH7","RAC2"
"ABT1","FTSJ3"
"ABT1","NAT10"
"ABT1","HIST1H1C"
"ABT1","UPF1"
"ABT1","FBL"
"ABT1","RPL18"
"ABT1","RPS16"
"ABT1","EGFR"
"KPNA4","PML"
"CHD4","KPNA4"
"KPNA4","RELA"
"KPNA4","NTRK3"
"KPNA4","LDLR"
"KPNA4","RPA3"
"CEBPB","KPNA4"
"NTRK3","SLC3A2"
"MON2","NTRK3"
"BSG","NTRK3"
"LAMP1","NTRK3"
"JUP","NTRK3"
"POLR1A","RELA"
"FBL","POLR1A"
"NRP1","POLR1A"
"EGFR","POLR1A"
"LYN","POLR1A"
"POLR1A","RPA3"
"AQR","SNRPF"
"AQR","CHD4"
"AQR","EGFR"
"AQR","RPA3"
"AQR","UBE2H"
"LDLR","P4HB"
"LDLR","MON2"
"LDLR","SNRPF"
"EGFR","LDLR"
"LDLR","SH2D3C"
"BRD1","LDLR"
"BCR","DYNLL1"
"BCR","RPA3"
"RTN4","SPG21"
"HNRNPM","RTN4"
"RPA3","RTN4"
"CKAP4","RTN4"
"RTN4","TSPAN15"
"BSG","RTN4"
"PML","RTN4"
"BRD1","CHD4"
"BRD1","FBL"
"BRD1","LDLR"
"BRD1","PML"
"EPS15L1","PML"
"EPS15L1","TRIM23"
"ACTN4","AGRN"
"AGRN","HMGA1"
"RELA","VPRBP"
"FTSJ3","VPRBP"
"HIST1H1C","VPRBP"
"RPL6","VPRBP"
"RPL18","VPRBP"
"BRD1","VPRBP"
"ABT1","VPRBP"
"EGFR","VPRBP"
"DYNLL1","VPRBP"
"EGFR","WDR18"
"RPL5","WDR18"
"RPA3","WDR18"
"UBE2H","WDR18"
"CEBPB","WDR18"
"GRWD1","NOL10"
"NAT10","NOL10"
"CHD4","NOL10"
"FBL","NOL10"
"HNRNPM","NOL10"
"ABT1","NOL10"
"HIST1H1C","NOL10"
"EGFR","NOL10"
"NOL10","RPA3"
"AUP1","CKAP4"
"AUP1","LAMP1"
"AUP1","RAC2"
"AUP1","EGFR"
"AUP1","RPA3"
"AUP1","UBE2H"
"FTSJ3","RBM4B"
"RBM4B","RPL5"
"RBM4B","RPL18"
"RBM4B","UPF1"
"NAT10","RBM4B"
"RBM4B","RPL6"
"HNRNPM","RBM4B"
"ABT1","RBM4B"
"CKAP4","ERGIC2"
"ERGIC2","MON2"
"ERGIC2","SH2D3C"
"EGFR","SNX9"
"LYN","SNX9"
"RPA3","SNX9"
"SNX9","UBE2H"
"FTSJ3","SETD2"
"ACTN4","SIN3B"
"LDLR","SIN3B"
"EXOSC4","UPF1"
"EGFR","EXOSC4"
"EXOSC4","RPS16"
"EXOSC4","UBE2H"
"CASC3","UPF1"
"CASC3","TNIP2"
"CASC3","RPS16"
"CKAP4","UNC93B1"
"KRT1","UNC93B1"
"MON2","UNC93B1"
"PIGT","UNC93B1"
"SNRPD2","UNC93B1"
"SNRPF","UNC93B1"
"TSPAN15","UNC93B1"
"RSBN1L","SRRM2"
"ABT1","RSBN1L"
"RPS16","RSBN1L"
"DYNLL1","RSBN1L"
"RPL5","RSBN1L"
"NRP1","NRP1"
"BSG","NRP1"
"ACTN4","NRP1"
"PSMD3","RNF130"
"P4HB","RNF130"
"RNF130","RPS27A"
"EGFR","RNF130"
"CHD4","HCK"
"HCK","LYN"
"EGFR","HCK"
"TRIM23","TRIM23"
"SPG21","TRIM23"
"RPS27A","TRIM23"
"RPL18","TRIM23"
"KRT1","TRIM23"
"HNRNPM","TRIM23"
"RPL6","TRIM23"
"TRIM23","UBE2H"
"EGFR","TRIM23"
"ACTN4","TRIM23"
"EGFR","MON2"
"LDLR","MON2"
"BSG","MON2"
"MON2","NTRK3"
"MON2","RPA3"
"BAIAP2L1","LAMP1"
"BAIAP2L1","LYN"
"BAIAP2L1","NRP1"
"BAIAP2L1","RAC2"
"BAIAP2L1","NTRK3"
"BAIAP2L1","EGFR"
"BAIAP2L1","PML"
"LAMP1","TNFAIP3"
"TNFAIP3","TNIP2"
"CEBPB","TNFAIP3"
"TNFAIP3","TRIM23"
"HIST1H2AM","NAT10"
"ABT1","HIST1H2AM"
"FTSJ3","HIST1H2AM"
"HIST1H2AM","RPS16"
"HNRNPM","TSC1"
"EGFR","TSC1"
"RPA3","TSC1"
"SCAMP1","SPG21"
"SCAMP1","UBE3A"
"LAMP1","SCAMP1"
"LYN","SCAMP1"
"SCAMP1","TSPAN15"
"RAC2","SCAMP1"
"NTRK3","SCAMP1"
"RPA3","SCAMP1"
"CPNE8","TNIP2"
"CPNE8","LAMP1"
"CPNE8","LYN"
"CPNE8","NRP1"
"BSG","CPNE8"
"CPNE8","RAC2"
"CPNE8","EGFR"
"BSG","EPHA5"
"EPHA5","JUP"
"EPHA5","RAC2"
"EGFR","EPHA5"
"EPHA5","LDLR"
"BRD1","MCM3AP"
"EGFR","MCM3AP"
"MCM3AP","RPA3"
"EGFR","TNIK"
"LAMP1","TNIK"
"LYN","TNIK"
"NTRK3","TNIK"
"RPA3","TNIK"
"MRPL3","RPL18"
"ABT1","MRPL3"
"PSMD3","SHFM1"
"SHFM1","UBE3A"
"EGFR","SHFM1"
"INA","KRT18"
"KRT18","NEFM"
"NEFM","SNRPD2"
"DES","JUP"
"DES","KRT18"
"DES","KRT1"
"ACTN4","HDAC7"
"HDAC7","PML"
"HDAC7","RAC2"
"EGFR","HDAC7"
"NCLN","PIGT"
"EGFR","NCLN"
"LAMP1","NCLN"
"NCLN","NRP1"
"BSG","NCLN"
"NCLN","RAC2"
"NCLN","RPA3"
"NCLN","UBE2H"
"GPN1","PML"
"EGFR","GPN1"
"GPN1","RPA3"
"GPN1","UBE2H"
"EGFR","RNF126"
"RNF126","RNF8"
"RNF126","TRIM23"
"RNF126","UBE2H"
"FBL","KIAA1598"
"KIAA1598","UBE2H"
"RBPMS","RPS27A"
"EGFR","SORBS1"
"ACTN4","FBXO43"
"FBXO43","RPS27A"
"EGFR","FOXO3"
"FOXO3","LDLR"
"UBE3A","UFD1L"
"MRPS24","RPL6"
"DYNLL1","MRPS24"
"MRPS24","RPL18"
"ABT1","MRPS24"
"MRPS24","RPA3"
"MRPS24","UBE2H"
"CCDC101","LDLR"
"CCDC101","CEBPB"
"AHR","RELA"
"AHR","PSMD3"
"EGFR","WDR44"
"PIGT","TGM1"
"CCR1","TGM1"
"RNF8","TGM1"
"TGM1","UBE2H"
"RPS27A","ZCRB1"
"UPF1","ZCRB1"
"RPS16","ZCRB1"
"SNRPF","ZCRB1"
"TNIP2","ZCRB1"
"HIST1H1C","ZCRB1"
"ABT1","ZCRB1"
"EGFR","ZCRB1"
"SNRPD2","ZCRB1"
"AP3S1","EGFR"
"AP3S1","SH2D3C"
"AP3S1","RPA3"
"AP3S1","UBE2H"
"RNF219","TNIP2"
"RNF219","RPA3"
"RNF219","UBE2H"
"SAMD1","UPF1"
"BSG","SAMD1"
"LDLR","SAMD1"
"EGFR","HIST1H2AA"
"HIST1H2AC","HMGA1"
"HIST1H2AC","UBE2H"
"HIST1H1C","HIST1H2AC"
"BSG","HSPA12A"
"HSPA12A","LAMP1"
"EGFR","HSPA12A"
"ANXA2","MAP1S"
"MAP1S","RPA3"
"MAP1S","PML"
"MAP1S","UBE2H"
"ANXA11","ANXA2"
"ANXA11","EGFR"
"ANXA11","CEBPB"
"HIST1H1C","IL7R"
"IL7R","SNRPD2"
"IL7R","SNRPF"
"IL7R","RPL6"
"IL7R","RPL18"
"TCEA2","TRIM23"
"CTPS2","SPG21"
"CTPS2","RPA3"
"CTPS2","UBE2H"
"AMOTL1","TNIP2"
"AMOTL1","DYNLL1"
"TNIP2","WASF1"
"RAC2","WASF1"
"KIAA0753","KRT18"
"SAMD4B","UPF1"
"CKAP4","LYPD3"
"LYPD3","PIGT"
"CKAP4","TMEM214"
"RAC2","TMEM214"
"RPA3","TMEM214"
"CKAP4","NEIL3"
"ARMC6","EGFR"
"ARMC6","SH2D3C"
"ARMC6","BRD1"
"ARMC6","RPA3"
"ARMC6","CEBPB"
"CKAP4","EPHB4"
"EPHB4","HIST1H1C"
"EPHB4","RAC2"
"BSG","EPHB4"
"BRD1","CPSF3L"
"ACP1","EGFR"
"ACP1","UBE2H"
"GNAI1","PSMD3"
"EGFR","GNAI1"
"GNAI1","NRP1"
"BSG","GNAI1"
"GNAI1","RPA3"
"CEBPB","GNAI1"
"BCL11A","CHD4"
"SPG21","TRIM9"
"CDC7","EGFR"
"CEBPB","DENND1A"
"MON2","TNFSF13B"
"LYN","PLCG2"
"PLCG2","PSMD3"
"EGFR","PLCG2"
"NTRK3","PLCG2"
"LDLR","SH2D3C"
"ACTN4","SH2D3C"
"ANXA2","SH2D3C"
"SH2D3C","SH2D3C"
"LYN","SH2D3C"
"EGFR","SH2D3C"
"JUP","SCN3B"
"RNF8","SCN3B"
"HINFP","SRRM2"
"EGFR","HINFP"
"EGFR","EXOC5"
"EXOC5","RPA3"
"RPA3","TYMS"
"CASKIN2","LYN"
"CASKIN2","RNF8"
"CSNK1G2","SRRM2"
"CEBPB","MED26"
"MED26","PML"
"EGFR","MED26"
"CLDN4","EGFR"
"CLDN4","JUP"
"CLDN4","SLC3A2"
"MKRN3","TRIM23"
"MKRN3","UPF1"
"MKRN3","UBE2H"
"CSNK1G3","LAMP1"
"CSNK1G3","LYN"
"CSNK1G3","RAC2"
"PML","PPWD1"
"EGFR","PPWD1"
"PPWD1","SNRPF"
"PPWD1","RPA3"
"CCDC88C","LYN"
"CCDC88C","UBE2H"
"MRPL27","RPL6"
"MRPL27","RPL18"
"MRPL27","UBE2H"
"KRT1","PIGR"
"PIGR","SLC3A2"
"PIGR","SNRPF"
"PIGR","PML"
"MARK1","TNIP2"
"HNRNPM","PRAME"
"ANKRD52","RPA3"
"EGFR","TP53RK"
"RPA3","TP53RK"
"ELF1","HMGA1"
"ATL2","RPA3"
"KRT1","TRIM54"
"DYNLL1","TRIM54"
"SPG21","TRIM54"
"HIST1H1C","PHRF1"
"EGFR","SPRY2"
"PJA2","TNIP2"
"BRD1","PJA2"
"BLVRA","RPA3"
"BLVRA","UBE2H"
"CEBPB","IRF2BPL"
"ARID4A","LDLR"
"AP1S2","EGFR"
"DIRAS2","KRT1"
"RPA3","RTEL1"
"EGFR","RTEL1"
"BRD1","PNPLA6"
"EGFR","GPX4"
"GPX4","UBE2H"
"MON2","PTPRN2"
"LDLR","PTPRN2"
"EGFR","NARFL"
"POP7","SH2D3C"
"EGFR","POP7"
"POP7","RPL5"
"POP7","RPS16"
"P4HB","TCEAL4"
"TCEAL4","UBE2H"
"INPP5K","UBE2H"
"RPS16","ZNF92"
"RFX1","RPA3"
"CEBPB","RFX1"
"RAC2","VPS13B"
"CDH13","EGFR"
"GORASP1","MON2"
"PPIP5K2","RPA3"
"CCDC84","NAT10"
"CCDC84","EGFR"
"EGFR","FER"
"EGFR","NDFIP1"
"NDFIP1","NTRK3"
"RPA3","SCCPDH"
"CEBPB","SCCPDH"
"CCDC59","FTSJ3"
"CCDC59","TNIP2"
"BSG","COG3"
"COG3","SPG21"
"COG3","EGFR"
"CEBPB","COG3"
"RPS27A","ZNF408"
"LDLR","ZNF408"
"TRIM23","ZNF408"
"HES1","TNIP2"
"LDLR","MCM8"
"CHD4","PMF1"
"EGFR","PMF1"
"P4HB","PTPRN"
"MON2","PTPRN"
"THOP1","UBE2H"
"EGFR","THOP1"
"RPA3","THOP1"
"CEBPB","THOP1"
"HERC3","RELA"
"MON2","PDE2A"
"ALDH1A3","SH2D3C"
"CCR1","CKAP4"
"CCR1","JUP"
"CCR1","DYNLL1"
"ECEL1","LDLR"
"PLEKHA6","UBE2H"
"UBL7","UPF1"
"CBR3","LDLR"
"CBR3","CCR1"
"HIST1H1C","PRKAR2B"
"DYNLL1","PRKAR2B"
"PML","ZMYM1"
"RPA3","ZMYM1"
"BSND","SPG21"
"EPHA10","P4HB"
"CKAP4","EPHA10"
"EPCAM","NTRK3"
"BSG","EPCAM"
"EGFR","EPCAM"
"SRRM2","STYX"
"EGFR","STYX"
"LDLR","PCSK9"
"SPG21","SPG21"
"SPG21","TRIM23"
"EGFR","LAD1"
"ATP2B2","BSG"
"CCR1","HPX"
"HPX","UBE2H"
"FAM32A","FBL"
"FAM32A","UBE2H"
"GALNT2","RPA3"
"EMILIN1","TNIP2"
"EGFR","SOS2"
"FTSJ3","SAT1"
"RELA","SAT1"
"PIGT","SGCA"
"SPIN3","UBE2H"
"BSG","FGFRL1"
"RPA3","RPS6KA6"
"FMN2","LAMP1"
"FMN2","LYN"
"RPA3","SMYD5"
"ABT1","PRDM5"
"PRDM5","UPF1"
"FTSJ3","PRDM5"
"DYNLL1","SECISBP2L"
"EGFR","SH3GL2"
"LYN","PACS1"
"ADAMTS3","BSG"
"ADAMTS3","EGFR"
"ADAMTS3","LDLR"
"EGFR","STAP2"
"EGFR","SRRM4"
"CKAP4","GRIA1"
"TNIP2","TPD52L1"
"DKK2","TRIM23"
"CDK15","JUP"
"OCIAD2","TSPAN15"
"OCIAD2","RPA3"
"IPO13","RPL5"
"EGFR","IPO13"
"BSG","NETO2"
"CHD4","FOXJ2"
"LYN","SLITRK4"
"RAC2","SLITRK4"
"BSG","SLITRK4"
"EGFR","SLITRK4"
"DCUN1D4","RPA3"
"TNIP2","TSC22D2"
"CTLA4","LYN"
"CTLA4","NRP1"
"HMOX1","TSPAN15"
"CCR1","HMOX1"
"HMOX1","PIGT"
"CADM1","RPA3"
"BSG","CADM1"
"CADM1","EGFR"
"CADM1","LDLR"
"LYN","TYW1"
"CKAP4","TYW1"
"TSPAN15","TYW1"
"RAC2","TYW1"
"CIR1","UBE2H"
"SCAPER","TNIP2"
"KRT18","SCAPER"
"MFAP3","TSPAN15"
"MAP3K11","RAC2"
"ATP6V1C2","CCR1"
"ABT1","ANKS3"
"MICAL1","SPG21"
"ABCA12","RPA3"
"NRP1","TGFBR3"
"ACSS1","RPA3"
"BSN","HIST1H1C"
"CAPN6","HIST1H1C"
"DNASE2B","TRIM23"
"POLE4","UBE3A"
"CEBPB","HEBP2"
"ALG3","LDLR"
"ALG3","TSPAN15"
"DUSP5","FTSJ3"
"DUSP5","RPL5"
"IRAK3","NTRK3"
"IRAK3","KRT18"
"PIGT","SERPINB7"
"CCR1","SERPINB7"
"SPG21","SYP"
"B4GALNT1","BSG"
"CNTN1","KRT18"
"FLRT2","RAC2"
"SLC3A2","SLC6A3"
"APLP1","BSG"
"EGFR","IYD"
"ACSS2","UPF1"
"ENOX1","TNIP2"
"LYN","RIMS2"
"EGFR","RIMS2"
"KRT1","KRT25"
"HIST1H1C","PLA2G4F"
"CHD4","DPEP2"
"RELA","TAF4B"
"FSD1L","LYN"
"BSG","GPC5"
"EGFR","GPC5"
"KLK7","UBE3A"
"CCR1","KLK7"
"KLK7","PIGT"
"KCNQ2","P4HB"
"EGFR","PRR19"
"CCR1","GAP43"
"HHEX","PML"
"SLC22A16","TSPAN15"
"LYN","SLC22A16"
"CCR1","SPRR2D"
"EGFR","SPRR2D"
"EGFR","SP5"
"FBL","NAP1L2"
"LOC642852","TNIP2"
"EGFR","SLC13A5"
"KRTCAP3","TSPAN15"
"TMC4","TSPAN15"
