"from","to"
"DHX15","SRSF1"
"DHX15","SRSF7"
"DHX15","NOP58"
"DHX15","NOP56"
"DHX15","SRSF10"
"DHX15","UBC"
"DHX15","SNRPB"
"DHX15","DYNC1H1"
"DHX15","RNF4"
"DHX15","KIF20A"
"DHX15","NUPR1"
"DHX15","FBP1"
"DHX15","RIT1"
"DHX15","UBE2O"
"DHX15","RICTOR"
"ACTG1","NUPR1"
"C1QBP","NUPR1"
"DHX15","NUPR1"
"EPHA2","NUPR1"
"HIST1H1E","NUPR1"
"MKI67","NUPR1"
"NOP56","NUPR1"
"NOP58","NUPR1"
"NUPR1","PARP1"
"NUPR1","PRKDC"
"NUPR1","RACGAP1"
"NUPR1","RBBP4"
"NUPR1","SNRPB"
"NUPR1","SRP9"
"NUPR1","SRSF1"
"NUPR1","SRSF10"
"NUPR1","SRSF7"
"NUPR1","XRCC5"
"SRSF1","SRSF7"
"SRSF10","SRSF7"
"SH3KBP1","SRSF7"
"DHX15","SRSF7"
"NEDD4","SRSF7"
"SRSF7","SUZ12"
"FBXO7","SRSF7"
"KIF20A","SRSF7"
"NUPR1","SRSF7"
"FBP1","SRSF7"
"RIT1","SRSF7"
"SNRPB","SRSF7"
"DCAF4","SRSF7"
"SRSF2","SRSF7"
"SRSF7","UBC"
"HIST1H1E","RPL37A"
"HIST1H1E","SRSF1"
"HIST1H1E","SRSF10"
"HIST1H1E","LRRC59"
"HIST1H1E","HIST1H1E"
"HIST1H1E","UBB"
"HIST1H1E","UBE3A"
"HIST1H1E","KIF20A"
"HIST1H1E","NUPR1"
"HIST1H1E","NAA40"
"HIST1H1E","ZBTB2"
"HIST1H1E","NOP56"
"HIST1H1E","IKZF1"
"HIST1H1E","RICTOR"
"HIST1H1E","RPA4"
"HIST1H1E","UBC"
"HSP90AA1","HSPA6"
"DHX15","HSPA6"
"HSPA6","RNF43"
"HSPA6","UBE2O"
"CENPA","CENPA"
"CENPA","PRKDC"
"CENPA","XRCC5"
"CENPA","CHAF1A"
"CENPA","MSH6"
"CENPA","RACGAP1"
"CENPA","RBBP4"
"CENPA","NOP56"
"CENPA","PARP1"
"NOP56","RPL37A"
"HIST1H1E","RPL37A"
"GNL3","RPL37A"
"NOP58","RPL37A"
"FBXO7","RPL37A"
"KIF20A","RPL37A"
"LRRC59","RPL37A"
"FBP1","RPL37A"
"RIT1","RPL37A"
"RPL37A","SRP9"
"RPL37A","UBE2O"
"RPA4","RPL37A"
"DYNC1H1","FGD5"
"CCT3","FGD5"
"FGD5","HSP90AA1"
"FGD5","TUBA1B"
"CCT3","DCAF4"
"DCAF4","FBXW5"
"DCAF4","DCAF4"
"DCAF4","SRSF7"
"DCAF4","UBE2O"
"DCAF4","PDIA3"
"DCAF4","GNL3"
"DCAF4","SRSF10"
"DCAF4","NOP58"
"DCAF4","OPTN"
"ACTG1","RPF2"
"DHX15","RPF2"
"RPF2","RPL37A"
"MKI67","RPF2"
"RPF2","ZBTB2"
"HIST1H1E","RPF2"
"RPF2","SRSF1"
"RIT1","RPF2"
"RFC5","UBC"
"NOP56","RFC5"
"NUPR1","RFC5"
"CENPA","RFC5"
"PARP1","RFC5"
"RFC5","RIT1"
"EPHA2","RHOG"
"RHOG","RICTOR"
"RHOG","TUBA1B"
"HSPE1","RHOG"
"LRRC59","RHOG"
"RHOG","SRP9"
"RHOG","RNF4"
"RHOG","UBC"
"EPHA2","RHOH"
"RHOH","RICTOR"
"RHOH","TUBA1B"
"RHOH","SRP9"
"HSPA1B","PDIA3"
"HSP90AA1","HSPA1B"
"HSPA1B","LRRK2"
"HSPA1B","RNF43"
"EPHA2","HSPA1B"
"KIF4A","NUPR1"
"CENPA","KIF4A"
"KIF4A","PARP1"
"KIF4A","NAA40"
"PRKDC","THOC6"
"SRSF10","THOC6"
"SUZ12","THOC6"
"SNRPB","THOC6"
"PARP1","THOC6"
"UBC","ZUFSP"
"MSH6","ZUFSP"
"RICTOR","ZUFSP"
"DYNC1H1","ZUFSP"
"FBXO7","MRPS14"
"C1QBP","MRPS14"
"MKI67","MRPS14"
"MRPS14","SRSF1"
"MRPS14","SRSF7"
"MRPS14","RHOG"
"MRPS14","RIT1"
"MRPS14","UBE2O"
"FBXO7","TOMM20"
"TOMM20","UBC"
"SRSF1","TOMM20"
"OPTN","TOMM20"
"RHOG","TOMM20"
"RIT1","TOMM20"
"TOMM20","UBE2O"
"RPA4","TOMM20"
"EPHA2","TMEM17"
"TMEM17","YWHAH"
"UBC","UBXN7"
"UBE3A","UBXN7"
"CENPA","UBXN7"
"PARP1","UBXN7"
"DCAF4","UBXN7"
"HIST1H1E","IMP3"
"IMP3","MKI67"
"IMP3","SRSF1"
"IMP3","RIT1"
"ASPM","UBE3A"
"ASPM","TUBA1B"
"ASPM","NDC80"
"NDC80","SPC25"
"RIT1","SPC25"
"CCT3","RFWD3"
"HSP90AA1","RFWD3"
"RFWD3","UBC"
"EFHD2","LRRK2"
"EFHD2","NUPR1"
"EFHD2","RHOD"
"DSTN","SRSF2"
"DSTN","HSPE1"
"ACTG1","DSTN"
"DSTN","UBE3A"
"C1QBP","MRPL10"
"MRPL10","RIT1"
"MRPL10","UBC"
"CDC20","CDT1"
"LAMP1","VPS45"
"RHOD","VPS45"
"RHOH","VPS45"
"RHOG","VPS45"
"RNF4","ZNF280C"
"NAA40","ZNF280C"
"ZBTB2","ZNF280C"
"DCAF4","ZNF280C"
"GINS4","RIT1"
"TSPYL5","TUBA1B"
"ORC6","XRCC5"
"ARL6IP5","YWHAH"
"ARL6IP5","RNF4"
"ARL6IP5","LRRC59"
"ARL6IP5","RHOD"
"ARL6IP5","RHOH"
"PTPN6","RPL37A"
"PTPN6","SRSF1"
"DHX15","NUDCD1"
"DYNC1H1","NUDCD1"
"NUDCD1","UBC"
"CHAF1A","RPS19BP1"
"FBXO7","RPS19BP1"
"MANF","MED4"
"LRRC59","MANF"
"MANF","ZBTB2"
"MANF","UBE2O"
"HIST1H1E","MANF"
"CENPA","NFATC2IP"
"NFATC2IP","PARP1"
"CENPK","SRSF7"
"CENPA","CENPK"
"CENPK","RIT1"
"SNRPB","SNUPN"
"SNUPN","XRCC5"
"CDC20","KIF18A"
"KIF18A","MKI67"
"APOBEC3B","RNF4"
"APOBEC3B","MKI67"
"APOBEC3B","SRSF7"
"DYNC1H1","PCBP4"
"PPCDC","RIT1"
"HSP90AA1","PI4K2A"
"PI4K2A","RHOU"
"LAMP1","PI4K2A"
"HSP90AA1","PI4K2B"
"CCT3","PI4K2B"
"FBXW5","PI4K2B"
"NR2C2AP","RIT1"
"FAM170A","NDC80"
"RNF4","ZNF227"
"SPRYD3","YWHAH"
"CCNY","LRRC59"
"CCNY","YWHAH"
"CCNY","RNF4"
"CCNY","NUPR1"
"CCNY","EPHA2"
"LAMP1","SLC48A1"
"GTSF1","LRRK2"
"HSPE1","SELM"
"TRIM59","UBC"
"RHOU","TRIM59"
"FAM163A","YWHAH"
"CDC20","FBXW5"
"CCT3","FBXW5"
"FBXW5","RICTOR"
"FBXW5","HSP90AA1"
"DCAF4","FBXW5"
"KIF20A","KIF20A"
"HIST1H1E","KIF20A"
"KIF20A","MKI67"
"KIF20A","NOP56"
"DHX15","KIF20A"
"KIF20A","NOP58"
"KIF20A","SRSF1"
"KIF20A","RACGAP1"
"KIF20A","SRSF7"
"KIF20A","SRSF2"
"KIF20A","PRKDC"
"KIF20A","RPL37A"
"KIF20A","XRCC5"
"GNL3","KIF20A"
"KIF20A","SMARCA4"
"KIF20A","SRSF10"
"KIF20A","SNRPB"
"C1QBP","KIF20A"
"KIF20A","RBBP4"
"KIF20A","PARP1"
"UBE3A","UBE3A"
"UBC","UBE3A"
"PDIA3","UBE3A"
"UBB","UBE3A"
"TUBA1B","UBE3A"
"HIST1H1E","UBE3A"
"NOP58","UBE3A"
"UBE3A","YWHAH"
"NAA40","PARP1"
"MSH6","NAA40"
"MKI67","NAA40"
"NAA40","PRKDC"
"CCT3","NAA40"
"NAA40","XRCC5"
"NAA40","NOP56"
"GNL3","NAA40"
"LRRC59","NAA40"
"NAA40","NAA40"
"C1QBP","NAA40"
"NAA40","PDIA3"
"HIST1H1E","NAA40"
"HSP90AA1","NAA40"
"NAA40","SMARCA4"
"NAA40","UBE2O"
"NAA40","OPTN"
"CCT3","TUBA1B"
"SRSF2","TUBA1B"
"RICTOR","TUBA1B"
"TUBA1B","UBE3A"
"OPALIN","TUBA1B"
"OPTN","TUBA1B"
"RHOG","TUBA1B"
"RHOD","TUBA1B"
"RHOU","TUBA1B"
"RHOH","TUBA1B"
"RIT1","TUBA1B"
"RNF43","TUBA1B"
"TUBA1B","UBE2O"
"EPHA2","TUBA1B"
"YWHAH","YWHAH"
"LRRK2","YWHAH"
"C1QBP","YWHAH"
"NEDD4","YWHAH"
"SRSF10","YWHAH"
"RICTOR","YWHAH"
"RACGAP1","YWHAH"
"UBE3A","YWHAH"
"OPTN","YWHAH"
"CDC20","YWHAH"
"LAMP1","YWHAH"
"SRSF1","YWHAH"
"HSP90AA1","YWHAH"
"UBE2O","UBE2O"
"UBC","UBE2O"
"SUZ12","UBE2O"
"RPL37A","UBE2O"
"CDC20","UBE2O"
"GNL3","UBE2O"
"DHX15","UBE2O"
"PARP1","UBE2O"
"ACTG1","UBE2O"
"NOP58","UBE2O"
"TUBA1B","UBE2O"
"DYNC1H1","UBE2O"
"PRKDC","UBE2O"
"MED4","UBE2O"
"NAA40","UBE2O"
"UBE2O","ZBTB2"
"RNF43","UBE2O"
"DCAF4","UBE2O"
"RACGAP1","YWHAH"
"RACGAP1","SH3KBP1"
"KIF20A","RACGAP1"
"MKI67","RACGAP1"
"NUPR1","RACGAP1"
"CENPA","RACGAP1"
"PARP1","RACGAP1"
"RACGAP1","RIT1"
"LAMP1","LAMP1"
"LAMP1","RICTOR"
"EPHA2","LAMP1"
"LAMP1","LRRC59"
"LAMP1","YWHAH"
"LAMP1","RNF4"
"C1QBP","LAMP1"
"HSP90AA1","LRRK2"
"LRRK2","YWHAH"
"LRRK2","LRRK2"
"LRRK2","PRKDC"
"DYNC1H1","LRRK2"
"ACTG1","LRRK2"
"LRRK2","RIT1"
"C1QBP","LRRK2"
"LRRC59","LRRK2"
"LRRK2","SRSF2"
"LRRK2","SRP9"
"LRRK2","SNRPB"
"LRRK2","PDIA3"
"LRRK2","NEDD4"
"RNF43","RNF43"
"EPHA2","RNF43"
"MKI67","RNF43"
"PDIA3","RNF43"
"RNF43","UBE2O"
"C1QBP","RNF43"
"RNF43","TUBA1B"
"HSP90AA1","HSP90AA1"
"HSP90AA1","LRRK2"
"DYNC1H1","HSP90AA1"
"HSP90AA1","PRKDC"
"ACTG1","HSP90AA1"
"FBXW5","HSP90AA1"
"EPHA2","HSP90AA1"
"HSP90AA1","HSPE1"
"HSP90AA1","IKZF1"
"HSP90AA1","YWHAH"
"HSP90AA1","RBBP4"
"FBXO7","HSP90AA1"
"HSP90AA1","MAD2L2"
"HSP90AA1","NAA40"
"HSP90AA1","SRSF10"
"HSP90AA1","RICTOR"
"IKZF1","RBBP4"
"IKZF1","SMARCA4"
"IKZF1","IKZF1"
"IKZF1","MAD2L2"
"HSP90AA1","IKZF1"
"IKZF1","PARP1"
"IKZF1","SNRPB"
"ACTG1","IKZF1"
"IKZF1","MKI67"
"HIST1H1E","IKZF1"
"IKZF1","RNF4"
"SH3KBP1","UBC"
"MKI67","UBC"
"RBBP4","UBC"
"CCT3","UBC"
"SRSF1","UBC"
"NOP56","UBC"
"FBXO7","UBC"
"C1QBP","UBC"
"OPTN","UBC"
"DHX15","UBC"
"UBC","UBC"
"UBC","UBE2O"
"UBC","UBE3A"
"UBC","XRCC5"
"HIST1H1E","UBC"
"CDC20","UBC"
"SRP9","UBC"
"RHOG","UBC"
"SRSF7","UBC"
"SUZ12","UBC"
"NEDD4","UBC"
"RNF4","UBC"
"FBP1","UBC"
"UBB","UBC"
"HSPE1","MKI67"
"MKI67","SUZ12"
"MKI67","NOP58"
"GNL3","MKI67"
"MKI67","RACGAP1"
"MKI67","UBC"
"MKI67","NOP56"
"MKI67","RNF4"
"KIF20A","MKI67"
"MKI67","NUPR1"
"MKI67","NAA40"
"MKI67","OPTN"
"MKI67","RNF43"
"CDC20","MKI67"
"MKI67","PARP1"
"IKZF1","MKI67"
"MKI67","RPA4"
"SH3KBP1","SH3KBP1"
"RACGAP1","SH3KBP1"
"SH3KBP1","SRSF7"
"SH3KBP1","UBC"
"SH3KBP1","SRSF1"
"SH3KBP1","SRSF10"
"CENPA","PARP1"
"PARP1","PRKDC"
"PARP1","XRCC5"
"PARP1","PARP1"
"NOP56","PARP1"
"NOP58","PARP1"
"PARP1","RACGAP1"
"PARP1","SUZ12"
"GNL3","PARP1"
"MSH6","PARP1"
"PARP1","SMARCA4"
"PARP1","RNF4"
"MKI67","PARP1"
"KIF20A","PARP1"
"PARP1","SNRPB"
"PARP1","SRSF2"
"PARP1","RPA4"
"NUPR1","PARP1"
"FBP1","PARP1"
"NAA40","PARP1"
"IKZF1","PARP1"
"PARP1","UBE2O"
"PARP1","SRSF10"
"PARP1","RICTOR"
"NDC80","NDC80"
"MED4","NDC80"
"NDC80","RNF4"
"OPTN","YWHAH"
"OPTN","UBC"
"OPTN","OPTN"
"OPTN","UBB"
"DCAF4","OPTN"
"HSPE1","OPTN"
"OPTN","SRP9"
"OPTN","TUBA1B"
"DYNC1H1","OPTN"
"OPTN","XRCC5"
"NOP56","OPTN"
"MKI67","OPTN"
"NAA40","OPTN"
"ACTG1","OPTN"
"EPHA2","EPHA2"
"EPHA2","HSP90AA1"
"EPHA2","TUBA1B"
"EPHA2","RICTOR"
"EPHA2","PDIA3"
"EPHA2","LAMP1"
"EPHA2","NUPR1"
"EPHA2","RHOG"
"EPHA2","RHOD"
"EPHA2","RHOU"
"EPHA2","RHOH"
"EPHA2","RNF43"
"CDC20","CDC20"
"CDC20","FBXW5"
"CCT3","CDC20"
"CDC20","UBB"
"CDC20","UBC"
"CDC20","MKI67"
"CDC20","MAD2L2"
"CDC20","RNF4"
"CDC20","RIT1"
"CDC20","YWHAH"
"CDC20","UBE2O"
"RBBP4","SUZ12"
"SUZ12","SUZ12"
"ACTG1","SUZ12"
"SRSF1","SUZ12"
"SUZ12","UBB"
"SRSF10","SUZ12"
"DYNC1H1","SUZ12"
"NOP58","SUZ12"
"SUZ12","XRCC5"
"C1QBP","SUZ12"
"SRSF7","SUZ12"
"CCT3","SUZ12"
"PDIA3","SUZ12"
"SMARCA4","SUZ12"
"CHAF1A","SUZ12"
"MKI67","SUZ12"
"PARP1","SUZ12"
"SUZ12","ZBTB2"
"SUZ12","UBE2O"
"SUZ12","UBC"
"GNL3","RIT1"
"RIT1","SMARCA4"
"MAD2L2","RIT1"
"RIT1","RIT1"
"CDC20","RIT1"
"DHX15","RIT1"
"CCT3","RIT1"
"HSPE1","RIT1"
"MED4","RIT1"
"NOP56","RIT1"
"NOP58","RIT1"
"RACGAP1","RIT1"
"RBBP4","RIT1"
"RIT1","RPL37A"
"RIT1","SRP9"
"RIT1","SRSF1"
"RIT1","SRSF2"
"RIT1","SRSF7"
"RIT1","TUBA1B"
"RIT1","XRCC5"
"LRRK2","RIT1"
"SRSF1","SRSF10"
"CCT3","SRSF10"
"PRKDC","SRSF10"
"HSP90AA1","SRSF10"
"PARP1","SRSF10"
"DHX15","SRSF10"
"SRSF10","SUZ12"
"FBXO7","SRSF10"
"KIF20A","SRSF10"
"NUPR1","SRSF10"
"SRSF10","ZBTB2"
"SRSF10","YWHAH"
"SRSF10","SRSF7"
"SH3KBP1","SRSF10"
"HIST1H1E","SRSF10"
"DCAF4","SRSF10"
"CCT3","TUBA1B"
"CCT3","UBC"
"CCT3","CDC20"
"CCT3","SUZ12"
"CCT3","HSPE1"
"CCT3","DCAF4"
"CCT3","NAA40"
"CCT3","FBXW5"
"CCT3","RIT1"
"ACTG1","CCT3"
"CCT3","SRSF10"
"CCT3","RICTOR"
"UBB","UBE3A"
"UBB","UBB"
"NEDD4","UBB"
"SRSF1","UBB"
"UBB","UBC"
"CDC20","UBB"
"SUZ12","UBB"
"FBXO7","UBB"
"OPTN","UBB"
"RHOU","UBB"
"HIST1H1E","UBB"
"PRKDC","PRKDC"
"PRKDC","XRCC5"
"PRKDC","SRSF10"
"PRKDC","SRSF2"
"PRKDC","SRSF1"
"DYNC1H1","PRKDC"
"PARP1","PRKDC"
"CHAF1A","PRKDC"
"CENPA","PRKDC"
"MSH6","PRKDC"
"LRRK2","PRKDC"
"HSP90AA1","PRKDC"
"PRKDC","RNF4"
"KIF20A","PRKDC"
"NUPR1","PRKDC"
"FBP1","PRKDC"
"NAA40","PRKDC"
"OPALIN","PRKDC"
"PRKDC","UBE2O"
"PRKDC","RICTOR"
"PRKDC","XRCC5"
"PARP1","XRCC5"
"CHAF1A","XRCC5"
"XRCC5","XRCC5"
"C1QBP","XRCC5"
"CENPA","XRCC5"
"MSH6","XRCC5"
"DYNC1H1","XRCC5"
"SUZ12","XRCC5"
"UBC","XRCC5"
"RNF4","XRCC5"
"KIF20A","XRCC5"
"NUPR1","XRCC5"
"FBP1","XRCC5"
"NAA40","XRCC5"
"OPTN","XRCC5"
"RIT1","XRCC5"
"CHAF1A","CHAF1A"
"CHAF1A","PRKDC"
"CHAF1A","XRCC5"
"CHAF1A","RBBP4"
"CHAF1A","MSH6"
"CHAF1A","SUZ12"
"CHAF1A","MAD2L2"
"CENPA","CHAF1A"
"CHAF1A","SMARCA4"
"CHAF1A","MSH6"
"MSH6","XRCC5"
"MSH6","PRKDC"
"MSH6","SRSF1"
"LRRC59","MSH6"
"CENPA","MSH6"
"MSH6","NAA40"
"MSH6","ZBTB2"
"MSH6","PARP1"
"NOP56","NOP58"
"GNL3","NOP56"
"NOP56","RPL37A"
"DHX15","NOP56"
"NOP56","SMARCA4"
"MKI67","NOP56"
"NOP56","PDIA3"
"HIST1H1E","NOP56"
"NOP56","UBC"
"MED4","NOP56"
"MAD2L2","NOP56"
"KIF20A","NOP56"
"C1QBP","NOP56"
"LRRC59","NOP56"
"NOP56","NUPR1"
"NOP56","RNF4"
"CENPA","NOP56"
"NOP56","PARP1"
"NAA40","NOP56"
"NOP56","ZBTB2"
"NOP56","OPTN"
"NOP56","RIT1"
"NOP58","RPL37A"
"NOP58","NOP58"
"NOP56","NOP58"
"GNL3","NOP58"
"DHX15","NOP58"
"NOP58","SUZ12"
"NOP58","RNF4"
"NOP58","UBE3A"
"MAD2L2","NOP58"
"KIF20A","NOP58"
"MKI67","NOP58"
"NOP58","NUPR1"
"NOP58","PARP1"
"NOP58","ZBTB2"
"NOP58","RIT1"
"NOP58","UBE2O"
"DCAF4","NOP58"
"RBBP4","SMARCA4"
"SMARCA4","SMARCA4"
"ACTG1","SMARCA4"
"CHAF1A","SMARCA4"
"SMARCA4","SUZ12"
"IKZF1","SMARCA4"
"NOP56","SMARCA4"
"KIF20A","SMARCA4"
"NAA40","SMARCA4"
"RIT1","SMARCA4"
"PARP1","SMARCA4"
"PDIA3","SMARCA4"
"FBXO7","FBXO7"
"FBXO7","RBBP4"
"FBXO7","UBB"
"DYNC1H1","FBXO7"
"FBXO7","HSP90AA1"
"FBXO7","GNL3"
"FBXO7","SRSF10"
"FBXO7","RPL37A"
"FBXO7","SRSF7"
"FBXO7","UBC"
"GNL3","NOP56"
"GNL3","RPL37A"
"GNL3","NOP58"
"GNL3","RBBP4"
"FBXO7","GNL3"
"GNL3","KIF20A"
"C1QBP","GNL3"
"GNL3","MKI67"
"GNL3","PARP1"
"GNL3","NAA40"
"GNL3","ZBTB2"
"GNL3","RIT1"
"GNL3","SRP9"
"GNL3","UBE2O"
"DCAF4","GNL3"
"SRSF1","SRSF1"
"SRSF1","SRSF2"
"SRSF1","SRSF10"
"SRSF1","YWHAH"
"SRSF1","SRSF7"
"DYNC1H1","SRSF1"
"C1QBP","SRSF1"
"SRSF1","UBC"
"DHX15","SRSF1"
"SRSF1","SUZ12"
"HIST1H1E","SRSF1"
"KIF20A","SRSF1"
"NUPR1","SRSF1"
"FBP1","SRSF1"
"SRSF1","UBB"
"SH3KBP1","SRSF1"
"RIT1","SRSF1"
"SNRPB","SRSF1"
"MSH6","SRSF1"
"PRKDC","SRSF1"
"RICTOR","SRSF1"
"DYNC1H1","XRCC5"
"DYNC1H1","DYNC1H1"
"DYNC1H1","HSP90AA1"
"DYNC1H1","SNRPB"
"DYNC1H1","LRRK2"
"DYNC1H1","SUZ12"
"DYNC1H1","FBXO7"
"DYNC1H1","MAD2L2"
"DYNC1H1","OPTN"
"DHX15","DYNC1H1"
"DYNC1H1","PRKDC"
"DYNC1H1","SRSF2"
"DYNC1H1","SRSF1"
"DYNC1H1","UBE2O"
"DYNC1H1","RICTOR"
"ZBTB2","ZBTB2"
"HIST1H1E","ZBTB2"
"NOP56","ZBTB2"
"RBBP4","ZBTB2"
"GNL3","ZBTB2"
"NOP58","ZBTB2"
"SRSF10","ZBTB2"
"SUZ12","ZBTB2"
"MSH6","ZBTB2"
"SRSF2","ZBTB2"
"SNRPB","ZBTB2"
"LRRC59","ZBTB2"
"UBE2O","ZBTB2"
"NEDD4","NEDD4"
"NEDD4","UBC"
"NEDD4","YWHAH"
"NEDD4","SRSF7"
"NEDD4","UBB"
"FBP1","NEDD4"
"NEDD4","PDIA3"
"HSPE1","NEDD4"
"LRRK2","NEDD4"
