"gene_list","mutation","precog_metaZ","tot_int","mut_int","network_score"
"DHX15","NONE",3.09,301,157,81.890365448505
"NUPR1","NONE",-2.949,263,141,75.5931558935361
"SRSF7","NONE",2.957,206,105,53.5194174757282
"HIST1H1E","NONE",2.675,247,108,47.2226720647773
"HSPA6","NONE",2.783,145,78,41.9586206896552
"RPL37A","NONE",2.62,217,90,37.3271889400922
"CENPA","NONE",2.753,112,63,35.4375
"RPF2","NONE",2.721,138,65,30.6159420289855
"FGD5","NONE",-2.655,104,56,30.1538461538462
"DCAF4","NONE",2.857,118,58,28.5084745762712
"RFC5","NONE",3.328,126,59,27.6269841269841
"RHOG","NONE",-3.082,153,64,26.7712418300654
"RHOH","NONE",-2.818,102,52,26.5098039215686
"HSPA1B","NONE",2.851,155,61,24.0064516129032
"MRPS14","NONE",2.606,73,39,20.8356164383562
"ZUFSP","NONE",2.591,50,32,20.48
"KIF4A","NONE",3.123,71,38,20.3380281690141
"THOC6","NONE",2.697,62,35,19.758064516129
"TOMM20","NONE",3.06,82,38,17.609756097561
"TMEM17","NONE",-2.623,57,30,15.7894736842105
"UBXN7","NONE",3.122,83,35,14.7590361445783
"IMP3","NONE",-2.681,67,31,14.3432835820896
"ASPM","NONE",3.148,46,25,13.5869565217391
"SPC25","NONE",2.763,24,18,13.5
"RFWD3","NONE",3.757,45,24,12.8
"DSTN","NONE",-2.786,81,31,11.8641975308642
"EFHD2","NONE",-2.666,67,28,11.7014925373134
"MRPL10","NONE",2.621,49,23,10.7959183673469
"VPS45","NONE",2.659,80,29,10.5125
"CDT1","NONE",2.841,36,19,10.0277777777778
"ZNF280C","NONE",3.01,44,20,9.09090909090909
"TSPYL5","NONE",2.729,40,19,9.025
"ARL6IP5","NONE",-3.706,85,27,8.57647058823529
"TNNT1","NONE",2.953,18,12,8
"GINS4","NONE",2.633,26,14,7.53846153846154
"ORC6","NONE",2.722,20,12,7.2
"PTPN6","NONE",-2.611,69,22,7.01449275362319
"NUDCD1","NONE",2.71,28,14,7
"RPS19BP1","NONE",-3.046,28,14,7
"COG4","NONE",2.976,47,18,6.8936170212766
"ZNF414","NONE",-2.778,18,11,6.72222222222222
"MANF","NONE",-2.666,28,13,6.03571428571429
"NFATC2IP","NONE",2.756,26,12,5.53846153846154
"CENPK","NONE",2.833,22,11,5.5
"PDZD11","NONE",2.955,32,13,5.28125
"APOBEC3B","NONE",2.991,44,15,5.11363636363636
"SNUPN","NONE",-2.906,13,8,4.92307692307692
"KIF18A","NONE",2.761,21,10,4.76190476190476
"PCBP4","NONE",-2.65,15,8,4.26666666666667
"PPCDC","NONE",-3.374,6,5,4.16666666666667
"PI4K2A","NONE",-2.805,26,10,3.84615384615385
"PI4K2B","NONE",2.768,29,10,3.44827586206897
"ZNF227","NONE",2.759,11,6,3.27272727272727
"PSMC3IP","NONE",2.848,15,7,3.26666666666667
"NR2C2AP","NONE",3.21,5,4,3.2
"DTD1","NONE",-2.684,8,5,3.125
"ZNF821","NONE",-3.324,3,3,3
"SYNGR2","NONE",-2.805,18,7,2.72222222222222
"AKR7A3","NONE",2.868,6,4,2.66666666666667
"SLC48A1","NONE",-2.736,6,4,2.66666666666667
"FAM170A","NONE",2.975,6,4,2.66666666666667
"KRTAP5-9","NONE",2.763,14,6,2.57142857142857
"CCNY","NONE",-2.686,21,7,2.33333333333333
"RIBC2","NONE",3.16,11,5,2.27272727272727
"SPRYD3","NONE",-2.78,11,5,2.27272727272727
"MB","NONE",-2.697,4,3,2.25
"CNTFR","NONE",-3.259,2,2,2
"FXYD6","NONE",-2.994,8,4,2
"PKIA","NONE",-3.186,5,3,1.8
"WBP5","NONE",2.603,6,3,1.5
"GTSF1","NONE",-2.669,6,3,1.5
"CCDC102A","NONE",-2.611,11,4,1.45454545454545
"PRELID2","NONE",2.775,3,2,1.33333333333333
"CLEC10A","NONE",-3.353,3,2,1.33333333333333
"WEE2","NONE",3.511,1,1,1
"CLCA3P","NONE",-2.606,1,1,1
"PNMAL2","NONE",3.496,1,1,1
"TRIM59","NONE",2.979,18,4,0.888888888888889
"SELM","NONE",-2.903,5,2,0.8
"FAM163A","NONE",2.97,7,2,0.571428571428571
"FBXL20","NONE",3.195,7,2,0.571428571428571
"LOC153684","NONE",2.775,2,1,0.5
"CCL18","NONE",-2.593,3,1,0.333333333333333
"DEFB127","NONE",-2.867,3,1,0.333333333333333
"ST3GAL5","NONE",-2.669,4,1,0.25
"SIDT2","NONE",-2.603,4,1,0.25
"TMEM179B","NONE",-2.623,6,1,0.166666666666667
"ABHD14A","NONE",-2.657,7,1,0.142857142857143
"TMSB15A","NONE",3.184,0,0,0
"PTTG3P","NONE",3.062,0,0,0
"ALKBH6","NONE",2.965,2,0,0
"LOC388796","NONE",2.58,0,0,0
"LOC100128361","NONE",3.18,0,0,0
"FLJ20021","NONE",3.208,0,0,0
"LOC644035","NONE",3.049,0,0,0
"LOC100272228","NONE",3.273,0,0,0
"LOC100133311","NONE",2.764,0,0,0
"LOC645954","NONE",3.85,0,0,0
"GOLGA2B","NONE",2.66,0,0,0
"FLJ41170","NONE",2.78,0,0,0
"LOC729178","NONE",-2.8,0,0,0
"TRDV3","NONE",-3.009,0,0,0
"FAM104B","NONE",-3.049,1,0,0
"OR8D1","NONE",-2.68,0,0,0
"CCL21","NONE",-3.143,2,0,0
"LOC57653","NONE",-3.249,0,0,0
"CYBASC3","NONE",-2.946,0,0,0
"FAM18A","NONE",-2.909,0,0,0
"TUSC1","NONE",-2.581,3,0,0
"GABRG1","NONE",-3.006,0,0,0
"SLC25A38","NONE",-2.676,0,0,0
"DARC","NONE",-2.796,0,0,0
"P2RY13","NONE",-3.762,0,0,0
"OPALIN",NA,NA,NA,NA,NA
"RHOU",NA,NA,NA,NA,NA
"FBXW5",NA,NA,NA,NA,NA
"KIF20A",NA,NA,NA,NA,NA
"UBE3A",NA,NA,NA,NA,NA
"NAA40",NA,NA,NA,NA,NA
"TUBA1B",NA,NA,NA,NA,NA
"YWHAH",NA,NA,NA,NA,NA
"UBE2O",NA,NA,NA,NA,NA
"RACGAP1",NA,NA,NA,NA,NA
"LAMP1",NA,NA,NA,NA,NA
"RPA4",NA,NA,NA,NA,NA
"LRRK2",NA,NA,NA,NA,NA
"SNRPB",NA,NA,NA,NA,NA
"RNF43",NA,NA,NA,NA,NA
"HSP90AA1",NA,NA,NA,NA,NA
"RNF4",NA,NA,NA,NA,NA
"LRRC59",NA,NA,NA,NA,NA
"SEC62",NA,NA,NA,NA,NA
"IKZF1",NA,NA,NA,NA,NA
"UBC",NA,NA,NA,NA,NA
"MKI67",NA,NA,NA,NA,NA
"RHOD",NA,NA,NA,NA,NA
"SH3KBP1",NA,NA,NA,NA,NA
"PARP1",NA,NA,NA,NA,NA
"NDC80",NA,NA,NA,NA,NA
"HSPE1",NA,NA,NA,NA,NA
"C1QBP",NA,NA,NA,NA,NA
"OPTN",NA,NA,NA,NA,NA
"PDIA3",NA,NA,NA,NA,NA
"EPHA2",NA,NA,NA,NA,NA
"CDC20",NA,NA,NA,NA,NA
"SUZ12",NA,NA,NA,NA,NA
"RIT1",NA,NA,NA,NA,NA
"ACTG1",NA,NA,NA,NA,NA
"SRSF10",NA,NA,NA,NA,NA
"RICTOR",NA,NA,NA,NA,NA
"CCT3",NA,NA,NA,NA,NA
"UBB",NA,NA,NA,NA,NA
"MAD2L2",NA,NA,NA,NA,NA
"PRKDC",NA,NA,NA,NA,NA
"XRCC5",NA,NA,NA,NA,NA
"CHAF1A",NA,NA,NA,NA,NA
"MSH6",NA,NA,NA,NA,NA
"RBBP4",NA,NA,NA,NA,NA
"NOP56",NA,NA,NA,NA,NA
"MED4",NA,NA,NA,NA,NA
"NOP58",NA,NA,NA,NA,NA
"SMARCA4",NA,NA,NA,NA,NA
"FBXO7",NA,NA,NA,NA,NA
"EZR",NA,NA,NA,NA,NA
"GNL3",NA,NA,NA,NA,NA
"SRP9",NA,NA,NA,NA,NA
"SRSF1",NA,NA,NA,NA,NA
"DYNC1H1",NA,NA,NA,NA,NA
"FBP1",NA,NA,NA,NA,NA
"ZBTB2",NA,NA,NA,NA,NA
"SRSF2",NA,NA,NA,NA,NA
"NEDD4",NA,NA,NA,NA,NA
