"from","to"
"EGFR","JUP"
"EGFR","EGFR"
"CEBPB","EGFR"
"EGFR","MON2"
"EGFR","P4HB"
"EGFR","LYN"
"EGFR","SLC3A2"
"EGFR","PML"
"ACTN4","EGFR"
"EGFR","SH2D3C"
"EGFR","KRT1"
"EGFR","TRIM23"
"EGFR","SRRM2"
"ANXA2","EGFR"
"CKAP4","EGFR"
"CHD4","EGFR"
"EGFR","NAT10"
"EGFR","PSMD3"
"EGFR","RPL18"
"ABT1","EGFR"
"EGFR","UPF1"
"EGFR","RNF8"
"EGFR","LDLR"
"EGFR","RAC2"
"CEBPB","CEBPB"
"ACTN4","CEBPB"
"ANXA2","CEBPB"
"CEBPB","CHD4"
"CEBPB","GRWD1"
"CEBPB","HIST1H1C"
"CEBPB","JUP"
"CEBPB","NAT10"
"CEBPB","P4HB"
"CEBPB","PSMD3"
"CEBPB","RPL18"
"CEBPB","SLC3A2"
"CEBPB","SRRM2"
"CEBPB","UPF1"
"CEBPB","EGFR"
"CEBPB","TNIP2"
"CHD4","RNF8"
"CHD4","CHD4"
"ANXA2","CHD4"
"CHD4","HIST1H1C"
"CHD4","JUP"
"CHD4","KRT1"
"CHD4","RPL18"
"CHD4","SRRM2"
"BRD1","CHD4"
"CHD4","NAT10"
"CHD4","PML"
"CHD4","GRWD1"
"CHD4","EGFR"
"CEBPB","CHD4"
"PML","PML"
"CHD4","PML"
"PML","UBE3A"
"EGFR","PML"
"ANXA2","PML"
"PML","SLC3A2"
"PML","UPF1"
"HIST1H1C","PML"
"NAT10","PML"
"PML","RPL18"
"P4HB","PML"
"BRD1","PML"
"TNIP2","UPF1"
"GRWD1","UPF1"
"ABT1","UPF1"
"PML","UPF1"
"EGFR","UPF1"
"CEBPB","UPF1"
"CHD4","SF3B2"
"SF3B2","SRRM2"
"GRWD1","SF3B2"
"EGFR","SF3B2"
"CEBPB","SF3B2"
"CKAP4","HIST1H1C"
"HIST1H1C","NAT10"
"HIST1H1C","RPL18"
"HIST1H1C","HIST1H1C"
"CHD4","HIST1H1C"
"GRWD1","HIST1H1C"
"ABT1","HIST1H1C"
"HIST1H1C","RNF8"
"HIST1H1C","PML"
"CEBPB","HIST1H1C"
"CHD4","GRWD1"
"GRWD1","RPL18"
"GRWD1","UPF1"
"GRWD1","HIST1H1C"
"GRWD1","NAT10"
"GRWD1","TNIP2"
"GRWD1","RAC2"
"CEBPB","GRWD1"
"ANXA2","JUP"
"EGFR","JUP"
"CHD4","JUP"
"JUP","LYN"
"JUP","RAC2"
"JUP","RNF8"
"JUP","NTRK3"
"CEBPB","JUP"
"ABT1","RPL18"
"CHD4","RPL18"
"GRWD1","RPL18"
"EGFR","RPL18"
"RPL18","TRIM23"
"PML","RPL18"
"HIST1H1C","RPL18"
"CEBPB","RPL18"
"CKAP4","CKAP4"
"CKAP4","HIST1H1C"
"CKAP4","EGFR"
"CKAP4","RAC2"
"CKAP4","RNF8"
"ANXA2","CKAP4"
"SRRM2","TNIP2"
"GRWD1","TNIP2"
"KRT1","TNIP2"
"P4HB","TNIP2"
"TNIP2","TNIP2"
"TNIP2","UPF1"
"CEBPB","TNIP2"
"ACTN4","TNIP2"
"EGFR","SRRM2"
"SRRM2","TNIP2"
"CHD4","SRRM2"
"LYN","SRRM2"
"CEBPB","SRRM2"
"ANXA2","CKAP4"
"ANXA2","UBE3A"
"ANXA2","CHD4"
"ANXA2","EGFR"
"ANXA2","SH2D3C"
"ANXA2","JUP"
"ANXA2","PML"
"ANXA2","RNF8"
"ANXA2","CEBPB"
"PSMD3","PSMD3"
"PSMD3","UBE3A"
"EGFR","PSMD3"
"CEBPB","PSMD3"
"LYN","LYN"
"LYN","SH2D3C"
"LYN","SRRM2"
"BSG","LYN"
"EGFR","LYN"
"JUP","LYN"
"LYN","SLC3A2"
"LYN","RAC2"
"LYN","RNF8"
"BSG","BSG"
"BSG","MON2"
"ACTN4","BSG"
"BSG","SLC3A2"
"BSG","LYN"
"BSG","NRP1"
"BSG","RAC2"
"BSG","NTRK3"
"SNRPD2","SRRM2"
"EGFR","SNRPD2"
"CHD4","SNRPD2"
"PSMD3","SNRPD2"
"CEBPB","SNRPD2"
"KHSRP","TNIP2"
"CEBPB","KHSRP"
"ANXA2","KHSRP"
"NAT10","NAT10"
"CHD4","NAT10"
"GRWD1","NAT10"
"HIST1H1C","NAT10"
"ABT1","NAT10"
"EGFR","NAT10"
"NAT10","PML"
"CEBPB","NAT10"
"EIF3B","SRRM2"
"EIF3B","UPF1"
"EGFR","EIF3B"
"CHD4","EIF3B"
"EIF3B","GRWD1"
"CEBPB","EIF3B"
"ACTN4","TRIM23"
"ACTN4","EGFR"
"ACTN4","TNIP2"
"ACTN4","SH2D3C"
"ACTN4","NRP1"
"ACTN4","BSG"
"ACTN4","CEBPB"
"IGF2BP2","UPF1"
"IGF2BP2","TNIP2"
"BRD1","IGF2BP2"
"IGF2BP2","LYN"
"CEBPB","IGF2BP2"
"P4HB","P4HB"
"EGFR","P4HB"
"P4HB","TNIP2"
"LDLR","P4HB"
"P4HB","RNF8"
"P4HB","PML"
"CEBPB","P4HB"
"RPL18","SRP72"
"CKAP4","SRP72"
"ABT1","SRP72"
"CEBPB","SRP72"
"UBE3A","UBE3A"
"ANXA2","UBE3A"
"PSMD3","UBE3A"
"PML","UBE3A"
"KRT1","UBE3A"
"EGFR","EIF3E"
"EIF3E","PML"
"CEBPB","EIF3E"
"CARM1","CEBPB"
"CARM1","LDLR"
"CARM1","EGFR"
"CARM1","PSMD3"
"RNF8","RNF8"
"CHD4","RNF8"
"LYN","RNF8"
"KRT1","RNF8"
"HIST1H1C","RNF8"
"ANXA2","RNF8"
"JUP","RNF8"
"P4HB","RNF8"
"CKAP4","RNF8"
"EGFR","RNF8"
"CKAP4","RAC2"
"BSG","RAC2"
"RAC2","SLC3A2"
"JUP","RAC2"
"EGFR","RAC2"
"GRWD1","RAC2"
"LYN","RAC2"
"KPNA3","TNIP2"
"KPNA3","LDLR"
"CHD4","VARS"
"EGFR","VARS"
"CEBPB","VARS"
"KRT1","UBE3A"
"EGFR","KRT1"
"KRT1","TNIP2"
"CHD4","KRT1"
"KRT1","TRIM23"
"KRT1","RNF8"
"PUM1","UPF1"
"EGFR","PUM1"
"PUM1","TNIP2"
"ABT1","YTHDC2"
"HIST1H1C","YTHDC2"
"CHD4","SPAG9"
"SPAG9","TNIP2"
"PML","SPAG9"
"PSMD3","SPAG9"
"CHD4","DEK"
"DEK","UBE3A"
"DEK","SH2D3C"
"DEK","NRP1"
"BSG","DEK"
"CEBPB","DEK"
"GRWD1","PPM1G"
"PPM1G","SRRM2"
"CEBPB","PPM1G"
"CHD4","USP39"
"EGFR","USP39"
"EGFR","EIF5B"
"EIF5B","RNF8"
"CEBPB","EIF5B"
"CHD4","SMARCA1"
"LYN","SMARCA1"
"PCDH7","SLC3A2"
"ANXA2","PCDH7"
"P4HB","PCDH7"
"KRT1","PCDH7"
"LYN","PCDH7"
"PCDH7","RAC2"
"ABT1","NAT10"
"ABT1","HIST1H1C"
"ABT1","UPF1"
"ABT1","RPL18"
"ABT1","EGFR"
"KPNA4","PML"
"CHD4","KPNA4"
"KPNA4","NTRK3"
"KPNA4","LDLR"
"CEBPB","KPNA4"
"NTRK3","SLC3A2"
"MON2","NTRK3"
"BSG","NTRK3"
"JUP","NTRK3"
"NRP1","POLR1A"
"EGFR","POLR1A"
"LYN","POLR1A"
"AQR","CHD4"
"AQR","EGFR"
"LDLR","P4HB"
"LDLR","MON2"
"EGFR","LDLR"
"LDLR","SH2D3C"
"BRD1","LDLR"
"RTN4","SPG21"
"CKAP4","RTN4"
"BSG","RTN4"
"PML","RTN4"
"BRD1","CHD4"
"BRD1","LDLR"
"BRD1","PML"
"EPS15L1","PML"
"EPS15L1","TRIM23"
"ACTN4","AGRN"
"HIST1H1C","VPRBP"
"RPL18","VPRBP"
"BRD1","VPRBP"
"ABT1","VPRBP"
"EGFR","VPRBP"
"EGFR","WDR18"
"CEBPB","WDR18"
"GRWD1","NOL10"
"NAT10","NOL10"
"CHD4","NOL10"
"ABT1","NOL10"
"HIST1H1C","NOL10"
"EGFR","NOL10"
"AUP1","CKAP4"
"AUP1","RAC2"
"AUP1","EGFR"
"RBM4B","RPL18"
"RBM4B","UPF1"
"NAT10","RBM4B"
"ABT1","RBM4B"
"CKAP4","ERGIC2"
"ERGIC2","MON2"
"ERGIC2","SH2D3C"
"EGFR","SNX9"
"LYN","SNX9"
"ACTN4","SIN3B"
"LDLR","SIN3B"
"EXOSC4","UPF1"
"EGFR","EXOSC4"
"CASC3","UPF1"
"CASC3","TNIP2"
"CKAP4","UNC93B1"
"KRT1","UNC93B1"
"MON2","UNC93B1"
"RSBN1L","SRRM2"
"ABT1","RSBN1L"
"NRP1","NRP1"
"BSG","NRP1"
"ACTN4","NRP1"
"PSMD3","RNF130"
"P4HB","RNF130"
"EGFR","RNF130"
"CHD4","HCK"
"HCK","LYN"
"EGFR","HCK"
"TRIM23","TRIM23"
"SPG21","TRIM23"
"RPL18","TRIM23"
"KRT1","TRIM23"
"EGFR","TRIM23"
"ACTN4","TRIM23"
"EGFR","MON2"
"LDLR","MON2"
"BSG","MON2"
"MON2","NTRK3"
"BAIAP2L1","LYN"
"BAIAP2L1","NRP1"
"BAIAP2L1","RAC2"
"BAIAP2L1","NTRK3"
"BAIAP2L1","EGFR"
"BAIAP2L1","PML"
"TNFAIP3","TNIP2"
"CEBPB","TNFAIP3"
"TNFAIP3","TRIM23"
"HIST1H2AM","NAT10"
"ABT1","HIST1H2AM"
"EGFR","TSC1"
"SCAMP1","SPG21"
"SCAMP1","UBE3A"
"LYN","SCAMP1"
"RAC2","SCAMP1"
"NTRK3","SCAMP1"
"CPNE8","TNIP2"
"CPNE8","LYN"
"CPNE8","NRP1"
"BSG","CPNE8"
"CPNE8","RAC2"
"CPNE8","EGFR"
"BSG","EPHA5"
"EPHA5","JUP"
"EPHA5","RAC2"
"EGFR","EPHA5"
"EPHA5","LDLR"
"BRD1","MCM3AP"
"EGFR","MCM3AP"
"EGFR","TNIK"
"LYN","TNIK"
"NTRK3","TNIK"
"MRPL3","RPL18"
"ABT1","MRPL3"
"PSMD3","SHFM1"
"SHFM1","UBE3A"
"EGFR","SHFM1"
"DES","JUP"
"DES","KRT1"
"ACTN4","HDAC7"
"HDAC7","PML"
"HDAC7","RAC2"
"EGFR","HDAC7"
"EGFR","NCLN"
"NCLN","NRP1"
"BSG","NCLN"
"NCLN","RAC2"
"GPN1","PML"
"EGFR","GPN1"
"EGFR","RNF126"
"RNF126","RNF8"
"RNF126","TRIM23"
"EGFR","SORBS1"
"ACTN4","FBXO43"
"EGFR","FOXO3"
"FOXO3","LDLR"
"UBE3A","UFD1L"
"MRPS24","RPL18"
"ABT1","MRPS24"
"CCDC101","LDLR"
"CCDC101","CEBPB"
"AHR","PSMD3"
"EGFR","WDR44"
"RNF8","TGM1"
"UPF1","ZCRB1"
"TNIP2","ZCRB1"
"HIST1H1C","ZCRB1"
"ABT1","ZCRB1"
"EGFR","ZCRB1"
"AP3S1","EGFR"
"AP3S1","SH2D3C"
"RNF219","TNIP2"
"SAMD1","UPF1"
"BSG","SAMD1"
"LDLR","SAMD1"
"EGFR","HIST1H2AA"
"HIST1H1C","HIST1H2AC"
"BSG","HSPA12A"
"EGFR","HSPA12A"
"ANXA2","MAP1S"
"MAP1S","PML"
"ANXA11","ANXA2"
"ANXA11","EGFR"
"ANXA11","CEBPB"
"HIST1H1C","IL7R"
"IL7R","RPL18"
"TCEA2","TRIM23"
"CTPS2","SPG21"
"AMOTL1","TNIP2"
"TNIP2","WASF1"
"RAC2","WASF1"
"SAMD4B","UPF1"
"CKAP4","LYPD3"
"CKAP4","TMEM214"
"RAC2","TMEM214"
"CKAP4","NEIL3"
"ARMC6","EGFR"
"ARMC6","SH2D3C"
"ARMC6","BRD1"
"ARMC6","CEBPB"
"CKAP4","EPHB4"
"EPHB4","HIST1H1C"
"EPHB4","RAC2"
"BSG","EPHB4"
"BRD1","CPSF3L"
"ACP1","EGFR"
"GNAI1","PSMD3"
"EGFR","GNAI1"
"GNAI1","NRP1"
"BSG","GNAI1"
"CEBPB","GNAI1"
"BCL11A","CHD4"
"SPG21","TRIM9"
"CDC7","EGFR"
"CEBPB","DENND1A"
"MON2","TNFSF13B"
"LYN","PLCG2"
"PLCG2","PSMD3"
"EGFR","PLCG2"
"NTRK3","PLCG2"
"LDLR","SH2D3C"
"ACTN4","SH2D3C"
"ANXA2","SH2D3C"
"SH2D3C","SH2D3C"
"LYN","SH2D3C"
"EGFR","SH2D3C"
"JUP","SCN3B"
"RNF8","SCN3B"
"HINFP","SRRM2"
"EGFR","HINFP"
"EGFR","EXOC5"
"CASKIN2","LYN"
"CASKIN2","RNF8"
"CSNK1G2","SRRM2"
"CEBPB","MED26"
"MED26","PML"
"EGFR","MED26"
"CLDN4","EGFR"
"CLDN4","JUP"
"CLDN4","SLC3A2"
"MKRN3","TRIM23"
"MKRN3","UPF1"
"CSNK1G3","LYN"
"CSNK1G3","RAC2"
"PML","PPWD1"
"EGFR","PPWD1"
"CCDC88C","LYN"
"MRPL27","RPL18"
"KRT1","PIGR"
"PIGR","SLC3A2"
"PIGR","PML"
"MARK1","TNIP2"
"EGFR","TP53RK"
"KRT1","TRIM54"
"SPG21","TRIM54"
"HIST1H1C","PHRF1"
"EGFR","SPRY2"
"PJA2","TNIP2"
"BRD1","PJA2"
"CEBPB","IRF2BPL"
"ARID4A","LDLR"
"AP1S2","EGFR"
"DIRAS2","KRT1"
"EGFR","RTEL1"
"BRD1","PNPLA6"
"EGFR","GPX4"
"MON2","PTPRN2"
"LDLR","PTPRN2"
"EGFR","NARFL"
"POP7","SH2D3C"
"EGFR","POP7"
"P4HB","TCEAL4"
"CEBPB","RFX1"
"RAC2","VPS13B"
"CDH13","EGFR"
"GORASP1","MON2"
"CCDC84","NAT10"
"CCDC84","EGFR"
"EGFR","FER"
"EGFR","NDFIP1"
"NDFIP1","NTRK3"
"CEBPB","SCCPDH"
"CCDC59","TNIP2"
"BSG","COG3"
"COG3","SPG21"
"COG3","EGFR"
"CEBPB","COG3"
"LDLR","ZNF408"
"TRIM23","ZNF408"
"HES1","TNIP2"
"LDLR","MCM8"
"CHD4","PMF1"
"EGFR","PMF1"
"P4HB","PTPRN"
"MON2","PTPRN"
"EGFR","THOP1"
"CEBPB","THOP1"
"MON2","PDE2A"
"ALDH1A3","SH2D3C"
"CCR1","CKAP4"
"CCR1","JUP"
"ECEL1","LDLR"
"UBL7","UPF1"
"CBR3","LDLR"
"HIST1H1C","PRKAR2B"
"PML","ZMYM1"
"BSND","SPG21"
"EPHA10","P4HB"
"CKAP4","EPHA10"
"EPCAM","NTRK3"
"BSG","EPCAM"
"EGFR","EPCAM"
"SRRM2","STYX"
"EGFR","STYX"
"LDLR","PCSK9"
"SPG21","SPG21"
"SPG21","TRIM23"
"EGFR","LAD1"
"ATP2B2","BSG"
"EMILIN1","TNIP2"
"EGFR","SOS2"
"BSG","FGFRL1"
"FMN2","LYN"
"ABT1","PRDM5"
"PRDM5","UPF1"
"EGFR","SH3GL2"
"LYN","PACS1"
"ADAMTS3","BSG"
"ADAMTS3","EGFR"
"ADAMTS3","LDLR"
"EGFR","STAP2"
"EGFR","SRRM4"
"CKAP4","GRIA1"
"TNIP2","TPD52L1"
"DKK2","TRIM23"
"CDK15","JUP"
"EGFR","IPO13"
"BSG","NETO2"
"CHD4","FOXJ2"
"LYN","SLITRK4"
"RAC2","SLITRK4"
"BSG","SLITRK4"
"EGFR","SLITRK4"
"TNIP2","TSC22D2"
"CTLA4","LYN"
"CTLA4","NRP1"
"BSG","CADM1"
"CADM1","EGFR"
"CADM1","LDLR"
"LYN","TYW1"
"CKAP4","TYW1"
"RAC2","TYW1"
"SCAPER","TNIP2"
"MAP3K11","RAC2"
"ABT1","ANKS3"
"MICAL1","SPG21"
"NRP1","TGFBR3"
"BSN","HIST1H1C"
"CAPN6","HIST1H1C"
"DNASE2B","TRIM23"
"POLE4","UBE3A"
"CEBPB","HEBP2"
"ALG3","LDLR"
"IRAK3","NTRK3"
"SPG21","SYP"
"B4GALNT1","BSG"
"FLRT2","RAC2"
"SLC3A2","SLC6A3"
"APLP1","BSG"
"EGFR","IYD"
"ACSS2","UPF1"
"ENOX1","TNIP2"
"LYN","RIMS2"
"EGFR","RIMS2"
"KRT1","KRT25"
"HIST1H1C","PLA2G4F"
"CHD4","DPEP2"
"FSD1L","LYN"
"BSG","GPC5"
"EGFR","GPC5"
"KLK7","UBE3A"
"KCNQ2","P4HB"
"EGFR","PRR19"
"HHEX","PML"
"LYN","SLC22A16"
"EGFR","SPRR2D"
"EGFR","SP5"
"LOC642852","TNIP2"
"EGFR","SLC13A5"
