"from","to"
"HIST1H3A","YWHAE"
"TCEB3","YWHAE"
"CBL","YWHAE"
"EIF4B","YWHAE"
"BCAR1","YWHAE"
"CEP250","YWHAE"
"VASP","YWHAE"
"LRRK2","YWHAE"
"CALR","YWHAE"
"CDK12","YWHAE"
"YWHAE","YWHAE"
"G3BP1","YWHAE"
"CYLD","YWHAE"
"OGT","YWHAE"
"MYCBP2","YWHAE"
"ARHGAP21","YWHAE"
"NUMBL","YWHAE"
"HIVEP1","YWHAE"
"RACGAP1","YWHAE"
"ARHGEF2","YWHAE"
"PDLIM7","YWHAE"
"DYNC1I2","YWHAE"
"RIPK4","YWHAE"
"MAP2K1","YWHAE"
"CEP55","YWHAE"
"TAB2","YWHAE"
"HLA-DRA","YWHAE"
"HLA-DRB3","YWHAE"
"GAPDH","YWHAE"
"VCAM1","YWHAE"
"FBXO6","YWHAE"
"PDIA4","YWHAE"
"PGK1","YWHAE"
"CDC73","YWHAE"
"DLST","YWHAE"
"PPP6C","YWHAE"
"UBE2M","YWHAE"
"GPC1","YWHAE"
"ATG16L1","YWHAE"
"CD74","YWHAE"
"SLC15A3","YWHAE"
"ESR1","YWHAE"
"NUPR1","YWHAE"
"DDRGK1","YWHAE"
"IQGAP1","YWHAE"
"BMI1","YWHAE"
"STIP1","YWHAE"
"DDX58","YWHAE"
"JAK2","YWHAE"
"GNB1","YWHAE"
"DDA1","YWHAE"
"CEBPB","YWHAE"
"AGPS","ATG16L1"
"ATG16L1","ATG16L1"
"ATG16L1","ATP5C1"
"ATG16L1","CD79A"
"ATG16L1","CSNK2A1"
"ATG16L1","EIF4B"
"ATG16L1","ENO1"
"ATG16L1","GNB1"
"ATG16L1","GNB2"
"ATG16L1","HSPA9"
"ATG16L1","MBNL1"
"ATG16L1","PPP1CC"
"ATG16L1","PPP2R1A"
"ATG16L1","PSMA4"
"ATG16L1","RPLP1"
"ATG16L1","RPS12"
"ATG16L1","TPI1"
"ATG16L1","VASP"
"ATG16L1","VDAC2"
"ATG16L1","YWHAE"
"ATG16L1","SMC1A"
"ATG16L1","TAGLN2"
"ATG16L1","OGT"
"ATG16L1","RAE1"
"ARHGEF2","ATG16L1"
"ATG16L1","TECR"
"ATG16L1","IKZF1"
"ATG16L1","MYBBP1A"
"ADRM1","ATG16L1"
"ATG16L1","TRIOBP"
"ATG16L1","RER1"
"ATG16L1","TAB2"
"ATG16L1","EIF3L"
"ATG16L1","CDK12"
"ATG16L1","EPS15L1"
"ATG16L1","DDRGK1"
"ATG16L1","TXLNA"
"ATG16L1","TTK"
"ATG16L1","GAPDH"
"ATG16L1","FSCN1"
"ATG16L1","INPPL1"
"ATG16L1","MYCBP2"
"ATG16L1","PDIA6"
"ATG16L1","RPL23"
"ATG16L1","PDLIM7"
"ATG16L1","CEP250"
"ATG16L1","YES1"
"ATG16L1","CEP55"
"ATG16L1","IKBIP"
"ATG16L1","OPTN"
"ATG16L1","C3"
"EIF3CL","RPS6"
"RPL15","RPS6"
"RPLP1","RPS6"
"G3BP1","RPS6"
"RPS6","USP10"
"RPS14","RPS6"
"RPS6","RPS6"
"PARN","RPS6"
"RPL35A","RPS6"
"RPS12","RPS6"
"RPL13A","RPS6"
"HADHB","RPS6"
"RPS24","RPS6"
"MRPS5","RPS6"
"RPS6","TCEB3"
"DDX27","RPS6"
"MYBBP1A","RPS6"
"MRPL37","RPS6"
"RBM28","RPS6"
"GLTSCR2","RPS6"
"NOC2L","RPS6"
"RPS6","SET"
"RPS6","TPX2"
"PGK1","RPS6"
"CDK12","RPS6"
"RPS6","UBA52"
"GAPDH","RPS6"
"ARHGEF2","RPS6"
"RPL23","RPS6"
"RPS20","RPS6"
"RPL38","RPS6"
"ESR1","RPS6"
"RPS6","VCAM1"
"FBXO6","RPS6"
"CEP250","RPS6"
"CYLD","RPS6"
"MAP2K1","RPS6"
"PYHIN1","RPS6"
"RPS6","TNF"
"EIF4B","RPS6"
"RBX1","RPS6"
"PPP1CC","RPS6"
"KIF20A","RPS6"
"DDX58","RPS6"
"DDRGK1","RPS6"
"NAA40","RPS6"
"EPB41L5","RPS6"
"RIT1","RPS6"
"CSNK2A1","RPS6"
"GSPT1","RPS6"
"MAPRE1","RPS6"
"NCAPH","RPS6"
"PDZD8","RPS6"
"RPS6","SYNCRIP"
"EIF4G1","RPS6"
"GNB2","RPS6"
"RPS6","UBE2M"
"CEBPB","RPS6"
"MEX3A","RPS6"
"NUPR1","SET"
"MAPRE1","NUPR1"
"NUPR1","SYNCRIP"
"ATAD3A","NUPR1"
"CDC73","NUPR1"
"CSNK2A1","NUPR1"
"DBN1","NUPR1"
"DLG1","NUPR1"
"DLST","NUPR1"
"EIF4G1","NUPR1"
"GNB1","NUPR1"
"GNB2","NUPR1"
"GPC1","NUPR1"
"HADHB","NUPR1"
"HIST1H3A","NUPR1"
"IQGAP1","NUPR1"
"MYBBP1A","NUPR1"
"MYO18A","NUPR1"
"NOC2L","NUPR1"
"NUP62","NUPR1"
"NUPR1","PPP1CC"
"NUPR1","RACGAP1"
"NUPR1","RAE1"
"NUPR1","TGM2"
"NUPR1","THRAP3"
"NUPR1","TUBB3"
"NUPR1","TXNDC5"
"NUPR1","USP10"
"NUPR1","VASP"
"NUPR1","YES1"
"NUPR1","YWHAE"
"GAPDH","STIP1"
"GAPDH","SET"
"GAPDH","YWHAE"
"GAPDH","GAPDH"
"GAPDH","PGK1"
"GAPDH","TPI1"
"GAPDH","HSPA1L"
"ENO1","GAPDH"
"CDC73","GAPDH"
"G3BP1","GAPDH"
"GAPDH","HSPA9"
"GAPDH","HIST1H3A"
"GAPDH","PDIA6"
"GAPDH","SMC1A"
"GAPDH","RPL23"
"GAPDH","RPS6"
"ARHGAP21","GAPDH"
"GAPDH","TK1"
"CBL","GAPDH"
"ESR1","GAPDH"
"BTK","GAPDH"
"GAPDH","VCAM1"
"ATF2","GAPDH"
"ADRB2","GAPDH"
"FBXO6","GAPDH"
"CFL1","GAPDH"
"CYLD","GAPDH"
"GAPDH","PPP6C"
"GAPDH","UBE2M"
"GAPDH","OGT"
"DDRGK1","GAPDH"
"GAPDH","NAA40"
"GAPDH","RIT1"
"GAPDH","IKZF1"
"GAPDH","SYNCRIP"
"GAPDH","PIAS1"
"ATG16L1","GAPDH"
"GAPDH","GNB2"
"GAPDH","UBA52"
"CEBPB","GAPDH"
"GAPDH","RPS20"
"BMI1","BMI1"
"BMI1","THRAP3"
"BMI1","CHERP"
"BMI1","G3BP1"
"BMI1","MYBBP1A"
"BMI1","P4HB"
"BMI1","DBN1"
"BMI1","CELF1"
"BMI1","RPLP1"
"BMI1","HIST1H3A"
"BMI1","CSNK2A1"
"BMI1","MAP2K1"
"BMI1","OGT"
"BMI1","CBL"
"BMI1","YWHAE"
"ARHGEF2","BMI1"
"BMI1","EIF3J"
"BMI1","EIF3L"
"BMI1","EIF3CL"
"BMI1","HSPA1L"
"BMI1","EIF4G1"
"BMI1","IQGAP1"
"BMI1","RPL13A"
"BMI1","RPS20"
"BMI1","RPS24"
"BMI1","VASP"
"BMI1","HSF2BP"
"BMI1","CD6"
"BMI1","KAT2B"
"RPL15","RPL23"
"RPL15","RPS14"
"RPL15","RPS20"
"RPL15","RPS6"
"RPL15","RPS24"
"RPL15","RPS12"
"RPL15","RPLP1"
"MYO18A","RPL15"
"CDK12","RPL15"
"MYBBP1A","RPL15"
"RPL15","SENP3"
"DDA1","RPL15"
"RPL15","SMC1A"
"CEP250","RPL15"
"RPL13A","RPL15"
"RPL15","RPL35A"
"RPL15","RPL38"
"CYLD","RPL15"
"RPL15","TNF"
"RBX1","RPL15"
"PPP1CC","RPL15"
"KIF20A","RPL15"
"DNAJC1","RPL15"
"DDRGK1","RPL15"
"DYNC1I2","RPL15"
"LCK","RPL15"
"NAA40","RPL15"
"NOC2L","RPL15"
"RBM28","RPL15"
"RIT1","RPL15"
"G3BP1","RPL15"
"NCAPH","RPL15"
"PDZD8","RPL15"
"RPL15","TRIM5"
"RPL15","STIP1"
"PIAS1","RPL15"
"CEBPB","RPL15"
"GPC1","HADHB"
"GNB1","HADHB"
"GNB2","HADHB"
"GANAB","HADHB"
"HADHB","TCEB3"
"HADHB","SET"
"HADHB","THRAP3"
"DDA1","HADHB"
"HADHB","TK1"
"FBXO6","HADHB"
"ATF2","HADHB"
"ADRB2","HADHB"
"CYLD","HADHB"
"HADHB","RIPK4"
"HADHB","UBE2M"
"HADHB","RPS6"
"AGPS","HADHB"
"HADHB","HSPA9"
"HADHB","HLA-A"
"ATP5C1","HADHB"
"CALR","HADHB"
"HADHB","TOMM40"
"HADHB","UQCRC1"
"HADHB","VDAC2"
"CD74","HADHB"
"HADHB","SLC15A3"
"HADHB","KIF20A"
"HADHB","NUPR1"
"DNAJC1","HADHB"
"DDRGK1","HADHB"
"HADHB","STIP1"
"CEBPB","HADHB"
"RPL23","RPS6"
"RPL23","RPS14"
"RPL23","RPS12"
"RPL23","RPS24"
"RPL23","RPS20"
"RPL23","RPLP1"
"DDX27","RPL23"
"MRPS5","RPL23"
"RPL13A","RPL23"
"RPL15","RPL23"
"RPL23","RPL35A"
"RPL23","RPL38"
"RPL23","RPL23"
"ENO1","RPL23"
"LRRK2","RPL23"
"RPL23","VCAM1"
"FBXO6","RPL23"
"AURKA","RPL23"
"CDC20","RPL23"
"CEP250","RPL23"
"CD79A","RPL23"
"CYLD","RPL23"
"PSMD1","RPL23"
"RPL23","TNF"
"PPP1CC","RPL23"
"KIF20A","RPL23"
"DDRGK1","RPL23"
"NAA40","RPL23"
"HLA-DRA","RPL23"
"FSCN1","RPL23"
"CSNK2A1","RPL23"
"G3BP1","RPL23"
"NCAPH","RPL23"
"PDZD8","RPL23"
"IKZF1","RPL23"
"EIF4G1","RPL23"
"RPL23","STIP1"
"PIAS1","RPL23"
"ATG16L1","RPL23"
"DDA1","RPL23"
"GNB2","RPL23"
"CEBPB","RPL23"
"GAPDH","RPL23"
"DNAJC5","HSPA1L"
"DNAJC5","TECR"
"DNAJC5","STIP1"
"DNAJC5","TRIOBP"
"DLG1","DNAJC5"
"DNAJC5","EPS15"
"DNAJC5","HLA-A"
"DNAJC5","MYO18A"
"DNAJC5","STEAP3"
"DNAJC5","EPB41L5"
"DNAJC5","SLC2A1"
"DNAJC5","TPD52L2"
"DNAJC5","TTK"
"DNAJC5","YES1"
"DNAJC5","NUMBL"
"DNAJC5","ITM2B"
"AGFG1","DNAJC5"
"DNAJC5","TPT1"
"DNAJC5","PPP2R1A"
"CALR","SLC2A1"
"CALR","GANAB"
"CALR","P4HB"
"CALR","HLA-E"
"CALR","HLA-A"
"CALR","CALR"
"CALR","PFDN5"
"CALR","TPD52L2"
"B2M","CALR"
"CALR","HLA-B"
"CALR","TAP1"
"ATP5C1","CALR"
"CALR","HADHB"
"CALR","PDIA4"
"CALR","TPI1"
"CALR","EIF4G1"
"CALR","NCAPH"
"CALR","EIF3L"
"ATF2","CALR"
"CALR","ENO1"
"CALR","TPT1"
"CALR","YWHAE"
"CALR","CDC73"
"CALR","UBE2M"
"CALR","UBE3C"
"CALR","TOMM40"
"CA9","CALR"
"CALR","LRRK2"
"CALR","PGK1"
"CALR","PDIA6"
"CALR","OGT"
"CALR","GGH"
"CALR","EIF3J"
"CALR","RIPK4"
"CALR","CEBPB"
"TPI1","TPI1"
"TPI1","UBA52"
"CFL1","TPI1"
"TPI1","UCHL5"
"GAPDH","TPI1"
"PGK1","TPI1"
"ENO1","TPI1"
"GPI","TPI1"
"PDIA6","TPI1"
"ATF2","TPI1"
"GOT1","TPI1"
"STIP1","TPI1"
"TPI1","UQCRFS1"
"DLST","TPI1"
"TPI1","UBE2M"
"GPC1","TPI1"
"ATG16L1","TPI1"
"LRRK2","TPI1"
"CALR","TPI1"
"DDX58","TPI1"
"DDRGK1","TPI1"
"NAA40","TPI1"
"RIT1","TPI1"
"PIAS1","TPI1"
"CEBPB","TPI1"
"GPC1","PFDN5"
"PDIA6","PFDN5"
"PFDN5","PSMB8"
"PFDN5","WDR61"
"CDC73","PFDN5"
"CALR","PFDN5"
"GNB2","PFDN5"
"DYNC1I2","PFDN5"
"DDX58","PFDN5"
"GNB1","PFDN5"
"PFDN5","RIT1"
"CEBPB","PFDN5"
"ERLIN1","HLA-DRA"
"ERLIN1","FBXO6"
"DBN1","ERLIN1"
"DYNC1I2","ERLIN1"
"ERLIN1","SLC15A3"
"ERLIN1","LRRK2"
"ERLIN1","ESR1"
"DDRGK1","ERLIN1"
"ERLIN1","PDIA4"
"ATP13A3","P2RY8"
"P2RY8","TNPO3"
"P2RY8","TAP1"
"P2RY8","RER1"
"MBOAT7","P2RY8"
"ATL3","P2RY8"
"FASTKD1","P2RY8"
"P2RY8","SLC1A1"
"SNX1","SNX1"
"GSPT1","SNX1"
"REEP5","SNX1"
"SNX1","TK1"
"ENO1","SNX1"
"DDX58","SNX1"
"LAMP3","SNX1"
"NAA40","SNX1"
"HYOU1","SNX1"
"CCDC53","SNX1"
"EIF4B","SNX1"
"CEBPB","SNX1"
"ERO1L","P4HB"
"ERO1L","PDIA4"
"ERO1L","FBXO6"
"ATF2","ERO1L"
"DDX58","ERO1L"
"ERO1L","OGT"
"ERO1L","FSCN1"
"ERO1L","RIPK4"
"CEBPB","ERO1L"
"FNBP1","TNPO3"
"DDX58","FNBP1"
"FNBP1","RND3"
"FNBP1","IQGAP1"
"FNBP1","HADHB"
"GPI","TPI1"
"ENO1","GPI"
"GPI","UBE2M"
"GPI","LDLR"
"GPI","NAA40"
"GPI","PSMD1"
"AURKA","GPI"
"GPI","RIPK4"
"GPI","NEK7"
"CEBPB","GPI"
"GPI","MAPK8"
"CD74","CD74"
"CD74","EIF3J"
"CD74","EIF3L"
"CD74","EIF4G1"
"CD74","GANAB"
"CD74","HADHB"
"CD74","HMOX2"
"CD74","NCAPD3"
"CD74","NCAPH"
"CD74","TBRG4"
"CD74","UBE3C"
"CD74","YWHAE"
"CD74","HLA-DRB3"
"CD74","HLA-DRA"
"DNAJC15","RPL13A"
"DNAJC15","RPL15"
"DNAJC15","RPS12"
"DLST","DNAJC15"
"DNAJC15","MRPL37"
"ATAD3A","DNAJC15"
"DNAJC15","MRPS5"
"IGBP1","PPP6C"
"IGBP1","STIP1"
"IGBP1","TAGLN2"
"IGBP1","RPLP1"
"IGBP1","PDIA6"
"DDX58","IGBP1"
"IGBP1","NAA40"
"IGBP1","RIT1"
"DDX19A","NUP62"
"DDX19A","G3BP1"
"BCAR1","DDX19A"
"CEBPB","DDX19A"
"TPD52L2","TPD52L2"
"P4HB","TPD52L2"
"OGT","TPD52L2"
"INPPL1","TPD52L2"
"NRAS","TPD52L2"
"CALR","TPD52L2"
"PDIA6","TPD52L2"
"GPC1","TPD52L2"
"DNAJC5","TPD52L2"
"LAMP3","TPD52L2"
"RAB2A","TPD52L2"
"TPD52L2","ZFPL1"
"CEBPB","TPD52L2"
"EIF3CL","RPS12"
"EIF3CL","RPS24"
"EIF3CL","EIF3L"
"DYNC1I2","EIF3CL"
"EIF3CL","RPS20"
"EIF3CL","RPS6"
"EIF3CL","UBE2M"
"BCAR1","EIF3CL"
"DDRGK1","EIF3CL"
"EIF3CL","RIT1"
"EIF3CL","GSPT1"
"EIF3CL","NCAPH"
"EIF3CL","PDZD8"
"BMI1","EIF3CL"
"CSNK2A1","EIF3CL"
"DAZAP2","UBA52"
"DAZAP2","OPTN"
"DAZAP2","REEP5"
"AGFG1","EPS15"
"AGFG1","OGT"
"AGFG1","DNAJC5"
"AGFG1","EIF4B"
"AGFG1","EPS15L1"
"AGFG1","VCAM1"
"AGFG1","ESR1"
"AGFG1","ZFPL1"
"AGFG1","NAA40"
"AGFG1","CEBPB"
"AGFG1","FBXO42"
"CRTAP","FBXO6"
"CRTAP","NUPR1"
"CRTAP","OGT"
"CBL","CRTAP"
"ESR1","WRAP53"
"HLA-A","HLA-DQB1"
"HLA-DQB1","SLC1A1"
"HLA-DQB1","HLA-G"
"HLA-DQB1","HLA-DRA"
"GGH","HLA-DQB1"
"HLA-C","HLA-DQB1"
"HLA-DQB1","HLA-DRB3"
"HLA-B","HLA-DQB1"
"FKBP1A","PPIF"
"ENO1","FKBP1A"
"FKBP1A","RAE1"
"FKBP1A","TAGLN2"
"FKBP1A","TOMM40"
"FKBP1A","GPC1"
"FKBP1A","GPI"
"FKBP1A","TPI1"
"FKBP1A","RIPK4"
"SPR","TAGLN2"
"AURKA","SPR"
"SPR","YES1"
"B2M","HLA-E"
"HLA-A","HLA-E"
"HLA-E","PBXIP1"
"HLA-E","SURF1"
"HLA-E","HLA-G"
"HLA-DRB3","HLA-E"
"CALR","HLA-E"
"HLA-B","HLA-E"
"HLA-C","HLA-E"
"DDX58","HLA-E"
"NUP62","NUTF2"
"NUTF2","PGK1"
"NUTF2","PHF11"
"NUTF2","TAGLN2"
"NUTF2","RIT1"
"CEBPB","NUTF2"
"CD83","TBRG4"
"CD83","STEAP3"
"CD83","DDX58"
"AIF1L","ESR1"
"AIF1L","BCAR1"
"CD27","GNB2"
"CD27","HMOX2"
"CD27","UFSP2"
"CD27","TBRG4"
"CSNK2A1","MEAF6"
"HLA-DPB1","HLA-G"
"CD74","HLA-DPB1"
"HLA-DPB1","TNFSF13B"
"HLA-DPB1","HLA-E"
"STX1A","STX1A"
"STX1A","TXLNA"
"STX1A","ZFPL1"
"STX1A","TNF"
"RNF40","STX1A"
"HMOX1","STX1A"
"HLA-DRB3","YWHAE"
"HLA-DQB1","HLA-DRB3"
"HLA-DRB3","ITM2B"
"HLA-A","HLA-DRB3"
"HLA-DRB3","LDLR"
"HLA-DRB3","PSMD1"
"CD74","HLA-DRB3"
"HLA-DRA","HLA-DRB3"
"HLA-C","HLA-DRB3"
"HLA-DRB3","HLA-E"
"HLA-DRB3","HLA-G"
"GPC1","VEGFA"
"CHEK1","VEGFA"
"DDX58","VEGFA"
"MEX3A","VEGFA"
"DDX58","UBD"
"PSMA4","UBD"
"NRAS","PIGU"
"CA9","PIGU"
"GJD3","PIGU"
"PIGU","SLC22A4"
"FFAR1","PIGU"
"P2RY8","PIGU"
"PIGU","RAC2"
"ESR1","FOXO4"
"FOXO4","OGT"
"SEC61A2","SLC1A1"
"EFNA2","PVR"
"EFNA2","GANAB"
"EFNA2","TUBB3"
"HLA-A","HLA-DPA1"
"HLA-DPA1","RPL23"
"HLA-DPA1","RER1"
"HLA-DPA1","HLA-DQB1"
"HLA-DPA1","HLA-DRB3"
"COMMD3","NFKB1"
"COMMD3","G3BP1"
"COMMD3","GNB1"
"COMMD3","LAMP3"
"COMMD3","NUP62"
"MYCBP2","VPS26B"
"ENO1","VPS26B"
"SNX1","VPS26B"
"GAPDH","VPS26B"
"HLA-B","HLA-H"
"HLA-C","HLA-H"
"HLA-E","HLA-H"
"HLA-G","HLA-H"
"LDLR","WNT10A"
"PIM2","SOCS1"
"PPP1R14B","USP10"
"PPP1CC","PPP1R14B"
"IGBP1","PPP1R14B"
"DDIT4","LRRK2"
"DDIT4","DDX58"
"DDX58","TMEM189"
"BLOC1S1","ESR1"
"BLOC1S1","IKBIP"
"BLOC1S1","CCDC53"
"CFL1","CRIP1"
"CRIP1","GOT1"
"CRIP1","PGK1"
"CRIP1","TK1"
"CRIP1","TAGLN2"
"CRIP1","TPI1"
"CEBPB","CRIP1"
"RHBDD1","TMEM136"
"DTWD1","HBB"
"HLA-A","TAPBPL"
"MFAP3","TNFSF13B"
"TOMM7","UQCRFS1"
"TOMM40","TOMM7"
"KIF20A","TOMM7"
"TPSB2","TUBB3"
"MAPK8","SPIB"
"CSNK2A1","SPIB"
"CD52","DDX58"
"CD40LG","DDX58"
"ICOS","TNF"
"ICOS","PGK1"
"TPI1","TPI1P2"
"LONP1","LONP1"
"ATAD3A","LONP1"
"DLST","LONP1"
"LONP1","MRPS5"
"LONP1","RAB13"
"LONP1","SLC2A1"
"A2M","LONP1"
"ADRB2","LONP1"
"ATL3","LONP1"
"LONP1","POR"
"HMOX2","LONP1"
"AGPS","LONP1"
"KIF20A","LONP1"
"LONP1","TBRG4"
"LONP1","RAB2A"
"LONP1","UQCRFS1"
"LONP1","MRPL37"
"LONP1","RAC2"
"LONP1","RND3"
"LONP1","RIT1"
"LONP1","TRIM5"
"LONP1","STIP1"
"A2M","LONP1"
"A2M","A2M"
"A2M","TGM2"
"A2M","B2M"
"A2M","HMOX2"
"A2M","TK1"
"A2M","FBXO6"
"A2M","PHF11"
"A2M","RHBDD1"
"TGM2","TGM2"
"TGM2","TXNDC5"
"HSPA9","TGM2"
"PPP2R1A","TGM2"
"EIF4G1","TGM2"
"ADRM1","TGM2"
"PSMD1","TGM2"
"A2M","TGM2"
"C3","TGM2"
"TAB2","TGM2"
"FBXO6","TGM2"
"CBL","TGM2"
"NUPR1","TGM2"
"DDX58","TGM2"
"A2M","B2M"
"B2M","TAP1"
"B2M","B2M"
"B2M","HLA-C"
"B2M","HLA-B"
"B2M","HLA-E"
"B2M","HLA-A"
"B2M","CALR"
"B2M","RAC2"
"B2M","CEBPB"
"ANXA6","GOT1"
"GOT1","TPI1"
"ATL3","GOT1"
"GOT1","TAP1"
"CFH","GOT1"
"GOT1","IQGAP1"
"GOT1","PSME2"
"C3","GOT1"
"GOT1","HMOX1"
"GOT1","KIF2C"
"GOT1","RAE1"
"DDX58","GOT1"
"CEBPB","GOT1"
"CFH","MBNL1"
"ATL3","MBNL1"
"C3","MBNL1"
"MBNL1","PSMB8"
"MBNL1","NSDHL"
"HMOX1","MBNL1"
"HLA-DRA","MBNL1"
"MBNL1","VCAM1"
"ATG16L1","MBNL1"
"CELF1","MBNL1"
"CEBPB","MBNL1"
"RAB13","RABGAP1L"
"DBN1","RABGAP1L"
"RABGAP1L","RABGAP1L"
"KIF20A","RABGAP1L"
"DDX58","RABGAP1L"
"LAMP3","RABGAP1L"
"RABGAP1L","RPS12"
"LDLR","PDIA4"
"LDLR","NSDHL"
"LDLR","P4HB"
"GPI","LDLR"
"LDLR","PARN"
"CCNA2","LDLR"
"LDLR","STIP1"
"LDLR","USP10"
"LDLR","RBX1"
"LDLR","RER1"
"LDLR","RPL38"
"LDLR","RPLP1"
"CA9","LDLR"
"FBXO6","LDLR"
"FFAR1","LDLR"
"HLA-DRB3","LDLR"
"LDLR","NCR3"
"LDLR","RIT1"
"LDLR","MEX3A"
"HLA-A","TAP1"
"B2M","HLA-A"
"HADHB","HLA-A"
"CALR","HLA-A"
"HLA-A","ITM2B"
"HLA-A","HLA-B"
"HLA-A","HLA-C"
"HLA-A","HLA-E"
"HLA-A","HLA-G"
"DLST","HLA-A"
"GPC1","HLA-A"
"HLA-A","NRAS"
"DNAJC5","HLA-A"
"GJD3","HLA-A"
"HLA-A","LAMP3"
"HLA-A","RAB2A"
"HLA-A","ZFPL1"
"HLA-A","HLA-DQB1"
"HLA-A","HLA-DRB3"
"HLA-A","RND3"
"HLA-A","RAC2"
"CBL","HLA-A"
"G3BP1","HLA-A"
"CEBPB","HLA-A"
"HLA-C","HLA-C"
"HLA-A","HLA-C"
"HLA-C","HLA-G"
"HLA-C","HLA-E"
"HLA-C","NSDHL"
"HLA-C","UFSP2"
"DNAJC1","HLA-C"
"B2M","HLA-C"
"CISD2","HLA-C"
"HLA-C","NCAPD3"
"HLA-C","HLA-DQB1"
"HLA-C","HLA-DRB3"
"HLA-C","HMOX2"
"HLA-C","PVR"
"HLA-C","ITM2B"
"FASTKD1","HLA-C"
"HLA-C","UBE3C"
"FBXO6","HLA-C"
"ADRB2","HLA-C"
"HLA-C","HMOX1"
"HLA-B","HLA-C"
"CA9","HLA-C"
"DNAJC11","HLA-C"
"DDX58","HLA-C"
"GJD3","HLA-C"
"HLA-C","PDIA4"
"HLA-C","NCR3"
"HLA-C","RAC2"
"CEBPB","HLA-C"
"CCDC53","PBXIP1"
"ESR1","PBXIP1"
"NOC2L","PBXIP1"
"CISD2","PBXIP1"
"PBXIP1","ZFPL1"
"HLA-E","PBXIP1"
"HLA-G","PBXIP1"
"PBXIP1","SLC15A3"
"CA9","PBXIP1"
"DNAJC1","PBXIP1"
"DDX58","PBXIP1"
"PBXIP1","REEP5"
"GGH","PBXIP1"
"NCR3","PBXIP1"
"HLA-DRA","PBXIP1"
"ADAM9","KIF2C"
"ADAM9","NRAS"
"ADAM9","HLA-DRA"
"ADAM9","GGH"
"ADAM9","NCR3"
"KIF2C","KIF2C"
"GOT1","KIF2C"
"ADAM9","KIF2C"
"KIF2C","MAPRE1"
"KIF2C","MYO18A"
"AURKA","KIF2C"
"HIST1H3A","KIF2C"
"ESR1","KIF2C"
"BCAR1","KIF2C"
"CEBPB","KIF2C"
"NRAS","RPS20"
"CBL","NRAS"
"BTK","NRAS"
"NRAS","STEAP3"
"DLG1","NRAS"
"NRAS","NUMBL"
"NRAS","TPD52L2"
"NRAS","TUBB3"
"NRAS","YES1"
"HLA-A","NRAS"
"EPB41L5","NRAS"
"NRAS","RAB13"
"HMOX2","NRAS"
"NRAS","TTC4"
"NRAS","NRAS"
"ADAM9","NRAS"
"NRAS","PPIF"
"ITM2B","NRAS"
"NRAS","ZFPL1"
"NRAS","NSDHL"
"CISD2","NRAS"
"MBOAT7","NRAS"
"DNAJC1","NRAS"
"HMOX1","NRAS"
"DDRGK1","NRAS"
"NRAS","POR"
"NRAS","PREB"
"NRAS","RER1"
"ESR1","NRAS"
"FFAR1","NRAS"
"HLA-DRA","YWHAE"
"HLA-DRA","RPL23"
"HLA-DRA","HLA-DRB3"
"ADAM9","HLA-DRA"
"HLA-DRA","PBXIP1"
"CD74","HLA-DRA"
"HLA-DRA","HLA-G"
"HLA-DQB1","HLA-DRA"
"HLA-DRA","MBNL1"
"GGH","GGH"
"GGH","PDIA4"
"GGH","HLA-DQB1"
"GGH","PBXIP1"
"GGH","MYCBP2"
"ADAM9","GGH"
"GGH","NFKB1"
"GGH","TOMM34"
"GGH","HMOX2"
"CALR","GGH"
"GGH","UXS1"
"FBXO6","GGH"
"FKBP5","GGH"
"GGH","HYOU1"
"GGH","NEK7"
"CEBPB","GGH"
"ADRB2","ADRB2"
"ADRB2","GNB1"
"ADRB2","GNB2"
"ADRB2","ATP5C1"
"ADRB2","GAPDH"
"ADRB2","HSPA9"
"ADRB2","VDAC2"
"ADRB2","HLA-B"
"ADRB2","HLA-C"
"ADRB2","LONP1"
"ADRB2","HADHB"
"ADRB2","PDIA6"
"ADRB2","RPLP1"
"ADRB2","SENP3"
"GAPDH","HSPA9"
"CFL1","HSPA9"
"DNAJC1","HSPA9"
"G3BP1","HSPA9"
"HSPA9","TGM2"
"HADHB","HSPA9"
"DLST","HSPA9"
"GNB1","HSPA9"
"HSPA9","RBX1"
"ADRM1","HSPA9"
"HSPA9","PGK1"
"HSPA9","INPPL1"
"CBL","HSPA9"
"EPS15","HSPA9"
"FBXO6","HSPA9"
"HSPA9","VCAM1"
"ADRB2","HSPA9"
"AURKA","HSPA9"
"CDC20","HSPA9"
"CEP250","HSPA9"
"ENO1","HSPA9"
"HSPA9","LRRK2"
"HSPA9","NFATC1"
"CDC73","HSPA9"
"CYLD","HSPA9"
"ESR1","HSPA9"
"HSPA9","UBE2M"
"GPC1","HSPA9"
"ATG16L1","HSPA9"
"HSPA9","LCK"
"HSPA9","UQCRFS1"
"HSPA9","TBRG4"
"HSPA9","USP10"
"HSPA9","OGT"
"DDRGK1","HSPA9"
"HSPA9","NAA40"
"HSPA9","RIT1"
"HSPA9","IKZF1"
"HSPA9","NFKB1"
"HSPA9","PPP2R1A"
"HSPA9","STIP1"
"HSPA9","YES1"
"CEBPB","HSPA9"
"HLA-B","PSMD1"
"B2M","HLA-B"
"HLA-B","HLA-B"
"HLA-B","HLA-C"
"HLA-A","HLA-B"
"HLA-B","HLA-E"
"HLA-B","UXS1"
"HLA-B","UFSP2"
"HLA-B","HLA-G"
"HLA-B","UBE3C"
"HLA-B","TMEM70"
"FASTKD1","HLA-B"
"HLA-B","HLA-DQB1"
"HLA-B","SLC1A1"
"HLA-B","ITM2B"
"ADRB2","HLA-B"
"CALR","HLA-B"
"HLA-B","TAP1"
"HLA-B","RIPK4"
"CA9","HLA-B"
"DDX58","HLA-B"
"HLA-B","RAC2"
"AGFG1","EPS15"
"EPS15","EPS15"
"EPS15","IQGAP1"
"EPS15","HSPA9"
"EPS15","HSPA1L"
"EPS15","EPS15L1"
"EPS15","VCAM1"
"EPS15","OPTN"
"AURKA","EPS15"
"DBN1","EPS15"
"EPS15","PDLIM7"
"EPS15","MAPRE1"
"EPS15","ESR1"
"DNAJC5","EPS15"
"DDX58","EPS15"
"EPS15","VASP"
"EPS15","NAA40"
"EPS15","TRIM5"
"EIF4B","EIF4B"
"EIF4B","EIF4G1"
"CFL1","EIF4B"
"EIF4B","GSPT1"
"EIF3J","EIF4B"
"EIF3L","EIF4B"
"EIF4B","RPS12"
"EIF4B","RPS14"
"EIF4B","RPS20"
"EIF4B","RPS24"
"EIF4B","RPS6"
"EIF4B","SNX1"
"EIF4B","HYOU1"
"EIF4B","RPL13A"
"EIF4B","ENO1"
"EIF4B","YWHAE"
"CSNK2A1","EIF4B"
"EIF4B","FBXO6"
"CYLD","EIF4B"
"EIF4B","G3BP1"
"EIF4B","UBE2M"
"EIF4B","GPC1"
"ATG16L1","EIF4B"
"EIF4B","ESR1"
"EIF4B","NAA40"
"EIF4B","MAPRE1"
"EIF4B","RNF40"
"EIF4B","TTC4"
"CEBPB","EIF4B"
"AGFG1","EIF4B"
"AGFG1","EPS15L1"
"EPS15L1","SMC1A"
"EPS15L1","HYOU1"
"EPS15","EPS15L1"
"EPS15L1","RNF40"
"AURKA","EPS15L1"
"ATG16L1","EPS15L1"
"CYLD","EPS15L1"
"EPS15L1","NAA40"
"EPS15L1","PDZD8"
"CBL","EPS15L1"
"SLC2A1","VCAM1"
"RPL38","VCAM1"
"GNB1","VCAM1"
"AGFG1","VCAM1"
"ATP5C1","VCAM1"
"STIP1","VCAM1"
"RPL13A","VCAM1"
"VCAM1","VDAC2"
"ENO1","VCAM1"
"IQGAP1","VCAM1"
"VASP","VCAM1"
"PPP2R1A","VCAM1"
"UBE2M","VCAM1"
"SYNCRIP","VCAM1"
"VCAM1","YWHAE"
"TOMM34","VCAM1"
"TAGLN2","VCAM1"
"GAPDH","VCAM1"
"EPS15","VCAM1"
"RPS24","VCAM1"
"MAPRE1","VCAM1"
"FSCN1","VCAM1"
"RPL23","VCAM1"
"CFL1","VCAM1"
"INPPL1","VCAM1"
"EIF4G1","VCAM1"
"RAC2","VCAM1"
"EIF3L","VCAM1"
"MBNL1","VCAM1"
"RPS20","VCAM1"
"RPS12","VCAM1"
"ATAD3A","VCAM1"
"RPS14","VCAM1"
"RPS6","VCAM1"
"G3BP1","VCAM1"
"HSPA9","VCAM1"
"ESR1","FKBP5"
"ESR1","ESR1"
"CEBPB","ESR1"
"ESR1","NCOR1"
"BCAR1","ESR1"
"ESR1","PIAS1"
"ESR1","TAB2"
"ATAD3A","ESR1"
"DDX27","ESR1"
"ESR1","MYBBP1A"
"ESR1","RPL13A"
"ESR1","RPS14"
"ESR1","RPS6"
"ESR1","THRAP3"
"DBN1","ESR1"
"EIF4G1","ESR1"
"EPB41L5","ESR1"
"ESR1","G3BP1"
"ESR1","GNB1"
"ESR1","GNB2"
"ESR1","RBM28"
"ESR1","RPS12"
"ESR1","RPS20"
"ESR1","RPS24"
"ESR1","HSPA1L"
"ESR1","SYNCRIP"
"ESR1","GAPDH"
"ESR1","TECR"
"ESR1","STAT5A"
"ESR1","P4HB"
"ESR1","PPP2R1A"
"ESR1","PSMD1"
"ESR1","SET"
"ESR1","SMC1A"
"ESR1","RNF40"
"CFL1","ESR1"
"ESR1","UBE3C"
"ESR1","TTK"
"AGFG1","ESR1"
"ESR1","NCAPH"
"ESR1","NCAPD3"
"ESR1","HSPA9"
"AURKA","ESR1"
"ESR1","PBXIP1"
"ESR1","HBB"
"ESR1","HIST1H3A"
"ESR1","PARN"
"ESR1","SMARCE1"
"ARHGEF2","ESR1"
"ATP5C1","ESR1"
"CDC27","ESR1"
"CDK12","ESR1"
"CSNK2A1","ESR1"
"DDRGK1","ESR1"
"DLG1","ESR1"
"DNAJC1","ESR1"
"EIF3L","ESR1"
"EIF4B","ESR1"
"EPS15","ESR1"
"ESR1","IQGAP1"
"ESR1","ITM2B"
"ESR1","MBOAT7"
"ESR1","NOC2L"
"ESR1","GLTSCR2"
"ESR1","NRAS"
"ESR1","NUMBL"
"ESR1","NUP62"
"ESR1","OGT"
"ESR1","PDIA6"
"ESR1","PPP1CC"
"ESR1","PREB"
"ESR1","RPL35A"
"ESR1","RPL38"
"ESR1","SENP3"
"ESR1","SLC2A1"
"ESR1","STIP1"
"ESR1","TOMM40"
"ESR1","TPX2"
"ESR1","TRIOBP"
"ESR1","UQCRFS1"
"ESR1","USP10"
"ESR1","VDAC2"
"ESR1","WDR61"
"ESR1","YES1"
"ESR1","KIF2C"
"ESR1","YWHAE"
"CEP55","ESR1"
"DNAJC11","ESR1"
"EIF3J","ESR1"
"ESR1","HLA-G"
"ESR1","PDLIM7"
"ESR1","UQCRC1"
"ESR1","UXS1"
"ESR1","MRPS5"
"CHERP","ESR1"
"ESR1","MYO18A"
"ESR1","RBX1"
"FBXO42","RBX1"
"FBXO42","TAB2"
"FBXO42","PPP2R1A"
"AGFG1","FBXO42"
"CYLD","FBXO42"
"FBXO42","RAE1"
"FBXO42","OGT"
"FBXO42","TTK"
"FBXO42","HIVEP1"
"CDC20","FBXO42"
"ATL3","POR"
"POR","POR"
"POR","UQCRC1"
"LONP1","POR"
"HMOX2","POR"
"NRAS","POR"
"AGPS","POR"
"POR","TOMM40"
"CA9","POR"
"POR","RHBDD1"
"DDX58","POR"
"GJD3","POR"
"POR","REEP5"
"POR","RAC2"
"NRAS","PREB"
"ATP5C1","PREB"
"PREB","VDAC2"
"AGPS","PREB"
"PREB","RHBDD1"
"ESR1","PREB"
"DNAJC1","PREB"
"DDRGK1","PREB"
"GJD3","PREB"
"PREB","REEP5"
"PREB","RAC2"
"PREB","RIT1"
"PDZD8","PREB"
"EPB41L5","RPS6"
"EPB41L5","SET"
"EPB41L5","RPL13A"
"EPB41L5","TTC4"
"EPB41L5","TRIOBP"
"EPB41L5","PDIA6"
"DBN1","EPB41L5"
"EPB41L5","ESR1"
"EPB41L5","NRAS"
"DNAJC5","EPB41L5"
"AGPS","EPB41L5"
"EPB41L5","GJD3"
"EPB41L5","LAMP3"
"EPB41L5","LCK"
"EPB41L5","RAB2A"
"EPB41L5","ZFPL1"
"CD6","EPB41L5"
"EPB41L5","RND3"
"EPB41L5","RAC2"
"AGPS","UQCRC1"
"AGPS","HADHB"
"AGPS","POR"
"AGPS","HMOX2"
"AGPS","ATP5C1"
"AGPS","LONP1"
"AGPS","PREB"
"AGPS","EPB41L5"
"AGPS","AGPS"
"AGPS","ATG16L1"
"AGPS","MRPL37"
"AGPS","RIPK4"
"AGPS","OPTN"
"AGPS","G3BP1"
"AGPS","CEBPB"
"AGPS","MRPL37"
"MRPL37","MRPS5"
"MRPL37","PGK1"
"LONP1","MRPL37"
"MRPL37","TK1"
"ENO1","MRPL37"
"CYLD","MRPL37"
"MRPL37","RPS6"
"MRPL37","SURF1"
"MRPL37","TBRG4"
"MRPL37","TMEM70"
"MRPL37","NAA40"
"MRPL37","RPL13A"
"MRPL37","TRIM5"
"RIPK4","RIPK4"
"ATAD3A","RIPK4"
"RIPK4","STIP1"
"RIPK4","YWHAE"
"HADHB","RIPK4"
"RIPK4","SMC1A"
"ATP5C1","RIPK4"
"RIPK4","TECR"
"FKBP5","RIPK4"
"PPP2R1A","RIPK4"
"CSNK1D","RIPK4"
"AGPS","RIPK4"
"RBX1","RIPK4"
"RIPK4","RPLP1"
"RIPK4","TTK"
"NCAPD3","RIPK4"
"PPP6C","RIPK4"
"HLA-B","RIPK4"
"RIPK4","UCHL5"
"RIPK4","UBE3C"
"RIPK4","TUBB3"
"PGK1","RIPK4"
"GPI","RIPK4"
"PDIA4","RIPK4"
"CALR","RIPK4"
"RIPK4","VDAC2"
"LCN2","RIPK4"
"PDIA6","RIPK4"
"FSCN1","RIPK4"
"RIPK4","TXNDC5"
"ERO1L","RIPK4"
"NUCKS1","RIPK4"
"RIPK4","THRAP3"
"HYOU1","RIPK4"
"RIPK4","SLC22A4"
"CCDC53","OPTN"
"CYLD","OPTN"
"OPTN","OPTN"
"EPS15","OPTN"
"ATG16L1","OPTN"
"HSF2BP","OPTN"
"OPTN","TOMM40"
"MAP2K1","OPTN"
"OPTN","TRIP13"
"OPTN","USP10"
"AGPS","OPTN"
"NAA40","OPTN"
"CSNK1D","OPTN"
"JAK2","OPTN"
"OPTN","TNF"
"CSNK2A1","OPTN"
"G3BP1","USP10"
"EIF4G1","G3BP1"
"G3BP1","NUP62"
"G3BP1","G3BP1"
"ANXA6","G3BP1"
"ATAD3A","G3BP1"
"CDC73","G3BP1"
"CELF1","G3BP1"
"CFL1","G3BP1"
"EIF3J","G3BP1"
"EIF3L","G3BP1"
"EIF4B","G3BP1"
"FSCN1","G3BP1"
"G3BP1","GNB2"
"G3BP1","HSPA9"
"G3BP1","MAPRE1"
"G3BP1","MEX3A"
"G3BP1","PPP2R1A"
"G3BP1","RACGAP1"
"G3BP1","STIP1"
"G3BP1","SYNCRIP"
"G3BP1","TOMM34"
"G3BP1","TUBB3"
"G3BP1","VASP"
"G3BP1","YES1"
"G3BP1","RPS6"
"DDX58","G3BP1"
"G3BP1","RPLP1"
"G3BP1","RPS12"
"G3BP1","RPS24"
"G3BP1","RPS20"
"G3BP1","RPL15"
"G3BP1","RPL23"
"AGPS","G3BP1"
"G3BP1","HLA-A"
"G3BP1","VDAC2"
"G3BP1","UQCRFS1"
"G3BP1","TRIP13"
"DBN1","G3BP1"
"G3BP1","MYBBP1A"
"G3BP1","TPX2"
"G3BP1","LCK"
"ESR1","G3BP1"
"G3BP1","VCAM1"
"BMI1","G3BP1"
"CYLD","G3BP1"
"G3BP1","UBE2M"
"G3BP1","GPC1"
"G3BP1","GAPDH"
"G3BP1","KIF20A"
"G3BP1","YWHAE"
"G3BP1","OGT"
"DDRGK1","G3BP1"
"G3BP1","NAA40"
"AURKA","G3BP1"
"CEBPB","G3BP1"
"BCAR1","LCK"
"BCAR1","INPPL1"
"BCAR1","CBL"
"BCAR1","YES1"
"ARHGEF2","BCAR1"
"BCAR1","NUMBL"
"BCAR1","PPIF"
"BCAR1","KIF2C"
"BCAR1","SENP3"
"BCAR1","DDX27"
"BCAR1","PSMG2"
"BCAR1","EIF3CL"
"BCAR1","YWHAE"
"BCAR1","MAPK8"
"BCAR1","ESR1"
"BCAR1","HYOU1"
"BCAR1","MEX3A"
"SMC1A","SMC1A"
"RAE1","SMC1A"
"SMC1A","THRAP3"
"GANAB","SMC1A"
"SCYL1","SMC1A"
"FBXO6","SMC1A"
"ESR1","SMC1A"
"EPS15L1","SMC1A"
"RIPK4","SMC1A"
"HIST1H3A","SMC1A"
"ATG16L1","SMC1A"
"SMC1A","TEAD1"
"RIT1","SMC1A"
"NEK7","SMC1A"
"SMC1A","STIP1"
"BRCA2","SMC1A"
"RPL15","SMC1A"
"GAPDH","SMC1A"
"CEBPB","SMC1A"
"CA9","TNPO3"
"CA9","HMOX2"
"CA9","CISD2"
"CA9","DNAJC1"
"CA9","HLA-C"
"ATL3","CA9"
"CA9","PBXIP1"
"CA9","LDLR"
"CA9","IKBIP"
"CA9","POR"
"CA9","CALR"
"CA9","TAP1"
"CA9","HLA-B"
"CA9","STEAP3"
"CA9","ITM2B"
"CA9","MBOAT7"
"PDZD8","RAC2"
"IQGAP1","RAC2"
"RAC2","UQCRC1"
"RAC2","STEAP3"
"RAC2","YES1"
"EPB41L5","RAC2"
"DDRGK1","RAC2"
"DBN1","RAC2"
"POR","RAC2"
"ARHGAP21","RAC2"
"RAC2","SLC2A1"
"MRPS5","RAC2"
"B2M","RAC2"
"CISD2","RAC2"
"DLG1","RAC2"
"DNAJC1","RAC2"
"HMOX2","RAC2"
"HLA-A","RAC2"
"HLA-B","RAC2"
"HLA-C","RAC2"
"LONP1","RAC2"
"MBOAT7","RAC2"
"RAC2","TOMM40"
"ATP13A3","RAC2"
"PREB","RAC2"
"RAB2A","RAC2"
"RAC2","SLC22A4"
"NSDHL","RAC2"
"MYO18A","RAC2"
"PSMD1","RAC2"
"GANAB","RAC2"
"RAC2","VCAM1"
"FBXO6","RAC2"
"AURKA","RAC2"
"CYLD","OPTN"
"CYLD","MAPRE1"
"CYLD","CYLD"
"CYLD","PGK1"
"CFL1","CYLD"
"CYLD","TAB2"
"CYLD","HSPA9"
"CYLD","G3BP1"
"CYLD","RPS12"
"CYLD","RPS14"
"CYLD","EIF4G1"
"CYLD","RPLP1"
"CYLD","RPS6"
"CYLD","GAPDH"
"CYLD","RPL23"
"CYLD","YWHAE"
"CYLD","TUBB3"
"CYLD","EIF4B"
"CYLD","PDIA6"
"ATAD3A","CYLD"
"CYLD","HBB"
"CYLD","RPL35A"
"CYLD","OGT"
"CYLD","HADHB"
"CYLD","RPS24"
"CYLD","PSMA4"
"CYLD","RPS20"
"CYLD","RPL15"
"CYLD","MRPL37"
"CYLD","EIF3L"
"CYLD","SYNCRIP"
"CYLD","PSMD1"
"CHERP","CYLD"
"CYLD","RBM17"
"CYLD","THRAP3"
"CYLD","USP10"
"CYLD","RPL13A"
"CYLD","SLC2A1"
"CYLD","DLST"
"CYLD","HYOU1"
"CYLD","P4HB"
"CYLD","ENO1"
"CYLD","PPP6C"
"CYLD","PDLIM7"
"CYLD","EPS15L1"
"AURKA","CYLD"
"CYLD","DDX58"
"CYLD","TNF"
"CYLD","VASP"
"CYLD","FBXO42"
"DDX58","MEX3A"
"BCAR1","MEX3A"
"MEX3A","TXLNA"
"MEX3A","NFKB1"
"EIF4G1","MEX3A"
"ARHGEF2","MEX3A"
"MEX3A","RPS6"
"LDLR","MEX3A"
"CEP55","MEX3A"
"MEX3A","MEX3A"
"G3BP1","MEX3A"
"CELF1","MEX3A"
"CDC73","HSF2BP"
"CDC73","WDR61"
"CDC73","PDIA6"
"CDC73","CFL1"
"CDC73","ENO1"
"CDC73","GAPDH"
"CDC73","HSPA9"
"CDC73","RAB2A"
"CDC73","UBA52"
"CDC73","YWHAE"
"CALR","CDC73"
"CDC73","TAGLN2"
"ANXA6","CDC73"
"CDC73","RNF40"
"CDC73","HIST1H3A"
"CDC73","CHEK1"
"CDC73","G3BP1"
"CDC73","PPP1CC"
"CDC73","NUPR1"
"CDC73","PFDN5"
"CDC73","DDRGK1"
"CDC73","TCEB3"
"CDC73","STIP1"
"CDC73","DDA1"
"CDC73","CEBPB"
"IKZF1","IKZF1"
"IKZF1","SYNCRIP"
"HSPA9","IKZF1"
"IKZF1","RPS24"
"IKZF1","RPS14"
"ENO1","IKZF1"
"GAPDH","IKZF1"
"IKZF1","RPL23"
"IKZF1","SMARCE1"
"IKZF1","PSMA4"
"IKZF1","NFATC1"
"ATG16L1","IKZF1"
"DDX58","IKZF1"
"CEBPB","IKZF1"
"PGK1","STIP1"
"STIP1","TPI1"
"STIP1","VASP"
"PSMD1","STIP1"
"ATP5C1","STIP1"
"DYNC1I2","STIP1"
"EIF4G1","STIP1"
"GSPT1","STIP1"
"HADHB","STIP1"
"HSPA9","STIP1"
"P4HB","STIP1"
"PPP1CC","STIP1"
"PPP2R1A","STIP1"
"RPL15","STIP1"
"RPS24","STIP1"
"STIP1","YWHAE"
"SMC1A","STIP1"
"IQGAP1","STIP1"
"STIP1","TRIP13"
"LONP1","STIP1"
"STIP1","TECR"
"STIP1","UBE3C"
"PDIA6","STIP1"
"G3BP1","STIP1"
"STIP1","SYNCRIP"
"MYBBP1A","STIP1"
"CHERP","STIP1"
"HYOU1","STIP1"
"STIP1","STIP1"
"STIP1","TNPO3"
"NUP62","STIP1"
"EIF3L","STIP1"
"ATAD3A","STIP1"
"CDC73","STIP1"
"STIP1","TXNDC5"
"RPL23","STIP1"
"STIP1","USP10"
"GAPDH","STIP1"
"FKBP5","STIP1"
"IGBP1","STIP1"
"STIP1","VCAM1"
"ATF2","STIP1"
"STIP1","TAGLN2"
"RIPK4","STIP1"
"STIP1","UBE2M"
"LRRK2","STIP1"
"GPC1","STIP1"
"ESR1","STIP1"
"LDLR","STIP1"
"DNAJC5","STIP1"
"HSPA1L","STIP1"
"OGT","STIP1"
"LCK","STIP1"
"NAA40","STIP1"
"CSNK2A1","STIP1"
"STIP1","YES1"
"EIF3J","STIP1"
"CEBPB","STIP1"
"ENO1","STIP1"
"BCAR1","INPPL1"
"CBL","INPPL1"
"INPPL1","IQGAP1"
"HSPA1L","INPPL1"
"INPPL1","TUBB3"
"HSPA9","INPPL1"
"ENO1","INPPL1"
"INPPL1","PGK1"
"INPPL1","VCAM1"
"INPPL1","TPD52L2"
"INPPL1","SLC1A1"
"DDX58","INPPL1"
"INPPL1","VASP"
"ATG16L1","INPPL1"
"PDIA4","YWHAE"
"P4HB","PDIA4"
"CALR","PDIA4"
"ERO1L","PDIA4"
"GANAB","PDIA4"
"HLA-C","PDIA4"
"HYOU1","PDIA4"
"IKBIP","PDIA4"
"PDIA4","PDIA6"
"PDIA4","TXNDC5"
"DYNC1I2","PDIA4"
"PDIA4","RNF40"
"LDLR","PDIA4"
"ATF2","PDIA4"
"PDIA4","UBE2M"
"LRRK2","PDIA4"
"LCN2","PDIA4"
"ARHGAP21","PDIA4"
"PDIA4","PGK1"
"GGH","PDIA4"
"DDX58","PDIA4"
"NCR3","PDIA4"
"PDIA4","RIPK4"
"PDIA4","PDZD8"
"CEBPB","PDIA4"
"CSNK1D","CSNK1D"
"CSNK1D","PPP2R1A"
"CSNK1D","UBE2M"
"CSNK1D","PPP6C"
"CSNK1D","NFATC1"
"CSNK1D","RIPK4"
"CSNK1D","KIF20A"
"ARHGAP21","CSNK1D"
"CSNK1D","OPTN"
"IQGAP1","MAP2K1"
"IQGAP1","PDLIM7"
"CFL1","IQGAP1"
"DBN1","IQGAP1"
"EPS15","IQGAP1"
"IQGAP1","PPP1CC"
"IQGAP1","TRIOBP"
"ARHGAP21","IQGAP1"
"IQGAP1","MYO18A"
"IQGAP1","RPS14"
"IQGAP1","VASP"
"IQGAP1","YWHAE"
"DYNC1I2","IQGAP1"
"ADRM1","IQGAP1"
"IQGAP1","PSMD1"
"IQGAP1","THRAP3"
"INPPL1","IQGAP1"
"CBL","IQGAP1"
"IQGAP1","LRRK2"
"IQGAP1","VCAM1"
"EIF4G1","IQGAP1"
"IQGAP1","SYNCRIP"
"IQGAP1","UBE2M"
"IQGAP1","VDAC2"
"ESR1","IQGAP1"
"IQGAP1","NUPR1"
"IQGAP1","RAB2A"
"GOT1","IQGAP1"
"IQGAP1","PPP2R1A"
"IQGAP1","RAC2"
"GSPT1","IQGAP1"
"DLST","IQGAP1"
"BMI1","IQGAP1"
"IQGAP1","SCYL1"
"IQGAP1","STIP1"
"IQGAP1","PIAS1"
"GNB2","IQGAP1"
"ATP5C1","IQGAP1"
"CEBPB","IQGAP1"
"CFL1","MYO18A"
"DBN1","MYO18A"
"MYO18A","TRIOBP"
"ARHGAP21","MYO18A"
"MYO18A","MYO18A"
"ENO1","MYO18A"
"DDRGK1","MYO18A"
"IQGAP1","MYO18A"
"MYO18A","RPL15"
"DLST","MYO18A"
"KIF20A","MYO18A"
"MYO18A","NUPR1"
"DNAJC5","MYO18A"
"MYO18A","RAB2A"
"MYO18A","TECR"
"KIF2C","MYO18A"
"MYO18A","RPS14"
"MYO18A","RND3"
"MYO18A","RAC2"
"ESR1","MYO18A"
"HIST1H3A","MYO18A"
"CBL","LCK"
"LCK","SOCS1"
"LCK","LCK"
"G3BP1","LCK"
"DLG1","LCK"
"HSPA9","LCK"
"LCK","YES1"
"EPB41L5","LCK"
"LCK","NUMBL"
"LCK","STIP1"
"LCK","TOMM34"
"LCK","TTC4"
"ARHGAP21","LCK"
"CEP55","LCK"
"LCK","RPL15"
"BCAR1","LCK"
"ARHGAP21","RND3"
"RND3","TRIOBP"
"EPB41L5","RND3"
"DLG1","RND3"
"HLA-A","RND3"
"RND3","YES1"
"MYO18A","RND3"
"DBN1","RND3"
"PSMD1","RND3"
"RND3","RPL38"
"RND3","STEAP3"
"RND3","SLC2A1"
"LONP1","RND3"
"GANAB","RND3"
"GANAB","P4HB"
"GANAB","MAPK8"
"GANAB","HYOU1"
"GANAB","NCAPH"
"ADRM1","GANAB"
"FBXO6","GANAB"
"CALR","GANAB"
"ATF2","GANAB"
"GANAB","SENP3"
"GANAB","PPP6C"
"CSNK2A1","GANAB"
"GANAB","RBX1"
"GANAB","HADHB"
"GANAB","TOMM40"
"GANAB","VDAC2"
"CD74","GANAB"
"DNAJC1","GANAB"
"GANAB","PDIA4"
"GANAB","RAC2"
"GANAB","RND3"
"GANAB","TRIM5"
"GANAB","PSMA4"
"GANAB","PPP2R1A"
"GANAB","SMC1A"
"GANAB","NEK7"
"GANAB","PIAS1"
"TOMM40","VDAC2"
"RAB2A","TOMM40"
"ATP5C1","TOMM40"
"CALR","TOMM40"
"HADHB","TOMM40"
"POR","TOMM40"
"GANAB","TOMM40"
"TAGLN2","TOMM40"
"TAP1","TOMM40"
"OPTN","TOMM40"
"ESR1","TOMM40"
"KIF20A","TOMM40"
"DDRGK1","TOMM40"
"RAC2","TOMM40"
"RIT1","TOMM40"
"CEBPB","TOMM40"
"ARHGEF2","MAPRE1"
"ARHGEF2","ARHGEF2"
"ARHGEF2","PPP6C"
"ARHGEF2","RPS6"
"ARHGEF2","FBXO6"
"ARHGEF2","CEP250"
"ARHGEF2","PPP2R1A"
"ARHGEF2","ATG16L1"
"ARHGEF2","ESR1"
"ARHGEF2","BCAR1"
"ARHGEF2","DDX58"
"ARHGEF2","DDRGK1"
"ARHGEF2","YWHAE"
"ARHGEF2","BMI1"
"ARHGEF2","GNB2"
"ARHGEF2","MEX3A"
"IGBP1","PPP6C"
"PPP6C","TAB2"
"ARHGEF2","PPP6C"
"CSNK1D","PPP6C"
"DDX58","PPP6C"
"PPP6C","PSMA4"
"GANAB","PPP6C"
"PPP6C","YWHAE"
"MAP2K1","PPP6C"
"GAPDH","PPP6C"
"FBXO6","PPP6C"
"AURKA","PPP6C"
"PPP6C","RIPK4"
"PPP6C","SLC15A3"
"CYLD","PPP6C"
"PPP6C","USP10"
"DDRGK1","PPP6C"
"PPP6C","RIT1"
"PPP6C","TNF"
"CEBPB","PPP6C"
"CEP250","HSPA9"
"CEP250","TUBB3"
"CEP250","RPS6"
"CEP250","RPL15"
"CEP250","RPS14"
"CEP250","NUP62"
"ARHGEF2","CEP250"
"CEP250","RPL23"
"CEP250","RPL13A"
"CEP250","HBB"
"CEP250","VASP"
"CEP250","RPS12"
"CEP250","HSPA1L"
"CEP250","PIAS1"
"CEP250","UBA52"
"CEP250","KAT2B"
"CEP250","YWHAE"
"CEP250","ENO1"
"CEP250","MAPRE1"
"ATG16L1","CEP250"
"PPP2R1A","TNPO3"
"PPP2R1A","SET"
"ARHGEF2","PPP2R1A"
"PPP2R1A","TIMELESS"
"DNAJC5","PPP2R1A"
"IQGAP1","PPP2R1A"
"HSPA9","PPP2R1A"
"EIF4G1","PPP2R1A"
"GANAB","PPP2R1A"
"ADRM1","PPP2R1A"
"PPP2R1A","PSMD1"
"LRRK2","PPP2R1A"
"PPP2R1A","VCAM1"
"ESR1","PPP2R1A"
"CDC20","PPP2R1A"
"NCAPD3","PPP2R1A"
"DLST","PPP2R1A"
"G3BP1","PPP2R1A"
"CDK12","PPP2R1A"
"MRPS5","PPP2R1A"
"PPP2R1A","RIPK4"
"PPP2R1A","UBE2M"
"ATG16L1","PPP2R1A"
"DDX58","PPP2R1A"
"OGT","PPP2R1A"
"DDRGK1","PPP2R1A"
"FKBP5","PPP2R1A"
"GSPT1","PPP2R1A"
"PPP2R1A","TGM2"
"CSNK1D","PPP2R1A"
"FBXO42","PPP2R1A"
"PPP2R1A","STIP1"
"CEBPB","PPP2R1A"
"HSF2BP","HSF2BP"
"BMI1","HSF2BP"
"HSF2BP","PDLIM7"
"BRCA2","HSF2BP"
"HSF2BP","IKBIP"
"CDC73","HSF2BP"
"HSF2BP","TAB2"
"HSF2BP","OPTN"
"HSF2BP","RBM17"
"CEP55","HSF2BP"
"TRIP13","TRIP13"
"TRIP13","TTC4"
"CDC20","TRIP13"
"PSMB8","TRIP13"
"FBXO6","TRIP13"
"TPT1","TRIP13"
"SLC15A3","TRIP13"
"TNFSF13B","TRIP13"
"KIF20A","TRIP13"
"DDRGK1","TRIP13"
"RAB2A","TRIP13"
"OPTN","TRIP13"
"STIP1","TRIP13"
"CBL","TRIP13"
"GNB2","TRIP13"
"G3BP1","TRIP13"
"NCAPH","RPLP1"
"NCAPH","RPL13A"
"NCAPH","RPS12"
"NCAPH","RPL35A"
"EIF3CL","NCAPH"
"NCAPH","RPS24"
"EIF3L","NCAPH"
"EIF4G1","NCAPH"
"NCAPH","RPS20"
"NCAPH","RPL15"
"NCAPH","RPL38"
"NCAPH","RPS14"
"NCAPH","RPL23"
"NCAPH","RPS6"
"ADRM1","NCAPH"
"NCAPH","PSMD1"
"ESR1","NCAPH"
"NCAPH","SENP3"
"CD74","NCAPH"
"NCAPH","TNFSF13B"
"NAA40","NCAPH"
"CALR","NCAPH"
"GANAB","NCAPH"
"CEBPB","NCAPH"
"JAK2","SOCS1"
"JAK2","STAT5A"
"JAK2","JAK2"
"JAK2","SLC2A1"
"CBL","JAK2"
"JAK2","YWHAE"
"JAK2","PPP1CC"
"JAK2","OPTN"
"ATP5C1","DLST"
"DLST","YWHAE"
"DLST","TAGLN2"
"DLST","PDIA6"
"ATAD3A","DLST"
"DLST","TPI1"
"DLST","HLA-A"
"DLST","VDAC2"
"DLST","FSCN1"
"DBN1","DLST"
"DLST","TECR"
"DLST","THRAP3"
"DLST","PPP2R1A"
"DLST","TAP1"
"DLST","MYO18A"
"DLST","EIF4G1"
"DLST","HYOU1"
"DLST","DLST"
"DLST","RIT1"
"DLST","IQGAP1"
"DLST","TCEB3"
"DLST","PGK1"
"CYLD","DLST"
"DLST","LONP1"
"DLST","SURF1"
"DLST","TBRG4"
"DLST","TMEM70"
"DLST","NUPR1"
"DLST","HSPA9"
"DLST","OGT"
"DLST","PARN"
"DLST","GSPT1"
"CEBPB","DLST"
"NFKB1","NFKB1"
"NFKB1","TAB2"
"NFKB1","PSMA4"
"NFKB1","STAT5A"
"HSPA1L","NFKB1"
"AURKA","NFKB1"
"NFKB1","TECR"
"ATAD3A","NFKB1"
"CHEK1","NFKB1"
"HSPA9","NFKB1"
"ADRM1","NFKB1"
"NCOR1","NFKB1"
"CEBPB","NFKB1"
"GGH","NFKB1"
"MEX3A","NFKB1"
"ATAD3A","SLC15A3"
"ATP13A3","SLC15A3"
"HADHB","SLC15A3"
"PBXIP1","SLC15A3"
"PPP6C","SLC15A3"
"SLC15A3","TBRG4"
"SLC15A3","TECR"
"SLC15A3","TNPO3"
"SLC15A3","TRIP13"
"SLC15A3","VDAC2"
"SLC15A3","YWHAE"
"DDX58","SLC15A3"
"MAP2K1","MAP2K1"
"MAP2K1","YWHAE"
"IQGAP1","MAP2K1"
"MAP2K1","RPL35A"
"MAP2K1","RPS6"
"BMI1","MAP2K1"
"ATAD3A","MAP2K1"
"FKBP5","MAP2K1"
"MAP2K1","NOC2L"
"MAP2K1","UQCRFS1"
"MAP2K1","MAPK8"
"CHEK1","MAP2K1"
"MAP2K1","PPP6C"
"MAP2K1","TPT1"
"AURKA","MAP2K1"
"DNAJC1","MAP2K1"
"MAP2K1","OPTN"
"CEBPB","MAP2K1"
"ATAD3A","SURF1"
"DLST","SURF1"
"DNAJC11","SURF1"
"MRPL37","SURF1"
"MRPS5","SURF1"
"PPIF","SURF1"
"SURF1","UQCRC1"
"HCST","SURF1"
"SLC22A4","SURF1"
"HLA-E","SURF1"
"TRIM5","TRIM5"
"TAB2","TRIM5"
"SOCS1","TRIM5"
"TRIM5","YES1"
"ATAD3A","TRIM5"
"EPS15","TRIM5"
"RPL15","TRIM5"
"RPL35A","TRIM5"
"PSMG2","TRIM5"
"RPL13A","TRIM5"
"RAB13","TRIM5"
"PDIA6","TRIM5"
"LONP1","TRIM5"
"RPL38","TRIM5"
"GANAB","TRIM5"
"MRPL37","TRIM5"
"PIAS1","TRIM5"
"KIF20A","TRIM5"
"C3","CFH"
"ATAD3A","CFH"
"CFH","DYNC1I2"
"CFH","PDIA6"
"BRCA2","CFH"
"CFH","GOT1"
"CFH","MBNL1"
"CFH","RHBDD1"
"CFH","PHF11"
"ATF2","ATF2"
"ATF2","CSNK2A1"
"ATF2","MAPK8"
"ATF2","CEBPB"
"ATF2","VDAC2"
"ATF2","P4HB"
"ATF2","CALR"
"ATF2","GANAB"
"ATF2","GAPDH"
"ATF2","TPI1"
"ATF2","FSCN1"
"ATF2","PDIA4"
"ATF2","ENO1"
"ATF2","TAGLN2"
"ATF2","STIP1"
"ATF2","CFL1"
"ATF2","ERO1L"
"ATF2","UQCRC1"
"ATF2","RAB2A"
"ATF2","HADHB"
"ATF2","GNB2"
"ATF2","SLC2A1"
"ATF2","PPIF"
"ATF2","NFATC1"
"ATF2","RBX1"
"BCAR1","MAPK8"
"ATF2","MAPK8"
"CBL","MAPK8"
"MAPK8","MAPK8"
"MAP2K1","MAPK8"
"GPI","MAPK8"
"HIVEP1","MAPK8"
"GANAB","MAPK8"
"LAMP3","MAPK8"
"P4HB","PDIA6"
"P4HB","PDIA4"
"P4HB","P4HB"
"ERO1L","P4HB"
"P4HB","UQCRC1"
"P4HB","PSMA4"
"P4HB","RPS14"
"EIF4G1","P4HB"
"FBXO6","P4HB"
"GANAB","P4HB"
"CALR","P4HB"
"ATF2","P4HB"
"P4HB","TPD52L2"
"BMI1","P4HB"
"ESR1","P4HB"
"ENO1","P4HB"
"NEK7","P4HB"
"P4HB","UBE2M"
"P4HB","UBE3C"
"CYLD","P4HB"
"LRRK2","P4HB"
"LCN2","P4HB"
"KIF20A","P4HB"
"LDLR","P4HB"
"DNAJC1","P4HB"
"OGT","P4HB"
"P4HB","STIP1"
"P4HB","PDZD8"
"HMOX2","P4HB"
"CEBPB","P4HB"
"ENO1","PGK1"
"ENO1","GAPDH"
"ENO1","TPI1"
"ENO1","MRPL37"
"ENO1","HSPA9"
"ENO1","NCAPD3"
"ENO1","MYO18A"
"ENO1","SMARCE1"
"CEP250","ENO1"
"CALR","ENO1"
"ENO1","GPI"
"ENO1","P4HB"
"ENO1","SNX1"
"ENO1","SET"
"ENO1","TEAD1"
"ENO1","NCOR1"
"ENO1","ENO1"
"ENO1","INPPL1"
"ENO1","STIP1"
"CDC27","ENO1"
"ENO1","VCAM1"
"ATF2","ENO1"
"ENO1","FBXO6"
"CFL1","ENO1"
"ENO1","TAGLN2"
"CDC73","ENO1"
"ENO1","UBE2M"
"ATG16L1","ENO1"
"ENO1","RBX1"
"CYLD","ENO1"
"ENO1","LRRK2"
"ENO1","USP10"
"ENO1","OGT"
"DDRGK1","ENO1"
"ENO1","NAA40"
"ENO1","RIT1"
"ENO1","IKZF1"
"CBL","ENO1"
"EIF4G1","ENO1"
"EIF4B","ENO1"
"CEBPB","ENO1"
"ENO1","RPL23"
"CFL1","TPI1"
"CFL1","UBA52"
"CFL1","ENO1"
"CFL1","GAPDH"
"CFL1","TAGLN2"
"CFL1","UCHL5"
"CFL1","VCAM1"
"ATF2","CFL1"
"CFL1","EIF4B"
"CFL1","HSPA9"
"CFL1","ESR1"
"CFL1","DBN1"
"CFL1","IQGAP1"
"CFL1","MYO18A"
"CDC73","CFL1"
"CFL1","CYLD"
"CFL1","G3BP1"
"CFL1","UBE2M"
"CFL1","LRRK2"
"CFL1","KIF20A"
"CFL1","DDX58"
"CFL1","DDRGK1"
"CFL1","MYCBP2"
"CFL1","NAA40"
"CEBPB","CFL1"
"SLC2A1","SLC2A1"
"FASTKD1","SLC2A1"
"SLC2A1","TMEM70"
"CALR","SLC2A1"
"SLC2A1","VCAM1"
"ATF2","SLC2A1"
"JAK2","SLC2A1"
"CYLD","SLC2A1"
"ESR1","SLC2A1"
"LONP1","SLC2A1"
"DNAJC5","SLC2A1"
"GJD3","SLC2A1"
"LAMP3","SLC2A1"
"RAB2A","SLC2A1"
"RAC2","SLC2A1"
"RND3","SLC2A1"
"NFATC1","PIAS1"
"NFATC1","OGT"
"ATF2","NFATC1"
"CHEK1","NFATC1"
"IKZF1","NFATC1"
"CSNK1D","NFATC1"
"NEK7","NFATC1"
"NFATC1","SMARCE1"
"HSPA9","NFATC1"
"KAT2B","NFATC1"
"MYBBP1A","RPS6"
"MYBBP1A","RPS14"
"MYBBP1A","RPS24"
"MYBBP1A","RPL13A"
"DDX27","MYBBP1A"
"MYBBP1A","RPL15"
"ESR1","MYBBP1A"
"BMI1","MYBBP1A"
"MYBBP1A","PPP1CC"
"HIST1H3A","MYBBP1A"
"ATG16L1","MYBBP1A"
"KIF20A","MYBBP1A"
"MNDA","MYBBP1A"
"MYBBP1A","NUPR1"
"DNAJC1","MYBBP1A"
"DDX58","MYBBP1A"
"DDRGK1","MYBBP1A"
"MYBBP1A","NAA40"
"MYBBP1A","RBM28"
"GLTSCR2","MYBBP1A"
"MYBBP1A","STIP1"
"G3BP1","MYBBP1A"
"IQGAP1","TRIOBP"
"SYNCRIP","TRIOBP"
"MYO18A","TRIOBP"
"ATG16L1","TRIOBP"
"PPP1CC","TRIOBP"
"ESR1","TRIOBP"
"DNAJC5","TRIOBP"
"EPB41L5","TRIOBP"
"RND3","TRIOBP"
"HBB","RER1"
"PPIF","RER1"
"RAB2A","RER1"
"RER1","VDAC2"
"ATG16L1","RER1"
"NRAS","RER1"
"LDLR","RER1"
"GJD3","RER1"
"LAMP3","RER1"
"REEP5","RER1"
"ATP13A3","RER1"
"P2RY8","RER1"
"FFAR1","RER1"
"TAB2","TAB2"
"NCOR1","TAB2"
"NFKB1","TAB2"
"NUMBL","TAB2"
"ESR1","TAB2"
"PDLIM7","TAB2"
"TAB2","TGM2"
"HSF2BP","TAB2"
"TAB2","TNF"
"PPP6C","TAB2"
"TAB2","TRIM5"
"DBN1","TAB2"
"CYLD","TAB2"
"TAB2","UBE2M"
"ATG16L1","TAB2"
"FBXO42","TAB2"
"TAB2","YWHAE"
"EIF3L","RPS20"
"EIF3CL","EIF3L"
"EIF3L","GNB2"
"EIF3L","EIF4G1"
"EIF3L","VCAM1"
"CYLD","EIF3L"
"EIF3L","G3BP1"
"EIF3L","UBE2M"
"EIF3L","EIF4B"
"ATG16L1","EIF3L"
"CD74","EIF3L"
"EIF3L","ESR1"
"EIF3L","USP10"
"CSNK2A1","EIF3L"
"EIF3L","GSPT1"
"EIF3L","NCAPH"
"EIF3L","PDZD8"
"EIF3J","EIF3L"
"CALR","EIF3L"
"BMI1","EIF3L"
"EIF3L","SCYL1"
"EIF3L","STIP1"
"CDK12","TCEB3"
"CDK12","CDK12"
"CDK12","PPP2R1A"
"CDK12","PSMD1"
"CDK12","THRAP3"
"CDK12","RPS14"
"ATG16L1","CDK12"
"CDK12","PPP1CC"
"CDK12","YWHAE"
"CDK12","ESR1"
"CDK12","DDX58"
"CDK12","DDRGK1"
"CDK12","NAA40"
"CDK12","RPL13A"
"CDK12","RPS6"
"CDK12","RPL15"
"CDK12","TPX2"
"CDK12","RIT1"
"CDK12","CSNK2A1"
"CDC27","TTK"
"TTK","TTK"
"CDC20","TTK"
"ESR1","TTK"
"RIPK4","TTK"
"DNAJC5","TTK"
"TTK","VASP"
"SLC22A4","TTK"
"P2RY10","TTK"
"ATG16L1","TTK"
"FBXO42","TTK"
"MYCBP2","PDIA6"
"CFL1","MYCBP2"
"FSCN1","MYCBP2"
"MYCBP2","RAE1"
"MYCBP2","PPP1CC"
"GGH","MYCBP2"
"MYCBP2","YWHAE"
"AURKA","MYCBP2"
"ATG16L1","MYCBP2"
"PDLIM7","TAB2"
"HBB","PDLIM7"
"EPS15","PDLIM7"
"GNB1","PDLIM7"
"PDLIM7","YES1"
"IQGAP1","PDLIM7"
"HSF2BP","PDLIM7"
"CYLD","PDLIM7"
"ESR1","PDLIM7"
"PDLIM7","YWHAE"
"ATG16L1","PDLIM7"
"CEBPB","PDLIM7"
"CEP55","CEP55"
"CEP55","RBM17"
"CEP55","CHERP"
"CEP55","DBN1"
"CEP55","HSF2BP"
"AURKA","CEP55"
"CCDC53","CEP55"
"CEP55","SYNCRIP"
"CEP55","ESR1"
"CEP55","OGT"
"CEP55","LCK"
"CEP55","MAPRE1"
"CEP55","YWHAE"
"ATG16L1","CEP55"
"CEP55","MEX3A"
"C3","CFH"
"C3","TGM2"
"ATG16L1","C3"
"C3","GOT1"
"C3","RHBDD1"
"C3","MBNL1"
"C3","PHF11"
"HLA-G","TAP1"
"HLA-A","TAP1"
"CALR","TAP1"
"B2M","TAP1"
"PSMB8","TAP1"
"HLA-B","TAP1"
"HMOX2","TAP1"
"TAP1","TOMM40"
"TAP1","VDAC2"
"ATL3","TAP1"
"DLST","TAP1"
"CA9","TAP1"
"GOT1","TAP1"
"SLC22A4","TAP1"
"P2RY8","TAP1"
"FFAR1","TAP1"
"HMOX1","TAP1"
"LAMP3","NEK7"
"LAMP3","MAPK8"
"FASTKD1","LAMP3"
"LAMP3","TUBB3"
"LAMP3","TBRG4"
"ATL3","LAMP3"
"ATP13A3","LAMP3"
"CISD2","LAMP3"
"DLG1","LAMP3"
"EPB41L5","LAMP3"
"HLA-A","LAMP3"
"HMOX2","LAMP3"
"LAMP3","MBOAT7"
"LAMP3","NSDHL"
"LAMP3","NUMBL"
"LAMP3","PDZD8"
"LAMP3","PPP1CC"
"LAMP3","RAB13"
"LAMP3","RAB2A"
"LAMP3","RER1"
"LAMP3","SLC2A1"
"LAMP3","SNX1"
"LAMP3","STEAP3"
"LAMP3","TPD52L2"
"LAMP3","YES1"
"DDRGK1","LAMP3"
"LAMP3","RABGAP1L"
"LAMP3","REEP5"
"FBXO6","LAMP3"
"FFAR1","TNPO3"
"FFAR1","YES1"
"FFAR1","RAB13"
"FFAR1","HMOX2"
"DNAJC11","FFAR1"
"FFAR1","TMEM70"
"FFAR1","TAP1"
"FFAR1","LDLR"
"ATP13A3","FFAR1"
"FFAR1","MBOAT7"
"FFAR1","TBRG4"
"FFAR1","SLC1A1"
"FFAR1","NRAS"
"FFAR1","RER1"
"ATL3","FFAR1"
"ATP13A3","GJD3"
"CISD2","GJD3"
"DDRGK1","GJD3"
"DNAJC1","GJD3"
"EPB41L5","GJD3"
"GJD3","HLA-A"
"GJD3","HLA-C"
"GJD3","HMOX2"
"GJD3","MBOAT7"
"GJD3","NSDHL"
"GJD3","PDZD8"
"GJD3","POR"
"GJD3","PREB"
"GJD3","PSMD1"
"GJD3","RER1"
"GJD3","SCYL1"
"GJD3","SLC2A1"
"GJD3","STEAP3"
"GJD3","UBA52"
"GJD3","YES1"
"GJD3","ZFPL1"
"DLG1","GJD3"
"GJD3","NUMBL"
"GJD3","REEP5"
"P2RY10","TNPO3"
"P2RY10","TUBB3"
"ATP13A3","P2RY10"
"FASTKD1","P2RY10"
"P2RY10","TBRG4"
"P2RY10","TTK"
"CD6","NCAPD3"
"CD6","EPB41L5"
"CD6","CSNK2A1"
"AURKA","CD6"
"BMI1","CD6"
"CBL","INPPL1"
"CBL","CBL"
"CBL","UBE2M"
"CBL","GAPDH"
"CBL","MAPK8"
"CBL","LCK"
"CBL","HSPA9"
"CBL","HSPA1L"
"CBL","IQGAP1"
"CBL","YWHAE"
"CBL","TGM2"
"CBL","JAK2"
"CBL","NCOR1"
"CBL","STAT5A"
"CBL","GNB2"
"CBL","HLA-A"
"CBL","RPL38"
"CBL","TRIP13"
"CBL","TUBB3"
"CBL","ENO1"
"CBL","PSME2"
"CBL","UBA52"
"CBL","EPS15L1"
"BTK","CBL"
"CBL","YES1"
"BCAR1","CBL"
"CBL","DDX58"
"CBL","NRAS"
"BMI1","CBL"
"CBL","MAPRE1"
"CBL","VASP"
"NUMBL","TAB2"
"NUMBL","SLC1A1"
"NRAS","NUMBL"
"ESR1","NUMBL"
"BCAR1","NUMBL"
"DNAJC5","NUMBL"
"DDRGK1","NUMBL"
"GJD3","NUMBL"
"LAMP3","NUMBL"
"LCK","NUMBL"
"NUMBL","VASP"
"NUMBL","ZFPL1"
"NAA40","NUMBL"
"NUMBL","YWHAE"
"DDX27","RBM28"
"DDX27","ESR1"
"DDX27","RPL23"
"DDX27","SENP3"
"DDX27","GLTSCR2"
"DDX27","SYNCRIP"
"DDX27","RPS6"
"DDX27","HIST1H3A"
"DDX27","KIF20A"
"DDX27","MNDA"
"BCAR1","DDX27"
"DDRGK1","DDX27"
"DDX27","RPS24"
"DDX27","RPL13A"
"DDX27","RPS14"
"DDX27","MYBBP1A"
"CEBPB","DDX27"
"PSMA4","PSMG2"
"PSME2","PSMG2"
"BCAR1","PSMG2"
"PSMB8","PSMG2"
"PSMG2","RIT1"
"PSMG2","UCHL5"
"PSMG2","TRIM5"
"BCAR1","HYOU1"
"HYOU1","SNX1"
"GGH","HYOU1"
"FBXO6","HYOU1"
"GANAB","HYOU1"
"DLST","HYOU1"
"HYOU1","UBE2M"
"CYLD","HYOU1"
"HYOU1","LRRK2"
"EPS15L1","HYOU1"
"HYOU1","PDIA4"
"EIF4B","HYOU1"
"HYOU1","RIPK4"
"HYOU1","STIP1"
"CEBPB","HYOU1"
"DYNC1I2","RIT1"
"MRPS5","RIT1"
"GLTSCR2","RIT1"
"RIT1","TOMM40"
"DLST","RIT1"
"RIT1","UFSP2"
"ATP5C1","RIT1"
"LDLR","RIT1"
"RIT1","RIT1"
"RIT1","WDR61"
"CDC20","RIT1"
"CHERP","RIT1"
"DNAJC11","RIT1"
"CHEK1","RIT1"
"CDK12","RIT1"
"AURKA","RIT1"
"CDC27","RIT1"
"ENO1","RIT1"
"EIF4G1","RIT1"
"GAPDH","RIT1"
"EIF3CL","RIT1"
"GSPT1","RIT1"
"HSPA9","RIT1"
"IGBP1","RIT1"
"LONP1","RIT1"
"NCAPD3","RIT1"
"NOC2L","RIT1"
"NUP62","RIT1"
"PFDN5","RIT1"
"PPP6C","RIT1"
"PREB","RIT1"
"PSMA4","RIT1"
"PSMG2","RIT1"
"RACGAP1","RIT1"
"RBX1","RIT1"
"RIT1","RPL15"
"RIT1","RPS14"
"RIT1","RPS20"
"RIT1","RPS24"
"RIT1","RPS6"
"RIT1","SMC1A"
"RIT1","TEAD1"
"RIT1","TECR"
"RIT1","TIMELESS"
"RIT1","TNPO3"
"RIT1","TPI1"
"RIT1","TPT1"
"RIT1","TPX2"
"RIT1","UBA52"
"RIT1","UQCRC1"
"RIT1","UXS1"
"LRRK2","RIT1"
"BTK","CBL"
"BTK","BTK"
"BTK","GNB1"
"BTK","STAT5A"
"BTK","DBN1"
"BTK","GAPDH"
"AURKA","BTK"
"BTK","NRAS"
"BTK","DDX58"
"CCDC53","PBXIP1"
"CCDC53","CEP55"
"CCDC53","TXLNA"
"CCDC53","IKBIP"
"CCDC53","RNF40"
"CCDC53","OPTN"
"CCDC53","NUP62"
"CCDC53","SNX1"
"ESR1","THRAP3"
"CSNK2A1","THRAP3"
"BMI1","THRAP3"
"CYLD","THRAP3"
"DLST","THRAP3"
"SOCS1","THRAP3"
"PPP1CC","THRAP3"
"RHBDD1","THRAP3"
"SMC1A","THRAP3"
"KIF20A","THRAP3"
"NUPR1","THRAP3"
"OGT","THRAP3"
"DDRGK1","THRAP3"
"PDZD8","THRAP3"
"RNF40","THRAP3"
"AURKA","THRAP3"
"IQGAP1","THRAP3"
"HADHB","THRAP3"
"REEP5","THRAP3"
"RIPK4","THRAP3"
"SCYL1","THRAP3"
"CDK12","THRAP3"
"BRCA2","THRAP3"
"HIST1H3A","THRAP3"
"CEBPB","THRAP3"
"CHERP","RBM17"
"CHERP","HIST1H3A"
"BMI1","CHERP"
"CHERP","CYLD"
"CHERP","PYHIN1"
"CEP55","CHERP"
"CHERP","YES1"
"CHERP","KIF20A"
"CHERP","DDRGK1"
"CHERP","NAA40"
"CHERP","ESR1"
"CHERP","RIT1"
"CHERP","TUBB3"
"CHERP","STIP1"
"CEBPB","CHERP"
"CELF1","MBNL1"
"CELF1","MEX3A"
"CELF1","SYNCRIP"
"CELF1","G3BP1"
"CELF1","MRPS5"
"CELF1","USP10"
"BMI1","CELF1"
"CELF1","DDX58"
"CELF1","OGT"
"CEBPB","CELF1"
"EIF3J","EIF3J"
"EIF3J","EIF4G1"
"CALR","EIF3J"
"EIF3J","EIF3L"
"EIF3J","STIP1"
"CSNK2A1","EIF3J"
"EIF3J","G3BP1"
"EIF3J","UBE2M"
"EIF3J","EIF4B"
"CD74","EIF3J"
"EIF3J","ESR1"
"EIF3J","RPS24"
"EIF3J","PDZD8"
"BMI1","EIF3J"
"CEBPB","EIF3J"
"HSPA1L","UQCRC1"
"HSPA1L","PPP1CC"
"HSPA1L","UBE2M"
"HSPA1L","TOMM34"
"HSPA1L","STIP1"
"HSPA1L","INPPL1"
"CBL","HSPA1L"
"EPS15","HSPA1L"
"ESR1","HSPA1L"
"GAPDH","HSPA1L"
"CDC20","HSPA1L"
"CEP250","HSPA1L"
"HSPA1L","NFKB1"
"HSPA1L","RBX1"
"DNAJC5","HSPA1L"
"FKBP5","HSPA1L"
"BMI1","HSPA1L"
"EIF4G1","IQGAP1"
"EIF4G1","PSMB8"
"EIF4G1","USP10"
"EIF4B","EIF4G1"
"ADRM1","EIF4G1"
"EIF4G1","PSMD1"
"EIF4G1","EIF4G1"
"EIF3L","EIF4G1"
"EIF4G1","RPL23"
"EIF3J","EIF4G1"
"EIF4G1","RPS6"
"EIF4G1","HIST1H3A"
"EIF4G1","ENO1"
"EIF4G1","G3BP1"
"EIF4G1","ESR1"
"EIF4G1","VCAM1"
"CYLD","EIF4G1"
"DLST","EIF4G1"
"EIF4G1","UBE2M"
"CD74","EIF4G1"
"EIF4G1","NUPR1"
"DDX58","EIF4G1"
"EIF4G1","RIT1"
"EIF4G1","GSPT1"
"EIF4G1","MAPRE1"
"EIF4G1","NCAPH"
"EIF4G1","PDZD8"
"EIF4G1","RACGAP1"
"EIF4G1","P4HB"
"EIF4G1","TGM2"
"EIF4G1","PSMA4"
"CALR","EIF4G1"
"EIF4G1","PPP2R1A"
"BMI1","EIF4G1"
"EIF4G1","STIP1"
"CEBPB","EIF4G1"
"EIF4G1","MEX3A"
"RPS24","RPS6"
"RPS12","RPS24"
"RPS14","RPS24"
"RPS20","RPS24"
"DDX27","RPS24"
"EIF3J","RPS24"
"MYBBP1A","RPS24"
"NCAPD3","RPS24"
"NOC2L","RPS24"
"GLTSCR2","RPS24"
"PARN","RPS24"
"PPP1CC","RPS24"
"PSMD1","RPS24"
"RBM28","RPS24"
"RPS24","SET"
"RPS24","TCEB3"
"RPS24","SENP3"
"RPS24","TUBB3"
"RPL23","RPS24"
"RPL15","RPS24"
"RPLP1","RPS24"
"ESR1","RPS24"
"RPS24","VCAM1"
"EIF3CL","RPS24"
"CYLD","RPS24"
"PYHIN1","RPS24"
"RPS24","TNF"
"EIF4B","RPS24"
"KIF20A","RPS24"
"OGT","RPS24"
"DDRGK1","RPS24"
"RIT1","RPS24"
"CSNK2A1","RPS24"
"G3BP1","RPS24"
"GSPT1","RPS24"
"NCAPH","RPS24"
"PDZD8","RPS24"
"IKZF1","RPS24"
"BMI1","RPS24"
"RPS24","STIP1"
"CEBPB","RPS24"
"HIVEP1","MAPK8"
"HIVEP1","HIVEP1"
"HIVEP1","OGT"
"HIVEP1","TCEB3"
"DDX58","HIVEP1"
"HIVEP1","TEAD1"
"HIVEP1","YWHAE"
"FBXO42","HIVEP1"
"JAK2","STAT5A"
"ESR1","STAT5A"
"GNB2","STAT5A"
"BTK","STAT5A"
"CBL","STAT5A"
"STAT5A","STAT5A"
"BRCA2","STAT5A"
"NFKB1","STAT5A"
"BRCA2","KAT2B"
"BRCA2","STAT5A"
"BRCA2","BRCA2"
"BRCA2","LRRK2"
"BRCA2","CFH"
"BRCA2","UCHL5"
"BRCA2","SMC1A"
"BRCA2","PIAS1"
"BRCA2","TIMELESS"
"BRCA2","THRAP3"
"BRCA2","CCNA2"
"BRCA2","CHEK1"
"BRCA2","HSF2BP"
"BRCA2","CEBPB"
"LRRK2","RPL23"
"LRRK2","YWHAE"
"LRRK2","LRRK2"
"DBN1","LRRK2"
"HIST1H3A","LRRK2"
"IQGAP1","LRRK2"
"LRRK2","PPP2R1A"
"HSPA9","LRRK2"
"LRRK2","TK1"
"LRRK2","STIP1"
"LRRK2","RHBDD1"
"LRRK2","RIT1"
"LRRK2","TAGLN2"
"LRRK2","TPI1"
"CALR","LRRK2"
"LRRK2","MAPRE1"
"ENO1","LRRK2"
"LRRK2","P4HB"
"LRRK2","PDIA4"
"ADRM1","LRRK2"
"LRRK2","VDAC2"
"LRRK2","TPT1"
"CFL1","LRRK2"
"LRRK2","PPIF"
"LRRK2","UQCRFS1"
"HYOU1","LRRK2"
"BRCA2","LRRK2"
"PSMD1","UCHL5"
"ADRM1","UCHL5"
"SET","UCHL5"
"HBB","UCHL5"
"CFL1","UCHL5"
"TPI1","UCHL5"
"UCHL5","UCHL5"
"PSMA4","UCHL5"
"UCHL5","WDR61"
"PSMB8","UCHL5"
"OGT","UCHL5"
"PSMG2","UCHL5"
"PSME2","UCHL5"
"UBE3C","UCHL5"
"RIPK4","UCHL5"
"UBE2M","UCHL5"
"TPT1","UCHL5"
"CCNA2","UCHL5"
"BRCA2","UCHL5"
"CEBPB","UCHL5"
"CHEK1","TIMELESS"
"AURKA","TIMELESS"
"PPP2R1A","TIMELESS"
"RBM17","TIMELESS"
"RIT1","TIMELESS"
"NUCKS1","TIMELESS"
"BRCA2","TIMELESS"
"TNFSF13B","TNFSF13B"
"NCAPH","TNFSF13B"
"TNFSF13B","TRIP13"
"TNFSF13B","UBE3C"
"DBN1","TPT1"
"RPLP1","TPT1"
"TPT1","TRIP13"
"CALR","TPT1"
"DNAJC11","TPT1"
"DNAJC5","TPT1"
"MAPRE1","TPT1"
"MAP2K1","TPT1"
"TPT1","TPT1"
"TPT1","UCHL5"
"RPS20","TPT1"
"LRRK2","TPT1"
"RIT1","TPT1"
"AURKA","TPT1"
"CEBPB","TPT1"
"CA9","TNPO3"
"PPP2R1A","TNPO3"
"SLC15A3","TNPO3"
"DDX58","TNPO3"
"DDRGK1","TNPO3"
"P2RY10","TNPO3"
"HCST","TNPO3"
"FFAR1","TNPO3"
"P2RY8","TNPO3"
"RIT1","TNPO3"
"STIP1","TNPO3"
"DNAJC1","HLA-C"
"DNAJC1","MYBBP1A"
"DNAJC1","RPL13A"
"DNAJC1","HADHB"
"DNAJC1","RPL15"
"DNAJC1","PREB"
"DNAJC1","PDZD8"
"DNAJC1","GANAB"
"DNAJC1","HMOX2"
"CISD2","DNAJC1"
"DNAJC1","P4HB"
"DNAJC1","MAP2K1"
"DNAJC1","PBXIP1"
"DDRGK1","DNAJC1"
"DNAJC1","HSPA9"
"DNAJC1","NRAS"
"CA9","DNAJC1"
"DNAJC1","RHBDD1"
"DNAJC1","ESR1"
"DNAJC1","GJD3"
"DNAJC1","REEP5"
"DNAJC1","RAC2"
"ATL3","TAP1"
"ATL3","LONP1"
"ATL3","REEP5"
"ATL3","POR"
"ATL3","LAMP3"
"ATL3","CA9"
"ATL3","DDX58"
"ATL3","OGT"
"ATL3","GOT1"
"ATL3","HCST"
"ATL3","MBNL1"
"ATL3","P2RY8"
"ATL3","FFAR1"
"NRAS","STEAP3"
"CA9","STEAP3"
"DNAJC5","STEAP3"
"GJD3","STEAP3"
"LAMP3","STEAP3"
"RAB2A","STEAP3"
"STEAP3","ZFPL1"
"RAC2","STEAP3"
"RND3","STEAP3"
"UBE3C","UBE3C"
"ESR1","UBE3C"
"P4HB","UBE3C"
"CALR","UBE3C"
"PARN","UBE3C"
"RIPK4","UBE3C"
"DYNC1I2","UBE3C"
"CD74","UBE3C"
"TNFSF13B","UBE3C"
"HCST","UBE3C"
"HLA-B","UBE3C"
"HLA-C","UBE3C"
"PSMD1","UBE3C"
"UBE3C","UCHL5"
"STIP1","UBE3C"
"ADRM1","UBE3C"
"TCEB3","UBE3C"
"RAE1","TUBB3"
"FKBP5","TUBB3"
"CHERP","TUBB3"
"TK1","TUBB3"
"INPPL1","TUBB3"
"FBXO6","TUBB3"
"CEP250","TUBB3"
"SYNCRIP","TUBB3"
"LAMP3","TUBB3"
"CD79A","TUBB3"
"CYLD","TUBB3"
"G3BP1","TUBB3"
"RIPK4","TUBB3"
"NRAS","TUBB3"
"NUPR1","TUBB3"
"OGT","TUBB3"
"P2RY10","TUBB3"
"SLC22A4","TUBB3"
"HCST","TUBB3"
"RPS24","TUBB3"
"CBL","TUBB3"
"CEBPB","TUBB3"
"NCOR1","TAB2"
"NCOR1","NFKB1"
"ESR1","NCOR1"
"NCOR1","PIAS1"
"CEBPB","NCOR1"
"NCOR1","SMARCE1"
"CSNK2A1","NCOR1"
"NCOR1","RAB2A"
"HIST1H3A","NCOR1"
"NCOR1","PPP1CC"
"CBL","NCOR1"
"ENO1","NCOR1"
"NCOR1","PARN"
"PSME2","PSME2"
"PSMA4","PSME2"
"PSMB8","PSME2"
"FSCN1","PSME2"
"PSMD1","PSME2"
"NAA40","PSME2"
"GOT1","PSME2"
"PSME2","PSMG2"
"PSME2","UCHL5"
"PSME2","TXLNA"
"CBL","PSME2"
"CCDC53","NUP62"
"IKBIP","NUP62"
"NUP62","TXLNA"
"NUP62","NUP62"
"NUP62","OGT"
"CEP250","NUP62"
"NUP62","RNF40"
"NUP62","RAE1"
"G3BP1","NUP62"
"NUP62","SMARCE1"
"ESR1","NUP62"
"NUP62","NUPR1"
"NAA40","NUP62"
"NUP62","RIT1"
"MAPRE1","NUP62"
"NUP62","STIP1"
"CEBPB","NUP62"
"RNF40","STX1A"
"CDC73","RNF40"
"RNF40","RNF40"
"RNF40","THRAP3"
"EIF4B","RNF40"
"RNF40","TCEB3"
"RNF40","USP10"
"RNF40","TXNDC5"
"RNF40","WDR61"
"ESR1","RNF40"
"CCDC53","RNF40"
"PARN","RNF40"
"DDX58","RNF40"
"EPS15L1","RNF40"
"NUP62","RNF40"
"GNB2","RNF40"
"PDIA4","RNF40"
"DYNC1I2","EIF3CL"
"DYNC1I2","DYNC1I2"
"DYNC1I2","UBE3C"
"DYNC1I2","PFDN5"
"DYNC1I2","RPL15"
"ADRM1","DYNC1I2"
"DYNC1I2","PSMD1"
"DBN1","DYNC1I2"
"DYNC1I2","MAPRE1"
"DYNC1I2","RIT1"
"DYNC1I2","YWHAE"
"DYNC1I2","PDIA4"
"DYNC1I2","GSPT1"
"DYNC1I2","IQGAP1"
"DYNC1I2","STIP1"
"CFH","DYNC1I2"
"CEBPB","DYNC1I2"
"DLST","TBRG4"
"HSPA9","TBRG4"
"LONP1","TBRG4"
"MRPL37","TBRG4"
"MRPS5","TBRG4"
"PPIF","TBRG4"
"LAMP3","TBRG4"
"CD74","TBRG4"
"SLC15A3","TBRG4"
"DDRGK1","TBRG4"
"HCST","TBRG4"
"P2RY10","TBRG4"
"FFAR1","TBRG4"
"NCAPD3","PPP2R1A"
"ENO1","NCAPD3"
"ESR1","NCAPD3"
"NCAPD3","RIPK4"
"CD74","NCAPD3"
"DDRGK1","NCAPD3"
"NCAPD3","RPS24"
"CD6","NCAPD3"
"HLA-C","NCAPD3"
"NCAPD3","SENP3"
"NCAPD3","RIT1"
"HLA-G","HLA-G"
"HLA-C","HLA-G"
"HLA-A","HLA-G"
"HLA-B","HLA-G"
"HLA-E","HLA-G"
"HLA-G","UXS1"
"HLA-DRB3","HLA-G"
"HLA-DRA","HLA-G"
"HLA-G","TAP1"
"ESR1","HLA-G"
"HLA-G","PBXIP1"
"HLA-DQB1","HLA-G"
"CISD2","PVR"
"PVR","ZFPL1"
"HMOX2","PVR"
"PVR","RAB13"
"FBXO6","PVR"
"HLA-C","PVR"
"CDC20","CDC27"
"CDC27","TTK"
"CDC27","CDC27"
"CDC27","WDR61"
"CDC27","ENO1"
"AURKA","CDC27"
"CCNA2","CDC27"
"CDC27","TPX2"
"CDC27","HIST1H3A"
"CDC27","ESR1"
"CDC27","RIT1"
"CDC27","NUCKS1"
"CDC27","RPS14"
"CDC27","CEBPB"
"CDC20","CDC27"
"AURKA","CDC20"
"CDC20","CDC20"
"CDC20","TTK"
"CCNA2","CDC20"
"CDC20","HSPA9"
"CDC20","HSPA1L"
"CDC20","RPL23"
"CDC20","TRIP13"
"CDC20","PPP2R1A"
"CDC20","HIST1H3A"
"CDC20","TK1"
"CDC20","DDRGK1"
"CDC20","RIT1"
"CDC20","RPS14"
"CDC20","FBXO42"
"RPS14","RPS24"
"RPS14","RPS6"
"RPL15","RPS14"
"RPS14","RPS20"
"RPS14","UBA52"
"NOC2L","RPS14"
"RBM28","RPS14"
"CDK12","RPS14"
"MYBBP1A","RPS14"
"DDX27","RPS14"
"MYO18A","RPS14"
"CDC27","RPS14"
"CDC20","RPS14"
"CCNA2","RPS14"
"RPL23","RPS14"
"ESR1","RPS14"
"RPS14","VCAM1"
"RPS12","RPS14"
"AURKA","RPS14"
"CEP250","RPS14"
"RPL13A","RPS14"
"RPL35A","RPS14"
"RPL38","RPS14"
"RPLP1","RPS14"
"CYLD","RPS14"
"IQGAP1","RPS14"
"RPS14","UBE2M"
"EIF4B","RPS14"
"PPP1CC","RPS14"
"KIF20A","RPS14"
"DDRGK1","RPS14"
"RIT1","RPS14"
"CSNK2A1","RPS14"
"GSPT1","RPS14"
"NCAPH","RPS14"
"IKZF1","RPS14"
"P4HB","RPS14"
"PIAS1","RPS14"
"GNB2","RPS14"
"CEBPB","RPS14"
"ANXA6","CDC73"
"ANXA6","GOT1"
"ANXA6","G3BP1"
"ANXA6","DDX58"
"ANXA6","OGT"
"HIVEP1","TCEB3"
"CDC73","TCEB3"
"TCEB3","WDR61"
"TCEB3","UBE3C"
"SOCS1","TCEB3"
"TCEB3","YWHAE"
"CDK12","TCEB3"
"HIST1H3A","TCEB3"
"RPS6","TCEB3"
"HADHB","TCEB3"
"OGT","TCEB3"
"DDRGK1","TCEB3"
"RPS24","TCEB3"
"NAA40","TCEB3"
"RNF40","TCEB3"
"PARN","TCEB3"
"DLST","TCEB3"
"ESR1","SMARCE1"
"IKZF1","SMARCE1"
"NUP62","SMARCE1"
"SMARCE1","TXLNA"
"SCYL1","SMARCE1"
"NCOR1","SMARCE1"
"ENO1","SMARCE1"
"NFATC1","SMARCE1"
"OGT","SMARCE1"
"MAPRE1","SMARCE1"
"NAA40","SMARCE1"
"NUCKS1","SMARCE1"
"CEBPB","SMARCE1"
"ADRM1","PSMD1"
"PSMD1","PSME2"
"PSMA4","PSMD1"
"PSMB8","PSMD1"
"PSMD1","RPL23"
"PSMD1","SCYL1"
"PSMD1","WDR61"
"PSMD1","PSMD1"
"PSMD1","UBE3C"
"PSMD1","UCHL5"
"GPI","PSMD1"
"HLA-B","PSMD1"
"PSMD1","RPS12"
"ESR1","PSMD1"
"PSMD1","RACGAP1"
"CYLD","PSMD1"
"CDK12","PSMD1"
"MRPS5","PSMD1"
"PSMD1","UBE2M"
"GJD3","PSMD1"
"PSMD1","RPS20"
"PSMD1","RPS24"
"HLA-DRB3","PSMD1"
"PSMD1","RAC2"
"PSMD1","RND3"
"PSMD1","TGM2"
"PPP2R1A","PSMD1"
"IQGAP1","PSMD1"
"EIF4G1","PSMD1"
"DYNC1I2","PSMD1"
"NCAPH","PSMD1"
"PSMD1","STIP1"
"CEBPB","PSMD1"
"MRPS5","PPP2R1A"
"MRPS5","PSMD1"
"MRPS5","WDR61"
"MRPS5","RPL23"
"MRPL37","MRPS5"
"HIST1H3A","MRPS5"
"MRPS5","RPS6"
"ESR1","MRPS5"
"CELF1","MRPS5"
"LONP1","MRPS5"
"MRPS5","SURF1"
"MRPS5","TBRG4"
"MRPS5","TMEM70"
"DDRGK1","MRPS5"
"GLTSCR2","MRPS5"
"MRPS5","RPL13A"
"MRPS5","RAC2"
"MRPS5","RIT1"
"ATAD3A","ESR1"
"ATAD3A","VCAM1"
"ATAD3A","FBXO6"
"ATAD3A","CYLD"
"ATAD3A","DLST"
"ATAD3A","G3BP1"
"ATAD3A","RIPK4"
"ATAD3A","PPP1CC"
"ATAD3A","NFKB1"
"ATAD3A","SLC15A3"
"ATAD3A","MAP2K1"
"ATAD3A","SOCS1"
"ATAD3A","KIF20A"
"ATAD3A","LONP1"
"ATAD3A","SURF1"
"ATAD3A","TMEM70"
"ATAD3A","NUPR1"
"ATAD3A","OGT"
"ATAD3A","DDRGK1"
"ATAD3A","TRIM5"
"ATAD3A","STIP1"
"ATAD3A","CFH"
"PYHIN1","SENP3"
"PYHIN1","PYHIN1"
"GPC1","PYHIN1"
"NOC2L","PYHIN1"
"PYHIN1","TECR"
"PYHIN1","RBX1"
"PYHIN1","RPS6"
"PYHIN1","WDR61"
"PYHIN1","RPS24"
"GLTSCR2","PYHIN1"
"CHERP","PYHIN1"
"PGK1","PYHIN1"
"ARHGAP21","PDIA4"
"ARHGAP21","CSNK1D"
"ARHGAP21","DBN1"
"ARHGAP21","IQGAP1"
"ARHGAP21","MYO18A"
"ARHGAP21","PPP1CC"
"ARHGAP21","LCK"
"ARHGAP21","MAPRE1"
"ARHGAP21","RAB2A"
"ARHGAP21","VASP"
"ARHGAP21","ZFPL1"
"ARHGAP21","NAA40"
"ARHGAP21","RND3"
"ARHGAP21","RAC2"
"ARHGAP21","YWHAE"
"ARHGAP21","GAPDH"
"PSMD1","RACGAP1"
"CHEK1","RACGAP1"
"EIF4G1","RACGAP1"
"RACGAP1","SYNCRIP"
"G3BP1","RACGAP1"
"GPC1","RACGAP1"
"HIST1H3A","RACGAP1"
"KIF20A","RACGAP1"
"NUPR1","RACGAP1"
"DDRGK1","RACGAP1"
"RACGAP1","RIT1"
"RACGAP1","YWHAE"
"DDA1","RACGAP1"
"TTC4","TTC4"
"EIF4B","TTC4"
"RPS20","TTC4"
"FBXO6","TTC4"
"FKBP5","TTC4"
"AURKA","TTC4"
"TRIP13","TTC4"
"NRAS","TTC4"
"OGT","TTC4"
"LCK","TTC4"
"EPB41L5","TTC4"
"GNB2","TTC4"
"CEBPB","TTC4"
"RBM28","RPL13A"
"RBM28","SYNCRIP"
"MYBBP1A","RBM28"
"GLTSCR2","RBM28"
"RBM28","RPL15"
"RBM28","RPS14"
"ESR1","RBM28"
"HIST1H3A","RBM28"
"RBM28","RPS6"
"PPP1CC","RBM28"
"MNDA","RBM28"
"DDX58","RBM28"
"DDRGK1","RBM28"
"RBM28","RPS24"
"DDX27","RBM28"
"DDX58","GLTSCR2"
"GLTSCR2","GLTSCR2"
"CSNK2A1","GLTSCR2"
"DDX27","GLTSCR2"
"GLTSCR2","RBM28"
"GLTSCR2","MYBBP1A"
"GLTSCR2","MRPS5"
"GLTSCR2","RPL13A"
"GLTSCR2","RPS6"
"GLTSCR2","RPS24"
"GLTSCR2","PYHIN1"
"ESR1","GLTSCR2"
"GLTSCR2","MNDA"
"GLTSCR2","OGT"
"DDRGK1","GLTSCR2"
"GLTSCR2","RIT1"
"AURKA","GLTSCR2"
"DDX27","MNDA"
"GLTSCR2","MNDA"
"MNDA","MNDA"
"MNDA","MYBBP1A"
"MNDA","NOC2L"
"MNDA","PPP1CC"
"MNDA","RBM28"
"MNDA","RHBDD1"
"MNDA","PSMA4"
"FKBP5","STIP1"
"FKBP5","TTC4"
"FKBP5","GGH"
"FKBP5","HSPA1L"
"DNAJC11","FKBP5"
"FKBP5","NOC2L"
"FKBP5","PPP2R1A"
"ESR1","FKBP5"
"FKBP5","RIPK4"
"FKBP5","MAP2K1"
"FKBP5","OGT"
"AURKA","FKBP5"
"FKBP5","TUBB3"
"DLG1","LCK"
"DLG1","DLG1"
"DLG1","NRAS"
"DLG1","PPP1CC"
"DLG1","ESR1"
"DLG1","NUPR1"
"DLG1","DNAJC5"
"DLG1","GJD3"
"DLG1","LAMP3"
"DLG1","RAB2A"
"DLG1","ZFPL1"
"DLG1","RND3"
"DLG1","RAC2"
"PARN","PARN"
"NCOR1","PARN"
"PARN","RNF40"
"HIST1H3A","PARN"
"CEBPB","PARN"
"DLST","PARN"
"PARN","TCEB3"
"PARN","RPS6"
"ESR1","PARN"
"LDLR","PARN"
"PARN","RPS24"
"PARN","UBE3C"
"CSNK2A1","PARN"
"PDZD8","RPS6"
"PDZD8","RPL23"
"PDZD8","RPL38"
"PDZD8","RPS20"
"PDZD8","RPL15"
"EIF4G1","PDZD8"
"EIF3L","PDZD8"
"PDZD8","RPS24"
"PDZD8","THRAP3"
"EIF3CL","PDZD8"
"PDZD8","RPL35A"
"PDZD8","RPS12"
"PDZD8","RPL13A"
"EPS15L1","PDZD8"
"PDZD8","RPLP1"
"EIF3J","PDZD8"
"DDRGK1","PDZD8"
"HMOX2","PDZD8"
"PDZD8","PREB"
"CISD2","PDZD8"
"P4HB","PDZD8"
"PDIA4","PDZD8"
"PDZD8","RHBDD1"
"KIF20A","PDZD8"
"DNAJC1","PDZD8"
"GJD3","PDZD8"
"LAMP3","PDZD8"
"PDZD8","REEP5"
"PDZD8","RAC2"
"PSMB8","TAP1"
"PSMB8","PSMB8"
"PSMA4","PSMB8"
"PSMB8","PSMG2"
"PSMB8","PSME2"
"ADRM1","PSMB8"
"PSMB8","PSMD1"
"EIF4G1","PSMB8"
"PSMB8","UCHL5"
"PSMB8","TRIP13"
"PFDN5","PSMB8"
"DDX58","PSMB8"
"MBNL1","PSMB8"
"CEBPB","PSMB8"
"NOC2L","RPS14"
"NOC2L","RPL15"
"NOC2L","RPL13A"
"NOC2L","PYHIN1"
"NOC2L","RPS6"
"MAP2K1","NOC2L"
"ESR1","NOC2L"
"MNDA","NOC2L"
"NOC2L","NUPR1"
"DDX58","NOC2L"
"DDRGK1","NOC2L"
"NOC2L","RPS24"
"NOC2L","PBXIP1"
"FSCN1","NOC2L"
"NOC2L","RIT1"
"FKBP5","NOC2L"
"DDA1","NOC2L"
"DNAJC11","FKBP5"
"DNAJC11","HLA-C"
"DNAJC11","VDAC2"
"DNAJC11","FBXO6"
"DNAJC11","TPT1"
"DNAJC11","UQCRC1"
"DNAJC11","ESR1"
"DNAJC11","SURF1"
"DNAJC11","FFAR1"
"DNAJC11","RIT1"
"FBXO6","UXS1"
"HLA-B","UXS1"
"ESR1","UXS1"
"DDX58","UXS1"
"NCR3","UXS1"
"HLA-G","UXS1"
"GGH","UXS1"
"RIT1","UXS1"
"NUMBL","SLC1A1"
"INPPL1","SLC1A1"
"SLC1A1","TMEM70"
"HLA-DQB1","SLC1A1"
"HLA-B","SLC1A1"
"FFAR1","SLC1A1"
"P2RY8","SLC1A1"
"ATP13A3","RER1"
"ATP13A3","P2RY8"
"ATP13A3","SLC15A3"
"ATP13A3","GJD3"
"ATP13A3","LAMP3"
"ATP13A3","RAB2A"
"ATP13A3","ZFPL1"
"ATP13A3","P2RY10"
"ATP13A3","SLC22A4"
"ATP13A3","HCST"
"ATP13A3","FFAR1"
"ATP13A3","RAC2"
"FASTKD1","LAMP3"
"FASTKD1","HCST"
"FASTKD1","P2RY10"
"FASTKD1","SLC2A1"
"FASTKD1","HLA-B"
"FASTKD1","HLA-C"
"FASTKD1","P2RY8"
"RNF40","TXNDC5"
"DBN1","TXNDC5"
"TGM2","TXNDC5"
"TXNDC5","UBE2M"
"GPC1","TXNDC5"
"NUPR1","TXNDC5"
"OGT","TXNDC5"
"PDIA4","TXNDC5"
"AURKA","TXNDC5"
"RIPK4","TXNDC5"
"STIP1","TXNDC5"
"CEBPB","TXNDC5"
