"gene_list","mutation","precog_metaZ","tot_int","mut_int","network_score"
"YWHAE","NONE",3.015,581,454,354.760757314974
"ATG16L1","NONE",2.696,586,452,348.641638225256
"RPS6","NONE",-2.918,586,409,285.462457337884
"NUPR1","NONE",-3.233,471,362,278.225053078556
"GAPDH","NONE",3.27,481,353,259.06237006237
"BMI1","NONE",-2.813,407,301,222.60687960688
"RPL15","NONE",-3.373,408,274,184.009803921569
"HADHB","NONE",2.736,344,251,183.142441860465
"RPL23","NONE",-2.997,416,269,173.944711538462
"DNAJC5","NONE",3.163,226,184,149.805309734513
"CALR","NONE",2.862,303,210,145.544554455446
"TPI1","NONE",3.553,203,135,89.7783251231527
"PFDN5","NONE",-2.826,145,102,71.751724137931
"ERLIN1","NONE",3.017,123,91,67.3252032520325
"P2RY8","NONE",-3.021,82,70,59.7560975609756
"SNX1","NONE",-2.598,120,84,58.8
"ERO1L","NONE",2.723,108,79,57.787037037037
"FNBP1","NONE",-3.511,98,74,55.8775510204082
"GPI","NONE",2.934,143,89,55.3916083916084
"CD74","NONE",-3.624,104,72,49.8461538461538
"DNAJC15","NONE",-3.621,120,77,49.4083333333333
"IGBP1","NONE",-2.93,95,67,47.2526315789474
"DDX19A","NONE",2.937,74,59,47.0405405405405
"TPD52L2","NONE",4.722,117,73,45.5470085470085
"EIF3CL","NONE",2.588,96,65,44.0104166666667
"DAZAP2","NONE",-2.738,61,48,37.7704918032787
"AGFG1","NONE",2.988,83,51,31.3373493975904
"CRTAP","NONE",-2.586,45,36,28.8
"WRAP53","NONE",3.098,53,39,28.6981132075472
"HLA-DQB1","NONE",-2.682,54,38,26.7407407407407
"FKBP1A","NONE",2.972,60,40,26.6666666666667
"SPR","NONE",2.757,67,42,26.3283582089552
"HLA-E","NONE",-3.805,44,33,24.75
"NUTF2","NONE",4.051,62,37,22.0806451612903
"CD83","NONE",-3.106,34,27,21.4411764705882
"AIF1L","NONE",-2.918,43,30,20.9302325581395
"CD27","NONE",-3.145,46,31,20.8913043478261
"MEAF6","NONE",2.693,54,33,20.1666666666667
"HLA-DPB1","NONE",-3.344,40,28,19.6
"STX1A","NONE",3,54,32,18.962962962963
"HLA-DRB3","NONE",-3.576,39,27,18.6923076923077
"VEGFA","NONE",3.145,31,24,18.5806451612903
"UBD","NONE",-3.408,35,25,17.8571428571429
"PIGU","NONE",3.218,75,36,17.28
"FOXO4","NONE",-3.542,26,21,16.9615384615385
"SEC61A2","NONE",3.05,32,23,16.53125
"EFNA2","NONE",2.656,27,21,16.3333333333333
"HLA-DPA1","NONE",-3.713,30,22,16.1333333333333
"COMMD3","NONE",-3.365,32,22,15.125
"VPS26B","NONE",3.313,35,22,13.8285714285714
"HLA-H","NONE",-2.814,18,15,12.5
"IAH1","NONE",2.918,16,14,12.25
"WNT10A","NONE",-2.836,16,13,10.5625
"CCL5","NONE",-2.786,12,11,10.0833333333333
"PIM2","NONE",-2.681,23,15,9.78260869565217
"PPP1R14B","NONE",3.516,15,12,9.6
"DDIT4","NONE",3.898,21,14,9.33333333333333
"RN7SK","NONE",2.929,13,11,9.30769230769231
"TMEM189","NONE",2.641,22,14,8.90909090909091
"BLOC1S1","NONE",-2.811,22,14,8.90909090909091
"CRIP1","NONE",-2.931,37,18,8.75675675675676
"TMEM136","NONE",2.873,9,8,7.11111111111111
"PIK3IP1","NONE",-2.718,9,8,7.11111111111111
"CCL21","NONE",-3.438,7,7,7
"RNF144B","NONE",-2.593,21,12,6.85714285714286
"DTWD1","NONE",-3.049,8,7,6.125
"CD7","NONE",-3.756,8,7,6.125
"TAPBPL","NONE",-3.049,11,8,5.81818181818182
"MFAP3","NONE",2.79,21,11,5.76190476190476
"TOMM7","NONE",-3.028,18,10,5.55555555555556
"PMCH","NONE",-2.708,5,5,5
"TPSB2","NONE",-3.446,14,8,4.57142857142857
"SPIB","NONE",-2.965,8,6,4.5
"CCL20","NONE",2.968,4,4,4
"CD52","NONE",-2.632,4,4,4
"CD40LG","NONE",-3.964,8,5,3.125
"ICOS","NONE",-4.633,8,5,3.125
"TMEM87B","NONE",3.334,14,6,2.57142857142857
"OPN1LW","NONE",2.766,2,2,2
"OR7A5","NONE",-2.767,2,2,2
"CDNF","NONE",-3.963,2,2,2
"CCL19","NONE",-4.639,2,2,2
"CREBL2","NONE",-3.348,6,3,1.5
"RTP4","NONE",-3.044,3,2,1.33333333333333
"GAGE7","NONE",2.638,1,1,1
"FGF19","NONE",2.7,1,1,1
"SNORD18B","NONE",3.022,1,1,1
"FAM24A","NONE",2.581,1,1,1
"GAGE6","NONE",2.944,1,1,1
"HCP5","NONE",-3.765,1,1,1
"TARP","NONE",-3.209,1,1,1
"LTB","NONE",-2.901,1,1,1
"NAPSA","NONE",-2.738,5,2,0.8
"SLC2A4RG","NONE",3.216,3,1,0.333333333333333
"GTPBP5","NONE",2.672,0,0,0
"CSNK2A1P","NONE",3.003,0,0,0
"TPI1P2","NONE",3.518,1,0,0
"HCG4P6","NONE",2.775,0,0,0
"FLJ38379","NONE",2.868,0,0,0
"LOC388564","NONE",-3.319,0,0,0
"LOC729040","NONE",2.729,0,0,0
"AMAC1","NONE",2.631,0,0,0
"OSTBETA","NONE",2.697,0,0,0
"LOC652694","NONE",-2.924,0,0,0
"PGCP","NONE",-2.837,0,0,0
"FAM113B","NONE",-3.299,0,0,0
"ZFP106","NONE",-2.803,0,0,0
"LONP1",NA,NA,NA,NA,NA
"A2M",NA,NA,NA,NA,NA
"TGM2",NA,NA,NA,NA,NA
"B2M",NA,NA,NA,NA,NA
"HMOX2",NA,NA,NA,NA,NA
"TK1",NA,NA,NA,NA,NA
"FBXO6",NA,NA,NA,NA,NA
"PHF11",NA,NA,NA,NA,NA
"RHBDD1",NA,NA,NA,NA,NA
"OGT",NA,NA,NA,NA,NA
"GOT1",NA,NA,NA,NA,NA
"MBNL1",NA,NA,NA,NA,NA
"RABGAP1L",NA,NA,NA,NA,NA
"LDLR",NA,NA,NA,NA,NA
"HLA-A",NA,NA,NA,NA,NA
"HLA-C",NA,NA,NA,NA,NA
"PBXIP1",NA,NA,NA,NA,NA
"ADAM9",NA,NA,NA,NA,NA
"KIF2C",NA,NA,NA,NA,NA
"NRAS",NA,NA,NA,NA,NA
"HLA-DRA",NA,NA,NA,NA,NA
"GGH",NA,NA,NA,NA,NA
"NCR3",NA,NA,NA,NA,NA
"GNB1",NA,NA,NA,NA,NA
"ADRB2",NA,NA,NA,NA,NA
"GNB2",NA,NA,NA,NA,NA
"ATP5C1",NA,NA,NA,NA,NA
"HSPA9",NA,NA,NA,NA,NA
"VDAC2",NA,NA,NA,NA,NA
"HLA-B",NA,NA,NA,NA,NA
"PDIA6",NA,NA,NA,NA,NA
"RPLP1",NA,NA,NA,NA,NA
"SENP3",NA,NA,NA,NA,NA
"DDRGK1",NA,NA,NA,NA,NA
"EPS15",NA,NA,NA,NA,NA
"EIF4B",NA,NA,NA,NA,NA
"EPS15L1",NA,NA,NA,NA,NA
"VCAM1",NA,NA,NA,NA,NA
"ESR1",NA,NA,NA,NA,NA
"ZFPL1",NA,NA,NA,NA,NA
"NAA40",NA,NA,NA,NA,NA
"CEBPB",NA,NA,NA,NA,NA
"FBXO42",NA,NA,NA,NA,NA
"UQCRC1",NA,NA,NA,NA,NA
"POR",NA,NA,NA,NA,NA
"PREB",NA,NA,NA,NA,NA
"EPB41L5",NA,NA,NA,NA,NA
"AGPS",NA,NA,NA,NA,NA
"MRPL37",NA,NA,NA,NA,NA
"RIPK4",NA,NA,NA,NA,NA
"OPTN",NA,NA,NA,NA,NA
"G3BP1",NA,NA,NA,NA,NA
"BCAR1",NA,NA,NA,NA,NA
"PPP1CC",NA,NA,NA,NA,NA
"SMC1A",NA,NA,NA,NA,NA
"AURKA",NA,NA,NA,NA,NA
"CA9",NA,NA,NA,NA,NA
"RAC2",NA,NA,NA,NA,NA
"CYLD",NA,NA,NA,NA,NA
"MEX3A",NA,NA,NA,NA,NA
"CDC73",NA,NA,NA,NA,NA
"DDX58",NA,NA,NA,NA,NA
"IKZF1",NA,NA,NA,NA,NA
"UQCRFS1",NA,NA,NA,NA,NA
"STIP1",NA,NA,NA,NA,NA
"INPPL1",NA,NA,NA,NA,NA
"PDIA4",NA,NA,NA,NA,NA
"CSNK1D",NA,NA,NA,NA,NA
"DBN1",NA,NA,NA,NA,NA
"IQGAP1",NA,NA,NA,NA,NA
"MYO18A",NA,NA,NA,NA,NA
"LCK",NA,NA,NA,NA,NA
"MAPRE1",NA,NA,NA,NA,NA
"RAB2A",NA,NA,NA,NA,NA
"VASP",NA,NA,NA,NA,NA
"RND3",NA,NA,NA,NA,NA
"GANAB",NA,NA,NA,NA,NA
"TOMM40",NA,NA,NA,NA,NA
"ARHGEF2",NA,NA,NA,NA,NA
"PPP6C",NA,NA,NA,NA,NA
"CEP250",NA,NA,NA,NA,NA
"PPP2R1A",NA,NA,NA,NA,NA
"HSF2BP",NA,NA,NA,NA,NA
"TRIP13",NA,NA,NA,NA,NA
"NCAPH",NA,NA,NA,NA,NA
"JAK2",NA,NA,NA,NA,NA
"DLST",NA,NA,NA,NA,NA
"NFKB1",NA,NA,NA,NA,NA
"SLC15A3",NA,NA,NA,NA,NA
"MAP2K1",NA,NA,NA,NA,NA
"SOCS1",NA,NA,NA,NA,NA
"KIF20A",NA,NA,NA,NA,NA
"SURF1",NA,NA,NA,NA,NA
"TMEM70",NA,NA,NA,NA,NA
"TRIM5",NA,NA,NA,NA,NA
"CFH",NA,NA,NA,NA,NA
"ATF2",NA,NA,NA,NA,NA
"CSNK2A1",NA,NA,NA,NA,NA
"MAPK8",NA,NA,NA,NA,NA
"P4HB",NA,NA,NA,NA,NA
"FSCN1",NA,NA,NA,NA,NA
"ENO1",NA,NA,NA,NA,NA
"TAGLN2",NA,NA,NA,NA,NA
"CFL1",NA,NA,NA,NA,NA
"SLC2A1",NA,NA,NA,NA,NA
"PPIF",NA,NA,NA,NA,NA
"NFATC1",NA,NA,NA,NA,NA
"RBX1",NA,NA,NA,NA,NA
"CD79A",NA,NA,NA,NA,NA
"PSMA4",NA,NA,NA,NA,NA
"RPS12",NA,NA,NA,NA,NA
"RAE1",NA,NA,NA,NA,NA
"TECR",NA,NA,NA,NA,NA
"MYBBP1A",NA,NA,NA,NA,NA
"ADRM1",NA,NA,NA,NA,NA
"TRIOBP",NA,NA,NA,NA,NA
"RER1",NA,NA,NA,NA,NA
"TAB2",NA,NA,NA,NA,NA
"EIF3L",NA,NA,NA,NA,NA
"CDK12",NA,NA,NA,NA,NA
"TXLNA",NA,NA,NA,NA,NA
"TTK",NA,NA,NA,NA,NA
"MYCBP2",NA,NA,NA,NA,NA
"PDLIM7",NA,NA,NA,NA,NA
"YES1",NA,NA,NA,NA,NA
"CEP55",NA,NA,NA,NA,NA
"IKBIP",NA,NA,NA,NA,NA
"C3",NA,NA,NA,NA,NA
"TAP1",NA,NA,NA,NA,NA
"REEP5",NA,NA,NA,NA,NA
"LAMP3",NA,NA,NA,NA,NA
"HCST",NA,NA,NA,NA,NA
"FFAR1",NA,NA,NA,NA,NA
"GJD3",NA,NA,NA,NA,NA
"P2RY10",NA,NA,NA,NA,NA
"SLC22A4",NA,NA,NA,NA,NA
"HIST1H3A",NA,NA,NA,NA,NA
"CD6",NA,NA,NA,NA,NA
"RPL13A",NA,NA,NA,NA,NA
"CBL",NA,NA,NA,NA,NA
"NUMBL",NA,NA,NA,NA,NA
"DDX27",NA,NA,NA,NA,NA
"PSMG2",NA,NA,NA,NA,NA
"HYOU1",NA,NA,NA,NA,NA
"RIT1",NA,NA,NA,NA,NA
"BTK",NA,NA,NA,NA,NA
"CCDC53",NA,NA,NA,NA,NA
"THRAP3",NA,NA,NA,NA,NA
"CHERP",NA,NA,NA,NA,NA
"CELF1",NA,NA,NA,NA,NA
"EIF3J",NA,NA,NA,NA,NA
"HSPA1L",NA,NA,NA,NA,NA
"EIF4G1",NA,NA,NA,NA,NA
"RPS20",NA,NA,NA,NA,NA
"RPS24",NA,NA,NA,NA,NA
"KAT2B",NA,NA,NA,NA,NA
"HIVEP1",NA,NA,NA,NA,NA
"STAT5A",NA,NA,NA,NA,NA
"BRCA2",NA,NA,NA,NA,NA
"LRRK2",NA,NA,NA,NA,NA
"UCHL5",NA,NA,NA,NA,NA
"PIAS1",NA,NA,NA,NA,NA
"TIMELESS",NA,NA,NA,NA,NA
"CCNA2",NA,NA,NA,NA,NA
"CHEK1",NA,NA,NA,NA,NA
"TNFSF13B",NA,NA,NA,NA,NA
"TPT1",NA,NA,NA,NA,NA
"UFSP2",NA,NA,NA,NA,NA
"RAB13",NA,NA,NA,NA,NA
"TNPO3",NA,NA,NA,NA,NA
"CISD2",NA,NA,NA,NA,NA
"DNAJC1",NA,NA,NA,NA,NA
"ATL3",NA,NA,NA,NA,NA
"STEAP3",NA,NA,NA,NA,NA
"ITM2B",NA,NA,NA,NA,NA
"MBOAT7",NA,NA,NA,NA,NA
"UBE2M",NA,NA,NA,NA,NA
"UBE3C",NA,NA,NA,NA,NA
"PGK1",NA,NA,NA,NA,NA
"TUBB3",NA,NA,NA,NA,NA
"NCOR1",NA,NA,NA,NA,NA
"RPL38",NA,NA,NA,NA,NA
"PSME2",NA,NA,NA,NA,NA
"UBA52",NA,NA,NA,NA,NA
"TEAD1",NA,NA,NA,NA,NA
"NUP62",NA,NA,NA,NA,NA
"RNF40",NA,NA,NA,NA,NA
"DYNC1I2",NA,NA,NA,NA,NA
"WDR61",NA,NA,NA,NA,NA
"TBRG4",NA,NA,NA,NA,NA
"NCAPD3",NA,NA,NA,NA,NA
"HLA-G",NA,NA,NA,NA,NA
"PVR",NA,NA,NA,NA,NA
"CDC27",NA,NA,NA,NA,NA
"CDC20",NA,NA,NA,NA,NA
"RPS14",NA,NA,NA,NA,NA
"TPX2",NA,NA,NA,NA,NA
"NUCKS1",NA,NA,NA,NA,NA
"ANXA6",NA,NA,NA,NA,NA
"TCEB3",NA,NA,NA,NA,NA
"DDA1",NA,NA,NA,NA,NA
"RBM17",NA,NA,NA,NA,NA
"SMARCE1",NA,NA,NA,NA,NA
"PSMD1",NA,NA,NA,NA,NA
"SYNCRIP",NA,NA,NA,NA,NA
"MRPS5",NA,NA,NA,NA,NA
"USP10",NA,NA,NA,NA,NA
"HBB",NA,NA,NA,NA,NA
"ATAD3A",NA,NA,NA,NA,NA
"PYHIN1",NA,NA,NA,NA,NA
"TNF",NA,NA,NA,NA,NA
"NEK7",NA,NA,NA,NA,NA
"ARHGAP21",NA,NA,NA,NA,NA
"RPL35A",NA,NA,NA,NA,NA
"RACGAP1",NA,NA,NA,NA,NA
"TTC4",NA,NA,NA,NA,NA
"RBM28",NA,NA,NA,NA,NA
"GLTSCR2",NA,NA,NA,NA,NA
"MNDA",NA,NA,NA,NA,NA
"FKBP5",NA,NA,NA,NA,NA
"SET",NA,NA,NA,NA,NA
"DLG1",NA,NA,NA,NA,NA
"PARN",NA,NA,NA,NA,NA
"GSPT1",NA,NA,NA,NA,NA
"PDZD8",NA,NA,NA,NA,NA
"SCYL1",NA,NA,NA,NA,NA
"GPC1",NA,NA,NA,NA,NA
"PSMB8",NA,NA,NA,NA,NA
"TOMM34",NA,NA,NA,NA,NA
"NOC2L",NA,NA,NA,NA,NA
"DNAJC11",NA,NA,NA,NA,NA
"UXS1",NA,NA,NA,NA,NA
"SLC1A1",NA,NA,NA,NA,NA
"NSDHL",NA,NA,NA,NA,NA
"ATP13A3",NA,NA,NA,NA,NA
"HMOX1",NA,NA,NA,NA,NA
"FASTKD1",NA,NA,NA,NA,NA
"TXNDC5",NA,NA,NA,NA,NA
"LCN2",NA,NA,NA,NA,NA
