"gene_list","mutation","precog_metaZ","tot_int","mut_int","network_score"
"YWHAE","NONE",3.015,541,424,332.30314232902
"ATG16L1","NONE",2.696,550,425,328.409090909091
"RPS6","NONE",-2.918,550,385,269.5
"NUPR1","NONE",-3.233,432,333,256.6875
"GAPDH","NONE",3.27,445,330,244.719101123596
"BMI1","NONE",-2.813,382,283,209.657068062827
"RPL15","NONE",-3.373,382,260,176.96335078534
"HADHB","NONE",2.736,317,231,168.331230283912
"RPL23","NONE",-2.997,387,251,162.793281653747
"DNAJC5","NONE",3.163,205,168,137.678048780488
"CALR","NONE",2.862,276,190,130.797101449275
"TPI1","NONE",3.553,196,132,88.8979591836735
"PFDN5","NONE",-2.826,136,96,67.7647058823529
"ERLIN1","NONE",3.017,117,87,64.6923076923077
"GPI","NONE",2.934,133,87,56.9097744360902
"P2RY8","NONE",-3.021,77,66,56.5714285714286
"SNX1","NONE",-2.598,112,79,55.7232142857143
"ERO1L","NONE",2.723,102,75,55.1470588235294
"FNBP1","NONE",-3.511,90,67,49.8777777777778
"DNAJC15","NONE",-3.621,116,74,47.2068965517241
"CD74","NONE",-3.624,99,68,46.7070707070707
"DDX19A","NONE",2.937,67,53,41.9253731343284
"IGBP1","NONE",-2.93,86,60,41.8604651162791
"TPD52L2","NONE",4.722,109,67,41.1834862385321
"EIF3CL","NONE",2.588,87,58,38.6666666666667
"DAZAP2","NONE",-2.738,58,46,36.4827586206897
"AGFG1","NONE",2.988,81,49,29.641975308642
"CRTAP","NONE",-2.586,42,35,29.1666666666667
"SPR","NONE",2.757,64,41,26.265625
"HLA-DQB1","NONE",-2.682,50,36,25.92
"FKBP1A","NONE",2.972,59,39,25.7796610169492
"HLA-E","NONE",-3.805,43,33,25.3255813953488
"WRAP53","NONE",3.098,49,35,25
"CD27","NONE",-3.145,43,31,22.3488372093023
"CD83","NONE",-3.106,33,26,20.4848484848485
"STX1A","NONE",3,50,31,19.22
"MEAF6","NONE",2.693,51,31,18.843137254902
"HLA-DRB3","NONE",-3.576,36,26,18.7777777777778
"NUTF2","NONE",4.051,58,33,18.7758620689655
"AIF1L","NONE",-2.918,39,27,18.6923076923077
"UBD","NONE",-3.408,35,25,17.8571428571429
"FOXO4","NONE",-3.542,25,21,17.64
"VEGFA","NONE",3.145,30,23,17.6333333333333
"HLA-DPB1","NONE",-3.344,36,25,17.3611111111111
"PIGU","NONE",3.218,67,34,17.2537313432836
"SEC61A2","NONE",3.05,32,23,16.53125
"EFNA2","NONE",2.656,26,20,15.3846153846154
"COMMD3","NONE",-3.365,32,22,15.125
"HLA-DPA1","NONE",-3.713,28,20,14.2857142857143
"VPS26B","NONE",3.313,32,21,13.78125
"IAH1","NONE",2.918,16,14,12.25
"HLA-H","NONE",-2.814,17,14,11.5294117647059
"WNT10A","NONE",-2.836,16,13,10.5625
"CCL5","NONE",-2.786,12,11,10.0833333333333
"PIM2","NONE",-2.681,23,15,9.78260869565217
"PPP1R14B","NONE",3.516,15,12,9.6
"DDIT4","NONE",3.898,19,13,8.89473684210526
"TMEM189","NONE",2.641,20,13,8.45
"RN7SK","NONE",2.929,12,10,8.33333333333333
"CRIP1","NONE",-2.931,36,17,8.02777777777778
"BLOC1S1","NONE",-2.811,20,12,7.2
"TMEM136","NONE",2.873,9,8,7.11111111111111
"CCL21","NONE",-3.438,7,7,7
"CD7","NONE",-3.756,8,7,6.125
"PIK3IP1","NONE",-2.718,8,7,6.125
"MFAP3","NONE",2.79,19,10,5.26315789473684
"DTWD1","NONE",-3.049,7,6,5.14285714285714
"TAPBPL","NONE",-3.049,10,7,4.9
"TOMM7","NONE",-3.028,17,9,4.76470588235294
"RNF144B","NONE",-2.593,17,9,4.76470588235294
"CCL20","NONE",2.968,4,4,4
"CD52","NONE",-2.632,4,4,4
"CD40LG","NONE",-3.964,8,5,3.125
"ICOS","NONE",-4.633,8,5,3.125
"PMCH","NONE",-2.708,3,3,3
"TPSB2","NONE",-3.446,12,6,3
"TMEM87B","NONE",3.334,13,6,2.76923076923077
"SPIB","NONE",-2.965,6,4,2.66666666666667
"OR7A5","NONE",-2.767,2,2,2
"CDNF","NONE",-3.963,2,2,2
"CCL19","NONE",-4.639,2,2,2
"CREBL2","NONE",-3.348,6,3,1.5
"RTP4","NONE",-3.044,3,2,1.33333333333333
"FGF19","NONE",2.7,1,1,1
"OPN1LW","NONE",2.766,1,1,1
"SNORD18B","NONE",3.022,1,1,1
"FAM24A","NONE",2.581,1,1,1
"HCP5","NONE",-3.765,1,1,1
"TARP","NONE",-3.209,1,1,1
"LTB","NONE",-2.901,1,1,1
"NAPSA","NONE",-2.738,5,2,0.8
"SLC2A4RG","NONE",3.216,3,1,0.333333333333333
"GAGE7","NONE",2.638,0,0,0
"GTPBP5","NONE",2.672,0,0,0
"CSNK2A1P","NONE",3.003,0,0,0
"TPI1P2","NONE",3.518,1,0,0
"HCG4P6","NONE",2.775,0,0,0
"FLJ38379","NONE",2.868,0,0,0
"GAGE6","NONE",2.944,0,0,0
"LOC388564","NONE",-3.319,0,0,0
"LOC729040","NONE",2.729,0,0,0
"AMAC1","NONE",2.631,0,0,0
"OSTBETA","NONE",2.697,0,0,0
"LOC652694","NONE",-2.924,0,0,0
"PGCP","NONE",-2.837,0,0,0
"FAM113B","NONE",-3.299,0,0,0
"ZFP106","NONE",-2.803,0,0,0
"LONP1",NA,NA,NA,NA,NA
"A2M",NA,NA,NA,NA,NA
"TGM2",NA,NA,NA,NA,NA
"B2M",NA,NA,NA,NA,NA
"HMOX2",NA,NA,NA,NA,NA
"TK1",NA,NA,NA,NA,NA
"FBXO6",NA,NA,NA,NA,NA
"PHF11",NA,NA,NA,NA,NA
"RHBDD1",NA,NA,NA,NA,NA
"OGT",NA,NA,NA,NA,NA
"GOT1",NA,NA,NA,NA,NA
"MBNL1",NA,NA,NA,NA,NA
"RABGAP1L",NA,NA,NA,NA,NA
"LDLR",NA,NA,NA,NA,NA
"HLA-A",NA,NA,NA,NA,NA
"HLA-C",NA,NA,NA,NA,NA
"PBXIP1",NA,NA,NA,NA,NA
"ADAM9",NA,NA,NA,NA,NA
"KIF2C",NA,NA,NA,NA,NA
"NRAS",NA,NA,NA,NA,NA
"HLA-DRA",NA,NA,NA,NA,NA
"GGH",NA,NA,NA,NA,NA
"NCR3",NA,NA,NA,NA,NA
"GNB1",NA,NA,NA,NA,NA
"ADRB2",NA,NA,NA,NA,NA
"GNB2",NA,NA,NA,NA,NA
"ATP5C1",NA,NA,NA,NA,NA
"HSPA9",NA,NA,NA,NA,NA
"VDAC2",NA,NA,NA,NA,NA
"HLA-B",NA,NA,NA,NA,NA
"PDIA6",NA,NA,NA,NA,NA
"RPLP1",NA,NA,NA,NA,NA
"SENP3",NA,NA,NA,NA,NA
"DDRGK1",NA,NA,NA,NA,NA
"EPS15",NA,NA,NA,NA,NA
"EIF4B",NA,NA,NA,NA,NA
"EPS15L1",NA,NA,NA,NA,NA
"VCAM1",NA,NA,NA,NA,NA
"ESR1",NA,NA,NA,NA,NA
"NAA40",NA,NA,NA,NA,NA
"CEBPB",NA,NA,NA,NA,NA
"FBXO42",NA,NA,NA,NA,NA
"UQCRC1",NA,NA,NA,NA,NA
"POR",NA,NA,NA,NA,NA
"PREB",NA,NA,NA,NA,NA
"EPB41L5",NA,NA,NA,NA,NA
"AGPS",NA,NA,NA,NA,NA
"MRPL37",NA,NA,NA,NA,NA
"RIPK4",NA,NA,NA,NA,NA
"OPTN",NA,NA,NA,NA,NA
"G3BP1",NA,NA,NA,NA,NA
"BCAR1",NA,NA,NA,NA,NA
"PPP1CC",NA,NA,NA,NA,NA
"SMC1A",NA,NA,NA,NA,NA
"AURKA",NA,NA,NA,NA,NA
"CA9",NA,NA,NA,NA,NA
"RAC2",NA,NA,NA,NA,NA
"CYLD",NA,NA,NA,NA,NA
"MEX3A",NA,NA,NA,NA,NA
"CDC73",NA,NA,NA,NA,NA
"DDX58",NA,NA,NA,NA,NA
"IKZF1",NA,NA,NA,NA,NA
"UQCRFS1",NA,NA,NA,NA,NA
"STIP1",NA,NA,NA,NA,NA
"INPPL1",NA,NA,NA,NA,NA
"PDIA4",NA,NA,NA,NA,NA
"CSNK1D",NA,NA,NA,NA,NA
"DBN1",NA,NA,NA,NA,NA
"IQGAP1",NA,NA,NA,NA,NA
"LCK",NA,NA,NA,NA,NA
"MAPRE1",NA,NA,NA,NA,NA
"RAB2A",NA,NA,NA,NA,NA
"VASP",NA,NA,NA,NA,NA
"RND3",NA,NA,NA,NA,NA
"TOMM40",NA,NA,NA,NA,NA
"ARHGEF2",NA,NA,NA,NA,NA
"PPP6C",NA,NA,NA,NA,NA
"CEP250",NA,NA,NA,NA,NA
"PPP2R1A",NA,NA,NA,NA,NA
"HSF2BP",NA,NA,NA,NA,NA
"TRIP13",NA,NA,NA,NA,NA
"DLST",NA,NA,NA,NA,NA
"NFKB1",NA,NA,NA,NA,NA
"SLC15A3",NA,NA,NA,NA,NA
"MAP2K1",NA,NA,NA,NA,NA
"SOCS1",NA,NA,NA,NA,NA
"KIF20A",NA,NA,NA,NA,NA
"SURF1",NA,NA,NA,NA,NA
"TMEM70",NA,NA,NA,NA,NA
"TRIM5",NA,NA,NA,NA,NA
"CFH",NA,NA,NA,NA,NA
"ATF2",NA,NA,NA,NA,NA
"CSNK2A1",NA,NA,NA,NA,NA
"MAPK8",NA,NA,NA,NA,NA
"P4HB",NA,NA,NA,NA,NA
"FSCN1",NA,NA,NA,NA,NA
"ENO1",NA,NA,NA,NA,NA
"TAGLN2",NA,NA,NA,NA,NA
"CFL1",NA,NA,NA,NA,NA
"SLC2A1",NA,NA,NA,NA,NA
"PPIF",NA,NA,NA,NA,NA
"NFATC1",NA,NA,NA,NA,NA
"RBX1",NA,NA,NA,NA,NA
"CD79A",NA,NA,NA,NA,NA
"PSMA4",NA,NA,NA,NA,NA
"RPS12",NA,NA,NA,NA,NA
"RAE1",NA,NA,NA,NA,NA
"MYBBP1A",NA,NA,NA,NA,NA
"ADRM1",NA,NA,NA,NA,NA
"TRIOBP",NA,NA,NA,NA,NA
"RER1",NA,NA,NA,NA,NA
"TAB2",NA,NA,NA,NA,NA
"CDK12",NA,NA,NA,NA,NA
"TXLNA",NA,NA,NA,NA,NA
"TTK",NA,NA,NA,NA,NA
"MYCBP2",NA,NA,NA,NA,NA
"PDLIM7",NA,NA,NA,NA,NA
"YES1",NA,NA,NA,NA,NA
"CEP55",NA,NA,NA,NA,NA
"IKBIP",NA,NA,NA,NA,NA
"C3",NA,NA,NA,NA,NA
"TAP1",NA,NA,NA,NA,NA
"REEP5",NA,NA,NA,NA,NA
"LAMP3",NA,NA,NA,NA,NA
"HCST",NA,NA,NA,NA,NA
"FFAR1",NA,NA,NA,NA,NA
"GJD3",NA,NA,NA,NA,NA
"P2RY10",NA,NA,NA,NA,NA
"SLC22A4",NA,NA,NA,NA,NA
"HIST1H3A",NA,NA,NA,NA,NA
"CD6",NA,NA,NA,NA,NA
"RPL13A",NA,NA,NA,NA,NA
"CBL",NA,NA,NA,NA,NA
"NUMBL",NA,NA,NA,NA,NA
"PSMG2",NA,NA,NA,NA,NA
"HYOU1",NA,NA,NA,NA,NA
"RIT1",NA,NA,NA,NA,NA
"BTK",NA,NA,NA,NA,NA
"CCDC53",NA,NA,NA,NA,NA
"CHERP",NA,NA,NA,NA,NA
"CELF1",NA,NA,NA,NA,NA
"EIF3J",NA,NA,NA,NA,NA
"HSPA1L",NA,NA,NA,NA,NA
"EIF4G1",NA,NA,NA,NA,NA
"RPS20",NA,NA,NA,NA,NA
"RPS24",NA,NA,NA,NA,NA
"KAT2B",NA,NA,NA,NA,NA
"HIVEP1",NA,NA,NA,NA,NA
"STAT5A",NA,NA,NA,NA,NA
"BRCA2",NA,NA,NA,NA,NA
"LRRK2",NA,NA,NA,NA,NA
"UCHL5",NA,NA,NA,NA,NA
"PIAS1",NA,NA,NA,NA,NA
"TIMELESS",NA,NA,NA,NA,NA
"CCNA2",NA,NA,NA,NA,NA
"CHEK1",NA,NA,NA,NA,NA
"TPT1",NA,NA,NA,NA,NA
"UFSP2",NA,NA,NA,NA,NA
"RAB13",NA,NA,NA,NA,NA
"TNPO3",NA,NA,NA,NA,NA
"CISD2",NA,NA,NA,NA,NA
"DNAJC1",NA,NA,NA,NA,NA
"ATL3",NA,NA,NA,NA,NA
"STEAP3",NA,NA,NA,NA,NA
"ITM2B",NA,NA,NA,NA,NA
"MBOAT7",NA,NA,NA,NA,NA
"UBE2M",NA,NA,NA,NA,NA
"UBE3C",NA,NA,NA,NA,NA
"PGK1",NA,NA,NA,NA,NA
"TUBB3",NA,NA,NA,NA,NA
"NCOR1",NA,NA,NA,NA,NA
"RPL38",NA,NA,NA,NA,NA
"PSME2",NA,NA,NA,NA,NA
"UBA52",NA,NA,NA,NA,NA
"TEAD1",NA,NA,NA,NA,NA
"NUP62",NA,NA,NA,NA,NA
"RNF40",NA,NA,NA,NA,NA
"WDR61",NA,NA,NA,NA,NA
"TBRG4",NA,NA,NA,NA,NA
"NCAPD3",NA,NA,NA,NA,NA
"HLA-G",NA,NA,NA,NA,NA
"PVR",NA,NA,NA,NA,NA
"CDC27",NA,NA,NA,NA,NA
"CDC20",NA,NA,NA,NA,NA
"RPS14",NA,NA,NA,NA,NA
"TPX2",NA,NA,NA,NA,NA
"NUCKS1",NA,NA,NA,NA,NA
"ANXA6",NA,NA,NA,NA,NA
"DDA1",NA,NA,NA,NA,NA
"RBM17",NA,NA,NA,NA,NA
"SMARCE1",NA,NA,NA,NA,NA
"PSMD1",NA,NA,NA,NA,NA
"SYNCRIP",NA,NA,NA,NA,NA
"MRPS5",NA,NA,NA,NA,NA
"USP10",NA,NA,NA,NA,NA
"HBB",NA,NA,NA,NA,NA
"ATAD3A",NA,NA,NA,NA,NA
"PYHIN1",NA,NA,NA,NA,NA
"TNF",NA,NA,NA,NA,NA
"NEK7",NA,NA,NA,NA,NA
"ARHGAP21",NA,NA,NA,NA,NA
"RPL35A",NA,NA,NA,NA,NA
"RACGAP1",NA,NA,NA,NA,NA
"RBM28",NA,NA,NA,NA,NA
"GLTSCR2",NA,NA,NA,NA,NA
"MNDA",NA,NA,NA,NA,NA
"FKBP5",NA,NA,NA,NA,NA
"SET",NA,NA,NA,NA,NA
"DLG1",NA,NA,NA,NA,NA
"PARN",NA,NA,NA,NA,NA
"GSPT1",NA,NA,NA,NA,NA
"PDZD8",NA,NA,NA,NA,NA
"SCYL1",NA,NA,NA,NA,NA
"GPC1",NA,NA,NA,NA,NA
"PSMB8",NA,NA,NA,NA,NA
"TOMM34",NA,NA,NA,NA,NA
"NOC2L",NA,NA,NA,NA,NA
"DNAJC11",NA,NA,NA,NA,NA
"UXS1",NA,NA,NA,NA,NA
"SLC1A1",NA,NA,NA,NA,NA
"NSDHL",NA,NA,NA,NA,NA
"ATP13A3",NA,NA,NA,NA,NA
"HMOX1",NA,NA,NA,NA,NA
"FASTKD1",NA,NA,NA,NA,NA
