"gene_list","mutation","precog_metaZ","tot_int","mut_int","network_score"
"KIAA1279","NONE",4.327,140,134,128.257142857143
"ARPC4","NONE",-2.714,150,132,116.16
"UQCR10","NONE",-2.714,42,41,40.0238095238095
"SEPT8","NONE",2.681,56,47,39.4464285714286
"EID1","NONE",2.594,38,37,36.0263157894737
"PKIG","NONE",-2.814,8,8,8
"DCDC5","NONE",2.723,7,7,7
"CXCL2","NONE",-2.792,5,4,3.2
"RP9P","NONE",2.647,3,3,3
"SNHG11","NONE",-2.589,3,3,3
"DKFZP434K028","NONE",2.705,2,2,2
"UBE2DNL","NONE",-2.838,1,1,1
"MUC3A","NONE",-2.693,1,1,1
"LOC653602","NONE",-3.056,1,1,1
"KIAA1609","NONE",3.52,0,0,0
"LOC100127983","NONE",2.764,0,0,0
"LOC400236","NONE",-2.922,0,0,0
"CCDC109A","NONE",3.081,0,0,0
"CAMSAP1L1","NONE",3.19,0,0,0
"LOC147670","NONE",2.739,0,0,0
"LOC440335","NONE",-2.622,0,0,0
"ZNF204P","NONE",3.148,0,0,0
"LOC150577","NONE",-2.828,0,0,0
"TRBV25-1","NONE",-2.705,0,0,0
"LOC100131366","NONE",-2.797,0,0,0
"GLT25D2","NONE",2.679,0,0,0
"LOC389199","NONE",-2.84,0,0,0
"LOC339524","NONE",-2.864,0,0,0
"UBE2QL1","NONE",3.744,1,0,0
"LOC441601","NONE",-2.757,0,0,0
"FAM194A","NONE",-2.709,0,0,0
"TMEM90B","NONE",2.818,0,0,0
"TRAV26-2","NONE",-2.871,0,0,0
"FLJ90680","NONE",-3.137,0,0,0
"CCDC56","NONE",-4.001,0,0,0
"CBARA1","NONE",4.362,0,0,0
"LOC152586","NONE",-2.833,0,0,0
"LOC283174","NONE",3.039,0,0,0
"LOC441086","NONE",-3.167,0,0,0
"LOC284379","NONE",-2.644,0,0,0
"LOC729013","NONE",-4.617,0,0,0
"LOC643783","NONE",-2.611,0,0,0
"LOC100129502","NONE",-2.905,0,0,0
"TRBV24-1","NONE",-2.885,0,0,0
"CXCR6","NONE",-2.966,0,0,0
"TBC1D22B",NA,NA,NA,NA,NA
"PI4KA",NA,NA,NA,NA,NA
"CCNYL1",NA,NA,NA,NA,NA
"MYC",NA,NA,NA,NA,NA
"STK11",NA,NA,NA,NA,NA
"ST7",NA,NA,NA,NA,NA
"SRRT",NA,NA,NA,NA,NA
"CORO1C",NA,NA,NA,NA,NA
"POLDIP3",NA,NA,NA,NA,NA
"LOXL2",NA,NA,NA,NA,NA
"PPP2R2D",NA,NA,NA,NA,NA
"CCDC9",NA,NA,NA,NA,NA
"SRSF6",NA,NA,NA,NA,NA
"EGFR",NA,NA,NA,NA,NA
"HEXIM1",NA,NA,NA,NA,NA
"PHB",NA,NA,NA,NA,NA
"TULP3",NA,NA,NA,NA,NA
"ZRANB1",NA,NA,NA,NA,NA
"FGFR3",NA,NA,NA,NA,NA
"ZNRF4",NA,NA,NA,NA,NA
"FBXO6",NA,NA,NA,NA,NA
"LGALS1",NA,NA,NA,NA,NA
"TGFA",NA,NA,NA,NA,NA
"GPR182",NA,NA,NA,NA,NA
"HLA-B",NA,NA,NA,NA,NA
"SFTPC",NA,NA,NA,NA,NA
"TSPAN15",NA,NA,NA,NA,NA
"RUNX1",NA,NA,NA,NA,NA
"NR4A1",NA,NA,NA,NA,NA
"EPRS",NA,NA,NA,NA,NA
"SEC31A",NA,NA,NA,NA,NA
"EZR",NA,NA,NA,NA,NA
"SNRPD3",NA,NA,NA,NA,NA
"SUCLG1",NA,NA,NA,NA,NA
"GALE",NA,NA,NA,NA,NA
"PCDH7",NA,NA,NA,NA,NA
"CHMP4B",NA,NA,NA,NA,NA
"NPC1",NA,NA,NA,NA,NA
"ACTC1",NA,NA,NA,NA,NA
"MNAT1",NA,NA,NA,NA,NA
"LIMD1",NA,NA,NA,NA,NA
"TFIP11",NA,NA,NA,NA,NA
"TNIP2",NA,NA,NA,NA,NA
"ARRDC3",NA,NA,NA,NA,NA
"SRSF2",NA,NA,NA,NA,NA
"FAM105A",NA,NA,NA,NA,NA
"CD274",NA,NA,NA,NA,NA
"CAV1",NA,NA,NA,NA,NA
"GJA1",NA,NA,NA,NA,NA
"PEX14",NA,NA,NA,NA,NA
"RAB3B",NA,NA,NA,NA,NA
"IFITM1",NA,NA,NA,NA,NA
"CDC42",NA,NA,NA,NA,NA
"RNF43",NA,NA,NA,NA,NA
"IKBKAP",NA,NA,NA,NA,NA
"AKAP12",NA,NA,NA,NA,NA
"SLC4A1AP",NA,NA,NA,NA,NA
"EPHB2",NA,NA,NA,NA,NA
"ROR1",NA,NA,NA,NA,NA
"EPHA4",NA,NA,NA,NA,NA
"PDGFRB",NA,NA,NA,NA,NA
"FGFR2",NA,NA,NA,NA,NA
"ERBB2",NA,NA,NA,NA,NA
"AXL",NA,NA,NA,NA,NA
"SIN3A",NA,NA,NA,NA,NA
"TUBB",NA,NA,NA,NA,NA
"GDI1",NA,NA,NA,NA,NA
"ACTG1",NA,NA,NA,NA,NA
"EIF3I",NA,NA,NA,NA,NA
"BUB3",NA,NA,NA,NA,NA
"POLDIP2",NA,NA,NA,NA,NA
"NIT2",NA,NA,NA,NA,NA
"CLIC4",NA,NA,NA,NA,NA
"MPST",NA,NA,NA,NA,NA
"PARK7",NA,NA,NA,NA,NA
"IDH2",NA,NA,NA,NA,NA
"GGH",NA,NA,NA,NA,NA
"RPA2",NA,NA,NA,NA,NA
"MECP2",NA,NA,NA,NA,NA
"WDYHV1",NA,NA,NA,NA,NA
"RBBP6",NA,NA,NA,NA,NA
"FN1",NA,NA,NA,NA,NA
"MRPS7",NA,NA,NA,NA,NA
"SERPINB5",NA,NA,NA,NA,NA
"CAP2",NA,NA,NA,NA,NA
"HIST1H2BH",NA,NA,NA,NA,NA
"CALD1",NA,NA,NA,NA,NA
"NOP56",NA,NA,NA,NA,NA
"CUL2",NA,NA,NA,NA,NA
"CRYAB",NA,NA,NA,NA,NA
"ARAF",NA,NA,NA,NA,NA
"PNMA1",NA,NA,NA,NA,NA
"UBE3A",NA,NA,NA,NA,NA
"MCCC1",NA,NA,NA,NA,NA
"DUSP16",NA,NA,NA,NA,NA
"DRG1",NA,NA,NA,NA,NA
"HEY1",NA,NA,NA,NA,NA
"RALY",NA,NA,NA,NA,NA
"RUFY1",NA,NA,NA,NA,NA
"HSPA1A",NA,NA,NA,NA,NA
"FLNA",NA,NA,NA,NA,NA
"ACTN1",NA,NA,NA,NA,NA
"SF3A3",NA,NA,NA,NA,NA
"SPERT",NA,NA,NA,NA,NA
"KDM5C",NA,NA,NA,NA,NA
"CAPN2",NA,NA,NA,NA,NA
"VCL",NA,NA,NA,NA,NA
"MCM5",NA,NA,NA,NA,NA
"PURA",NA,NA,NA,NA,NA
"PPFIA1",NA,NA,NA,NA,NA
"CYFIP2",NA,NA,NA,NA,NA
"TLN1",NA,NA,NA,NA,NA
"CEBPA",NA,NA,NA,NA,NA
"TJP1",NA,NA,NA,NA,NA
"ISG15",NA,NA,NA,NA,NA
"CDC73",NA,NA,NA,NA,NA
"CFTR",NA,NA,NA,NA,NA
"WDR77",NA,NA,NA,NA,NA
"CDK9",NA,NA,NA,NA,NA
"ATXN3",NA,NA,NA,NA,NA
"AKAP1",NA,NA,NA,NA,NA
"FXR1",NA,NA,NA,NA,NA
"SHANK3",NA,NA,NA,NA,NA
"CTSS",NA,NA,NA,NA,NA
"RHOD",NA,NA,NA,NA,NA
"SAR1B",NA,NA,NA,NA,NA
"RICTOR",NA,NA,NA,NA,NA
"PFKP",NA,NA,NA,NA,NA
"GRAMD1A",NA,NA,NA,NA,NA
"MED16",NA,NA,NA,NA,NA
"FYN",NA,NA,NA,NA,NA
"HLA-G",NA,NA,NA,NA,NA
"NAAA",NA,NA,NA,NA,NA
"ECEL1",NA,NA,NA,NA,NA
"PRTN3",NA,NA,NA,NA,NA
"RPS6KA2",NA,NA,NA,NA,NA
"AGTRAP",NA,NA,NA,NA,NA
"ADCK3",NA,NA,NA,NA,NA
"ESYT2",NA,NA,NA,NA,NA
"ILVBL",NA,NA,NA,NA,NA
"CALU",NA,NA,NA,NA,NA
"ACSL3",NA,NA,NA,NA,NA
"ATP2A2",NA,NA,NA,NA,NA
"UQCRC1",NA,NA,NA,NA,NA
"DDOST",NA,NA,NA,NA,NA
"SERPINH1",NA,NA,NA,NA,NA
"YME1L1",NA,NA,NA,NA,NA
"TRABD",NA,NA,NA,NA,NA
"MRPL16",NA,NA,NA,NA,NA
"SLC25A10",NA,NA,NA,NA,NA
"MRPS23",NA,NA,NA,NA,NA
"ICT1",NA,NA,NA,NA,NA
"BRD8",NA,NA,NA,NA,NA
"TIPARP",NA,NA,NA,NA,NA
"CD79B",NA,NA,NA,NA,NA
"ABCA2",NA,NA,NA,NA,NA
"ARRB1",NA,NA,NA,NA,NA
"TAGLN",NA,NA,NA,NA,NA
"GNAQ",NA,NA,NA,NA,NA
"ARRB2",NA,NA,NA,NA,NA
"CDC42BPA",NA,NA,NA,NA,NA
"ADRBK1",NA,NA,NA,NA,NA
"FERMT2",NA,NA,NA,NA,NA
"PROSC",NA,NA,NA,NA,NA
"VDR",NA,NA,NA,NA,NA
"TIMP2",NA,NA,NA,NA,NA
"ARMC8",NA,NA,NA,NA,NA
"MCAT",NA,NA,NA,NA,NA
"ITGAV",NA,NA,NA,NA,NA
"SPARC",NA,NA,NA,NA,NA
"GLRX3",NA,NA,NA,NA,NA
"GBF1",NA,NA,NA,NA,NA
"RNF213",NA,NA,NA,NA,NA
"CTSA",NA,NA,NA,NA,NA
"GRB10",NA,NA,NA,NA,NA
"SIRT3",NA,NA,NA,NA,NA
"KDR",NA,NA,NA,NA,NA
"BID",NA,NA,NA,NA,NA
"RAB11FIP2",NA,NA,NA,NA,NA
"RABGAP1",NA,NA,NA,NA,NA
"TERF2IP",NA,NA,NA,NA,NA
"HIST1H1C",NA,NA,NA,NA,NA
"CPEB4",NA,NA,NA,NA,NA
"TAB2",NA,NA,NA,NA,NA
"TOMM22",NA,NA,NA,NA,NA
"IGF2BP3",NA,NA,NA,NA,NA
"BCL2L13",NA,NA,NA,NA,NA
"BNIP3",NA,NA,NA,NA,NA
"CCDC47",NA,NA,NA,NA,NA
"CNP",NA,NA,NA,NA,NA
"DNAJC11",NA,NA,NA,NA,NA
"HM13",NA,NA,NA,NA,NA
"NCLN",NA,NA,NA,NA,NA
"PEX19",NA,NA,NA,NA,NA
"POLRMT",NA,NA,NA,NA,NA
"RAB14",NA,NA,NA,NA,NA
"SAR1A",NA,NA,NA,NA,NA
"SDF4",NA,NA,NA,NA,NA
"SLC39A7",NA,NA,NA,NA,NA
"TECR",NA,NA,NA,NA,NA
"VAT1",NA,NA,NA,NA,NA
"TOR1AIP1",NA,NA,NA,NA,NA
"SAMM50",NA,NA,NA,NA,NA
"RCOR1",NA,NA,NA,NA,NA
"DYRK2",NA,NA,NA,NA,NA
"SAV1",NA,NA,NA,NA,NA
"GAPDH",NA,NA,NA,NA,NA
"ACBD3",NA,NA,NA,NA,NA
"OFD1",NA,NA,NA,NA,NA
"CAV2",NA,NA,NA,NA,NA
"MAP2K1",NA,NA,NA,NA,NA
"PRKD1",NA,NA,NA,NA,NA
"RAC1",NA,NA,NA,NA,NA
"ARL4C",NA,NA,NA,NA,NA
"FCGRT",NA,NA,NA,NA,NA
"APOA1",NA,NA,NA,NA,NA
"ITGB5",NA,NA,NA,NA,NA
"KRT6A",NA,NA,NA,NA,NA
"AP1M1",NA,NA,NA,NA,NA
"PHC3",NA,NA,NA,NA,NA
"KRT16",NA,NA,NA,NA,NA
"KRT6B",NA,NA,NA,NA,NA
"TIAM1",NA,NA,NA,NA,NA
"SORBS3",NA,NA,NA,NA,NA
"ALB",NA,NA,NA,NA,NA
"USP37",NA,NA,NA,NA,NA
"PINX1",NA,NA,NA,NA,NA
"GAR1",NA,NA,NA,NA,NA
"RC3H1",NA,NA,NA,NA,NA
"MAPK6",NA,NA,NA,NA,NA
"DDX31",NA,NA,NA,NA,NA
"PTDSS1",NA,NA,NA,NA,NA
"KLK10",NA,NA,NA,NA,NA
"TRIM23",NA,NA,NA,NA,NA
"BTRC",NA,NA,NA,NA,NA
"ASXL1",NA,NA,NA,NA,NA
"EFNA4",NA,NA,NA,NA,NA
"CTBP1",NA,NA,NA,NA,NA
"LAMA5",NA,NA,NA,NA,NA
"LAMB1",NA,NA,NA,NA,NA
"HIF1A",NA,NA,NA,NA,NA
"QPRT",NA,NA,NA,NA,NA
"MYLK",NA,NA,NA,NA,NA
"FASN",NA,NA,NA,NA,NA
"NDUFA10",NA,NA,NA,NA,NA
"LARS2",NA,NA,NA,NA,NA
"PEX5",NA,NA,NA,NA,NA
"WWTR1",NA,NA,NA,NA,NA
"FBXO28",NA,NA,NA,NA,NA
"ANXA7",NA,NA,NA,NA,NA
"ATXN1",NA,NA,NA,NA,NA
"CBX6",NA,NA,NA,NA,NA
"KLF9",NA,NA,NA,NA,NA
"VARS",NA,NA,NA,NA,NA
"ACTA2",NA,NA,NA,NA,NA
"MBD3",NA,NA,NA,NA,NA
"LAMC1",NA,NA,NA,NA,NA
"BAG3",NA,NA,NA,NA,NA
"CPNE2",NA,NA,NA,NA,NA
"UBE2D1",NA,NA,NA,NA,NA
"CDK4",NA,NA,NA,NA,NA
"TLE1",NA,NA,NA,NA,NA
"TUBB2B",NA,NA,NA,NA,NA
"CCDC88A",NA,NA,NA,NA,NA
"MAP3K14",NA,NA,NA,NA,NA
"ANXA1",NA,NA,NA,NA,NA
"HUNK",NA,NA,NA,NA,NA
"MANEA",NA,NA,NA,NA,NA
"TAF6L",NA,NA,NA,NA,NA
"ZBTB8A",NA,NA,NA,NA,NA
"VANGL2",NA,NA,NA,NA,NA
"PICK1",NA,NA,NA,NA,NA
"VAMP4",NA,NA,NA,NA,NA
"GTSE1",NA,NA,NA,NA,NA
"MECOM",NA,NA,NA,NA,NA
"GBE1",NA,NA,NA,NA,NA
"ZGPAT",NA,NA,NA,NA,NA
"ZNF512B",NA,NA,NA,NA,NA
"CSTL1",NA,NA,NA,NA,NA
"SPP1",NA,NA,NA,NA,NA
"JAK3",NA,NA,NA,NA,NA
"MSN",NA,NA,NA,NA,NA
"ALDH2",NA,NA,NA,NA,NA
"NDRG1",NA,NA,NA,NA,NA
"IL7R",NA,NA,NA,NA,NA
"PMP22",NA,NA,NA,NA,NA
"HNF4A",NA,NA,NA,NA,NA
"SMAD3",NA,NA,NA,NA,NA
"AR",NA,NA,NA,NA,NA
"PIAS3",NA,NA,NA,NA,NA
"TBP",NA,NA,NA,NA,NA
"MED24",NA,NA,NA,NA,NA
"KIFAP3",NA,NA,NA,NA,NA
"COPS2",NA,NA,NA,NA,NA
"TCF20",NA,NA,NA,NA,NA
"RBL1",NA,NA,NA,NA,NA
"PPP2CA",NA,NA,NA,NA,NA
"SMARCB1",NA,NA,NA,NA,NA
"RPS21",NA,NA,NA,NA,NA
"SPATS2L",NA,NA,NA,NA,NA
"ASH2L",NA,NA,NA,NA,NA
"FOXG1",NA,NA,NA,NA,NA
"CDKN2A",NA,NA,NA,NA,NA
"EED",NA,NA,NA,NA,NA
"MYO6",NA,NA,NA,NA,NA
"RAB11FIP1",NA,NA,NA,NA,NA
"GNAI1",NA,NA,NA,NA,NA
"PGAM5",NA,NA,NA,NA,NA
"RPS6KA1",NA,NA,NA,NA,NA
"ASNS",NA,NA,NA,NA,NA
"PSMD3",NA,NA,NA,NA,NA
"CHERP",NA,NA,NA,NA,NA
"MORC4",NA,NA,NA,NA,NA
"NFIC",NA,NA,NA,NA,NA
"RCOR3",NA,NA,NA,NA,NA
"RERE",NA,NA,NA,NA,NA
"RPRD2",NA,NA,NA,NA,NA
"SMARCD2",NA,NA,NA,NA,NA
"SSBP2",NA,NA,NA,NA,NA
"ZNF281",NA,NA,NA,NA,NA
"CBX5",NA,NA,NA,NA,NA
"EPC1",NA,NA,NA,NA,NA
"FOXK1",NA,NA,NA,NA,NA
"HIRA",NA,NA,NA,NA,NA
"TADA2B",NA,NA,NA,NA,NA
"MYBBP1A",NA,NA,NA,NA,NA
"TTLL12",NA,NA,NA,NA,NA
"UBE2C",NA,NA,NA,NA,NA
"KDM3A",NA,NA,NA,NA,NA
"WIPI1",NA,NA,NA,NA,NA
"BECN1",NA,NA,NA,NA,NA
"KRT15",NA,NA,NA,NA,NA
"ARFIP2",NA,NA,NA,NA,NA
"ITSN1",NA,NA,NA,NA,NA
"KLHL20",NA,NA,NA,NA,NA
"WASF1",NA,NA,NA,NA,NA
"RSF1",NA,NA,NA,NA,NA
"HSPA13",NA,NA,NA,NA,NA
"ANXA5",NA,NA,NA,NA,NA
"DDX50",NA,NA,NA,NA,NA
"HIST2H2BE",NA,NA,NA,NA,NA
"ARIH1",NA,NA,NA,NA,NA
"CREB5",NA,NA,NA,NA,NA
"KCTD3",NA,NA,NA,NA,NA
"SNAPC1",NA,NA,NA,NA,NA
"ZNF574",NA,NA,NA,NA,NA
"FBXO11",NA,NA,NA,NA,NA
"CFL2",NA,NA,NA,NA,NA
"UBE2L6",NA,NA,NA,NA,NA
"BTF3L4",NA,NA,NA,NA,NA
"RIT1",NA,NA,NA,NA,NA
"STEAP3",NA,NA,NA,NA,NA
"PODXL",NA,NA,NA,NA,NA
"CDC42EP4",NA,NA,NA,NA,NA
"SLC38A2",NA,NA,NA,NA,NA
"SEMA4C",NA,NA,NA,NA,NA
"SPECC1L",NA,NA,NA,NA,NA
"NT5E",NA,NA,NA,NA,NA
"KIF3A",NA,NA,NA,NA,NA
"LITAF",NA,NA,NA,NA,NA
"WDR26",NA,NA,NA,NA,NA
"MRPL17",NA,NA,NA,NA,NA
"NCKIPSD",NA,NA,NA,NA,NA
"PTPN14",NA,NA,NA,NA,NA
"PRKCZ",NA,NA,NA,NA,NA
"MAD2L2",NA,NA,NA,NA,NA
"FKBP10",NA,NA,NA,NA,NA
"LPP",NA,NA,NA,NA,NA
"EFHD2",NA,NA,NA,NA,NA
"ATG7",NA,NA,NA,NA,NA
"STK38",NA,NA,NA,NA,NA
"RANGAP1",NA,NA,NA,NA,NA
"POLR1A",NA,NA,NA,NA,NA
"TUBB2A",NA,NA,NA,NA,NA
"SPIN1",NA,NA,NA,NA,NA
"RPL4",NA,NA,NA,NA,NA
"CENPM",NA,NA,NA,NA,NA
"CCDC102B",NA,NA,NA,NA,NA
"SLC31A1",NA,NA,NA,NA,NA
"MCC",NA,NA,NA,NA,NA
"TNFRSF1B",NA,NA,NA,NA,NA
"UBASH3A",NA,NA,NA,NA,NA
"SNTB2",NA,NA,NA,NA,NA
"PDXDC1",NA,NA,NA,NA,NA
"MFAP1",NA,NA,NA,NA,NA
"WDR6",NA,NA,NA,NA,NA
"TNIK",NA,NA,NA,NA,NA
"WDR11",NA,NA,NA,NA,NA
"MAP4K4",NA,NA,NA,NA,NA
"STAM",NA,NA,NA,NA,NA
"TMEM214",NA,NA,NA,NA,NA
"TRAF1",NA,NA,NA,NA,NA
"P4HA2",NA,NA,NA,NA,NA
"S100A2",NA,NA,NA,NA,NA
"TRIP4",NA,NA,NA,NA,NA
"MIB1",NA,NA,NA,NA,NA
"GTPBP1",NA,NA,NA,NA,NA
"PABPC5",NA,NA,NA,NA,NA
"RBM4B",NA,NA,NA,NA,NA
"MKRN1",NA,NA,NA,NA,NA
"MSRB3",NA,NA,NA,NA,NA
"MYB",NA,NA,NA,NA,NA
"CD74",NA,NA,NA,NA,NA
"BZW1",NA,NA,NA,NA,NA
"DNAJA3",NA,NA,NA,NA,NA
"NRBF2",NA,NA,NA,NA,NA
"ELK3",NA,NA,NA,NA,NA
"GSR",NA,NA,NA,NA,NA
"TRMT112",NA,NA,NA,NA,NA
"PRPS2",NA,NA,NA,NA,NA
"ATG3",NA,NA,NA,NA,NA
"MAP1LC3A",NA,NA,NA,NA,NA
"ATG14",NA,NA,NA,NA,NA
"NOP16",NA,NA,NA,NA,NA
"NOL9",NA,NA,NA,NA,NA
"NFS1",NA,NA,NA,NA,NA
"STAT5B",NA,NA,NA,NA,NA
"RPS15",NA,NA,NA,NA,NA
"POLR3A",NA,NA,NA,NA,NA
"GART",NA,NA,NA,NA,NA
"HIST1H2BD",NA,NA,NA,NA,NA
"GSPT2",NA,NA,NA,NA,NA
"RDX",NA,NA,NA,NA,NA
"ATP6V1D",NA,NA,NA,NA,NA
"PGD",NA,NA,NA,NA,NA
"EIF5",NA,NA,NA,NA,NA
"CLN3",NA,NA,NA,NA,NA
"DUSP14",NA,NA,NA,NA,NA
"BIRC5",NA,NA,NA,NA,NA
"TROVE2",NA,NA,NA,NA,NA
"P4HA1",NA,NA,NA,NA,NA
"MAPK7",NA,NA,NA,NA,NA
"KLF8",NA,NA,NA,NA,NA
"SRGAP2",NA,NA,NA,NA,NA
"FAM46A",NA,NA,NA,NA,NA
"YY1AP1",NA,NA,NA,NA,NA
"ANKHD1",NA,NA,NA,NA,NA
"UBXN1",NA,NA,NA,NA,NA
"POGZ",NA,NA,NA,NA,NA
"NMNAT1",NA,NA,NA,NA,NA
"CCDC6",NA,NA,NA,NA,NA
"OSBPL9",NA,NA,NA,NA,NA
"SREBF2",NA,NA,NA,NA,NA
"DUSP6",NA,NA,NA,NA,NA
"DUSP13",NA,NA,NA,NA,NA
"HNF1B",NA,NA,NA,NA,NA
"KLF12",NA,NA,NA,NA,NA
"TBR1",NA,NA,NA,NA,NA
"GSC",NA,NA,NA,NA,NA
"ARHGDIA",NA,NA,NA,NA,NA
"SDC2",NA,NA,NA,NA,NA
"SDHB",NA,NA,NA,NA,NA
"MTHFD2",NA,NA,NA,NA,NA
"AHCY",NA,NA,NA,NA,NA
"NGLY1",NA,NA,NA,NA,NA
"KAT2A",NA,NA,NA,NA,NA
"MRTO4",NA,NA,NA,NA,NA
"ERO1L",NA,NA,NA,NA,NA
"PLEKHA1",NA,NA,NA,NA,NA
"SWAP70",NA,NA,NA,NA,NA
"B2M",NA,NA,NA,NA,NA
"RCC1",NA,NA,NA,NA,NA
"HLA-F",NA,NA,NA,NA,NA
"CNOT7",NA,NA,NA,NA,NA
"CRKL",NA,NA,NA,NA,NA
"PGM3",NA,NA,NA,NA,NA
"DOK4",NA,NA,NA,NA,NA
"GGA1",NA,NA,NA,NA,NA
"XPNPEP3",NA,NA,NA,NA,NA
"RC3H2",NA,NA,NA,NA,NA
"HOXA1",NA,NA,NA,NA,NA
"MAPK8IP2",NA,NA,NA,NA,NA
"POLR3H",NA,NA,NA,NA,NA
"REPIN1",NA,NA,NA,NA,NA
"TRIP12",NA,NA,NA,NA,NA
"LTBP1",NA,NA,NA,NA,NA
"SLAMF1",NA,NA,NA,NA,NA
"EXOC2",NA,NA,NA,NA,NA
"EXOC8",NA,NA,NA,NA,NA
"PRKAA1",NA,NA,NA,NA,NA
"PYCARD",NA,NA,NA,NA,NA
"BIN1",NA,NA,NA,NA,NA
"NLRX1",NA,NA,NA,NA,NA
"AHNAK2",NA,NA,NA,NA,NA
"HSD17B10",NA,NA,NA,NA,NA
"CLIP1",NA,NA,NA,NA,NA
"STK3",NA,NA,NA,NA,NA
"ATL3",NA,NA,NA,NA,NA
"PLAUR",NA,NA,NA,NA,NA
"GNL3L",NA,NA,NA,NA,NA
"KLF15",NA,NA,NA,NA,NA
"RUNX1T1",NA,NA,NA,NA,NA
"FAM175B",NA,NA,NA,NA,NA
"NUAK1",NA,NA,NA,NA,NA
"ASF1A",NA,NA,NA,NA,NA
"MRPL12",NA,NA,NA,NA,NA
"MRPL37",NA,NA,NA,NA,NA
"EMG1",NA,NA,NA,NA,NA
"DLG5",NA,NA,NA,NA,NA
"FTSJ3",NA,NA,NA,NA,NA
"TNF",NA,NA,NA,NA,NA
"RBM19",NA,NA,NA,NA,NA
"VEZT",NA,NA,NA,NA,NA
"H3F3B",NA,NA,NA,NA,NA
"GOLGA5",NA,NA,NA,NA,NA
"CABIN1",NA,NA,NA,NA,NA
"DNAJB12",NA,NA,NA,NA,NA
"TP53RK",NA,NA,NA,NA,NA
"LIMK2",NA,NA,NA,NA,NA
"CALR3",NA,NA,NA,NA,NA
"CD109",NA,NA,NA,NA,NA
"SPATA5L1",NA,NA,NA,NA,NA
"MYO9A",NA,NA,NA,NA,NA
"ZFYVE21",NA,NA,NA,NA,NA
"LRP6",NA,NA,NA,NA,NA
"APEH",NA,NA,NA,NA,NA
"MLLT6",NA,NA,NA,NA,NA
"FOXC1",NA,NA,NA,NA,NA
"CAT",NA,NA,NA,NA,NA
"DHRS4",NA,NA,NA,NA,NA
"S100A4",NA,NA,NA,NA,NA
"COBL",NA,NA,NA,NA,NA
"EHBP1",NA,NA,NA,NA,NA
"FAM171A1",NA,NA,NA,NA,NA
"MACF1",NA,NA,NA,NA,NA
"MAP4K5",NA,NA,NA,NA,NA
"MARK3",NA,NA,NA,NA,NA
"SLC12A7",NA,NA,NA,NA,NA
"VAMP2",NA,NA,NA,NA,NA
"ZFYVE9",NA,NA,NA,NA,NA
"CC2D1A",NA,NA,NA,NA,NA
"PTPN23",NA,NA,NA,NA,NA
"YIPF5",NA,NA,NA,NA,NA
"GLP1R",NA,NA,NA,NA,NA
"ZBTB11",NA,NA,NA,NA,NA
"ZNF22",NA,NA,NA,NA,NA
"NGRN",NA,NA,NA,NA,NA
"KRR1",NA,NA,NA,NA,NA
"FTL",NA,NA,NA,NA,NA
"UACA",NA,NA,NA,NA,NA
"EXOC5",NA,NA,NA,NA,NA
"TTC23",NA,NA,NA,NA,NA
"RDH11",NA,NA,NA,NA,NA
"CDK5RAP3",NA,NA,NA,NA,NA
"VRK2",NA,NA,NA,NA,NA
"SPCS1",NA,NA,NA,NA,NA
"CYP51A1",NA,NA,NA,NA,NA
"SNX9",NA,NA,NA,NA,NA
"FKBP6",NA,NA,NA,NA,NA
"WDTC1",NA,NA,NA,NA,NA
"SARNP",NA,NA,NA,NA,NA
"ZC3H11A",NA,NA,NA,NA,NA
"OBFC1",NA,NA,NA,NA,NA
"PHF5A",NA,NA,NA,NA,NA
"PTPRO",NA,NA,NA,NA,NA
"CD3E",NA,NA,NA,NA,NA
"CTLA4",NA,NA,NA,NA,NA
"HOMER1",NA,NA,NA,NA,NA
"IMPDH1",NA,NA,NA,NA,NA
"RNGTT",NA,NA,NA,NA,NA
"AGPAT5",NA,NA,NA,NA,NA
"MED26",NA,NA,NA,NA,NA
"GTPBP4",NA,NA,NA,NA,NA
"SATB2",NA,NA,NA,NA,NA
"L3MBTL3",NA,NA,NA,NA,NA
"THAP4",NA,NA,NA,NA,NA
"RBM3",NA,NA,NA,NA,NA
"SNRNP40",NA,NA,NA,NA,NA
"AMACR",NA,NA,NA,NA,NA
"PJA2",NA,NA,NA,NA,NA
"SLMAP",NA,NA,NA,NA,NA
"EIF2B4",NA,NA,NA,NA,NA
"PSMB8",NA,NA,NA,NA,NA
"MRPL11",NA,NA,NA,NA,NA
"MYLK2",NA,NA,NA,NA,NA
"OLFM4",NA,NA,NA,NA,NA
"KRT6C",NA,NA,NA,NA,NA
"ECM1",NA,NA,NA,NA,NA
"PPL",NA,NA,NA,NA,NA
"SFSWAP",NA,NA,NA,NA,NA
"LIN28A",NA,NA,NA,NA,NA
"GAN",NA,NA,NA,NA,NA
"SLC35E1",NA,NA,NA,NA,NA
"EIF4EBP1",NA,NA,NA,NA,NA
"CAMSAP1",NA,NA,NA,NA,NA
"SLK",NA,NA,NA,NA,NA
"ACO2",NA,NA,NA,NA,NA
"SERPINB2",NA,NA,NA,NA,NA
"COL18A1",NA,NA,NA,NA,NA
"SBF1",NA,NA,NA,NA,NA
"NT5C2",NA,NA,NA,NA,NA
"KRTAP1-1",NA,NA,NA,NA,NA
"PCSK5",NA,NA,NA,NA,NA
"AIG1",NA,NA,NA,NA,NA
"APLP2",NA,NA,NA,NA,NA
"CLDN7",NA,NA,NA,NA,NA
"NOTCH3",NA,NA,NA,NA,NA
"ENO2",NA,NA,NA,NA,NA
"MAP3K13",NA,NA,NA,NA,NA
"PTGER3",NA,NA,NA,NA,NA
"TRAF3",NA,NA,NA,NA,NA
"PDRG1",NA,NA,NA,NA,NA
"UPF2",NA,NA,NA,NA,NA
"RRP1",NA,NA,NA,NA,NA
"PIGR",NA,NA,NA,NA,NA
"NOL12",NA,NA,NA,NA,NA
"PNMAL1",NA,NA,NA,NA,NA
"IL17B",NA,NA,NA,NA,NA
"TACSTD2",NA,NA,NA,NA,NA
"UBASH3B",NA,NA,NA,NA,NA
"ZNF438",NA,NA,NA,NA,NA
"KHDRBS3",NA,NA,NA,NA,NA
"NDUFA6",NA,NA,NA,NA,NA
"ASCC2",NA,NA,NA,NA,NA
"MAPK8IP1",NA,NA,NA,NA,NA
"LTV1",NA,NA,NA,NA,NA
"ADAM10",NA,NA,NA,NA,NA
"ARL5B",NA,NA,NA,NA,NA
"COG1",NA,NA,NA,NA,NA
"USP8",NA,NA,NA,NA,NA
"NCAPH2",NA,NA,NA,NA,NA
"PTPRD",NA,NA,NA,NA,NA
"POLR3B",NA,NA,NA,NA,NA
"MRPL45",NA,NA,NA,NA,NA
"EIF3D",NA,NA,NA,NA,NA
"KLK7",NA,NA,NA,NA,NA
"MYOF",NA,NA,NA,NA,NA
"L3MBTL2",NA,NA,NA,NA,NA
"PRKAB2",NA,NA,NA,NA,NA
"LLGL2",NA,NA,NA,NA,NA
"OSBPL8",NA,NA,NA,NA,NA
"DHRS7",NA,NA,NA,NA,NA
"RALB",NA,NA,NA,NA,NA
"PNKD",NA,NA,NA,NA,NA
"LSM1",NA,NA,NA,NA,NA
"MGEA5",NA,NA,NA,NA,NA
"ZFP36L2",NA,NA,NA,NA,NA
"SLC20A1",NA,NA,NA,NA,NA
"TMEM201",NA,NA,NA,NA,NA
"PI15",NA,NA,NA,NA,NA
"APOBEC3D",NA,NA,NA,NA,NA
"GLG1",NA,NA,NA,NA,NA
"ARID4A",NA,NA,NA,NA,NA
"SOX5",NA,NA,NA,NA,NA
"IDS",NA,NA,NA,NA,NA
"CD226",NA,NA,NA,NA,NA
"ANO6",NA,NA,NA,NA,NA
"HMG20A",NA,NA,NA,NA,NA
"GPR35",NA,NA,NA,NA,NA
"A2ML1",NA,NA,NA,NA,NA
"TRIM8",NA,NA,NA,NA,NA
"TACO1",NA,NA,NA,NA,NA
"HADH",NA,NA,NA,NA,NA
"TSPYL1",NA,NA,NA,NA,NA
"S100A16",NA,NA,NA,NA,NA
"PTGES2",NA,NA,NA,NA,NA
