"from","to"
"ILF3","RTN4"
"ILF3","TUBA4A"
"ADARB1","ILF3"
"ILF3","SRPK2"
"DHX9","ILF3"
"ILF3","LEMD3"
"ILF3","PSMD11"
"ILF3","ITGA4"
"ILF3","SUZ12"
"ILF3","SNIP1"
"ILF3","NUPR1"
"ILF3","ZBTB2"
"ILF3","RIT1"
"BAG1","ILF3"
"DHX15","ILF3"
"ILF3","SMC5"
"SMC5","SMC5"
"SMC5","ZMYM2"
"DHX9","SMC5"
"ACIN1","SMC5"
"DDX24","SMC5"
"SMC5","SNW1"
"CHERP","SMC5"
"DHX15","SMC5"
"SMC5","YTHDF2"
"ATP2A1","SMC5"
"RBM4","SMC5"
"H2AFY","SMC5"
"ILF3","SMC5"
"ALK","SMC5"
"LEMD3","SMC5"
"DNMT1","SMC5"
"RAN","SMC5"
"MBNL1","SMC5"
"ENO1","SMC5"
"SMC5","TUBA4A"
"SMC5","YTHDF3"
"SMC5","TOR1AIP1"
"DBN1","SMC5"
"DHX9","ILF3"
"DHX9","RBM4"
"DHX9","DNMT3B"
"CHERP","DHX9"
"DHX9","MBNL1"
"ACIN1","DHX9"
"DHX9","SUZ12"
"DHX9","SNW1"
"CHEK2","DHX9"
"DHX9","NUPR1"
"DHX9","ZBTB2"
"DHX9","RIT1"
"CAPZB","DHX9"
"BAG1","DHX9"
"DHX9","SMC5"
"NUPR1","RAN"
"ACIN1","NUPR1"
"CAPZB","NUPR1"
"CDK6","NUPR1"
"DBN1","NUPR1"
"DHX15","NUPR1"
"DHX9","NUPR1"
"H2AFY","NUPR1"
"ILF3","NUPR1"
"LGALS8","NUPR1"
"NF2","NUPR1"
"NUP155","NUPR1"
"NUP43","NUPR1"
"NUPR1","RBM4"
"DHX15","SNW1"
"CAPZB","DHX15"
"DHX15","RAN"
"DHX15","ILF3"
"DHX15","TCEB2"
"CHERP","DHX15"
"ACIN1","DHX15"
"DHX15","ITGA4"
"DHX15","SRPK2"
"DHX15","ENO1"
"DHX15","NF2"
"DHX15","SNIP1"
"DHX15","NUPR1"
"DHX15","RIT1"
"BAG1","DHX15"
"DHX15","PSMD11"
"DHX15","SMC5"
"SUZ12","SUZ12"
"DNMT1","SUZ12"
"ILF3","SUZ12"
"ACIN1","SUZ12"
"H2AFY","SUZ12"
"DHX9","SUZ12"
"DBN1","SUZ12"
"RAN","SUZ12"
"RBM4","SUZ12"
"SNW1","SUZ12"
"FHL3","SUZ12"
"DNMT3B","SUZ12"
"SUZ12","TCEB2"
"SIN3A","SUZ12"
"SUZ12","ZBTB2"
"NF2","RIT1"
"PSMD11","RIT1"
"ILF3","RIT1"
"NUP43","RIT1"
"RIT1","RIT1"
"CHERP","RIT1"
"CAPZB","RIT1"
"COPS2","RIT1"
"DHX15","RIT1"
"DHX9","RIT1"
"ENO1","RIT1"
"DNMT1","RIT1"
"RIT1","TCEB2"
"NUP155","RIT1"
"RIT1","SRPK2"
"DHX15","ENO1"
"ENO1","RHOF"
"ENO1","PRKACA"
"ENO1","SEC63"
"ENO1","GBF1"
"ENO1","ENO1"
"COPS2","ENO1"
"ENO1","ITGA4"
"CHEK2","ENO1"
"ENO1","TUBA4A"
"ENO1","RIT1"
"DDX24","ENO1"
"ENO1","SMC5"
"ENO1","RNF149"
"DNMT1","ENO1"
"DDX24","DDX24"
"DBN1","DDX24"
"CAPZB","DDX24"
"DDX24","ENO1"
"DDX24","RBM4"
"DDX24","SNIP1"
"ATP2A1","DDX24"
"DDX24","ZBTB2"
"DDX24","SRPK2"
"ADARB1","DDX24"
"DDX24","TLX2"
"DDX24","NUP43"
"DDX24","SMC5"
"GOLGB1","NUP155"
"LEMD3","NUP155"
"NUP155","TOR1AIP1"
"IRAK1","NUP155"
"NUP155","RTN4"
"NUP155","SNW1"
"EYA4","NUP155"
"NUP155","NUPR1"
"ATP2A1","NUP155"
"NUP155","RHOF"
"NUP155","RIT1"
"NUP155","RAN"
"ALK","NUP155"
"NUP155","STYK1"
"NUP155","RNF149"
"PHGDH","SUZ12"
"PHGDH","SNW1"
"ILF3","PHGDH"
"PHGDH","WDTC1"
"BAG1","PHGDH"
"PHGDH","PRKACA"
"ITGA4","RBM4"
"ITGA4","RAN"
"ITGA4","MBNL1"
"ITGA4","ITGA4"
"DHX15","ITGA4"
"ILF3","ITGA4"
"ENO1","ITGA4"
"CAPZB","ITGA4"
"ITGA4","PPP2CA"
"ITGA4","VCL"
"ITGA4","LGALS1"
"ITGA4","LGALS8"
"CHERP","SART1"
"SART1","SNW1"
"DNMT3B","SART1"
"ENO1","SART1"
"DHX9","SART1"
"ILF3","SART1"
"SART1","SUZ12"
"SART1","SRPK2"
"NUPR1","SART1"
"SART1","SMC5"
"CAPZB","DBN1"
"DBN1","LGALS1"
"DBN1","NF2"
"DBN1","SUZ12"
"DBN1","NUPR1"
"DBN1","TLX2"
"DBN1","STYK1"
"DBN1","DDX24"
"DBN1","SMC5"
"ACIN1","DHX9"
"ACIN1","DHX15"
"ACIN1","SRPK2"
"ACIN1","SUZ12"
"ACIN1","SNIP1"
"ACIN1","SNW1"
"ACIN1","NUPR1"
"ACIN1","ZBTB2"
"ACIN1","NRP1"
"ACIN1","COPS2"
"ACIN1","ADARB1"
"ACIN1","NUP43"
"ACIN1","SMC5"
"PSMD11","ZNF598"
"ENO1","ZNF598"
"YTHDF2","ZNF598"
"YTHDF3","ZNF598"
"CDK6","PPP2CA"
"IRAK1","PPP2CA"
"CHEK2","PPP2CA"
"PPP2CA","PRKCZ"
"MAP4K4","PPP2CA"
"ITGA4","PPP2CA"
"DPF2","PPP2CA"
"PPP2CA","PSMD11"
"ADARB1","ADARB1"
"ADARB1","SRPK2"
"ADARB1","DDX24"
"ADARB1","RBFOX2"
"ACIN1","ADARB1"
"ADARB1","ILF3"
"ADARB1","SNW1"
"ADARB1","H2AFY"
"ADARB1","RAN"
"ADARB1","SIN3A"
"ADARB1","TUBA4A"
"RAN","SIN3A"
"COPS2","SIN3A"
"SIN3A","SUZ12"
"SIN3A","ZMYM2"
"DNMT3B","SIN3A"
"SIN3A","SNW1"
"H2AFY","SIN3A"
"ADCK3","SIN3A"
"ADARB1","SIN3A"
"COPS3","PSMD11"
"PSMD11","PSMD11"
"COPS2","PSMD11"
"DHX15","PSMD11"
"PPP2CA","PSMD11"
"PSMD11","TCEB2"
"PRKACA","PSMD11"
"PSMD11","SNW1"
"BAG1","PSMD11"
"PSMD11","RIT1"
"ILF3","PSMD11"
"CHERP","SNIP1"
"SNIP1","SNW1"
"SNIP1","SRPK2"
"ACIN1","SNIP1"
"SNIP1","SNIP1"
"DHX15","SNIP1"
"DDX24","SNIP1"
"RAN","SNIP1"
"H2AFY","SNIP1"
"ILF3","SNIP1"
"CDK6","SNIP1"
"LEMD3","SEC63"
"SEC63","TOR1AIP1"
"RTN4","SEC63"
"ATP2A1","SEC63"
"RAB3B","SEC63"
"ALK","SEC63"
"GBF1","SEC63"
"RNF149","SEC63"
"ENO1","SEC63"
"DNMT1","DNMT3B"
"DNMT1","RB1"
"DNMT1","DNMT1"
"COPS2","DNMT1"
"DNMT1","ENO1"
"DNMT1","SUZ12"
"DNMT1","RIT1"
"DNMT1","SMC5"
"BAG1","RB1"
"DNMT1","RB1"
"RB1","SNW1"
"RB1","RB1"
"CDK6","RB1"
"CHEK2","RB1"
"ENO1","TUBA4A"
"ILF3","TUBA4A"
"SNW1","TUBA4A"
"PRKCZ","TUBA4A"
"BAG1","TUBA4A"
"ADARB1","TUBA4A"
"SMC5","TUBA4A"
"CHERP","SNIP1"
"CHERP","RBFOX2"
"CHERP","SRPK2"
"CHERP","SNW1"
"CHERP","RIT1"
"CHERP","DHX9"
"CHERP","DHX15"
"CHERP","SMC5"
"MAP4K4","NRAS"
"NF2","NRAS"
"NRAS","NRAS"
"GOLGB1","NRAS"
"LEMD3","NRAS"
"NRAS","TOR1AIP1"
"ATP2A1","LEMD3"
"ATP2A1","NUP155"
"ATP2A1","RAB3B"
"ATP2A1","RTN4"
"ATP2A1","SEC63"
"ATP2A1","TOR1AIP1"
"ATP2A1","DDX24"
"ATP2A1","DPF2"
"ATP2A1","SMC5"
"RBM34","RBM4"
"RBM34","SRPK2"
"RBM34","SUZ12"
"ILF3","RBM34"
"MAP4K4","RBM34"
"ADARB1","RBM34"
"RBM34","TLX2"
"ADCK3","RBM34"
"ABCF1","DHX9"
"ABCF1","NUPR1"
"ABCF1","RIT1"
"COPS2","TROVE2"
"DHX9","TROVE2"
"ILF3","TROVE2"
"COPS3","TROVE2"
"H2AFY","TROVE2"
"MBNL1","MYO1B"
"DBN1","MYO1B"
"IFITM1","MYO1B"
"CAPZB","MYO1B"
"MYO1B","SRPK2"
"CHEK2","MYO1B"
"MYO1B","STYK1"
"DDX24","MYO1B"
"PPP2CA","PPP2R2A"
"PPP2R2A","TUBA4A"
"PPP2R2A","PSMD11"
"RTN4","RTN4"
"ILF3","RTN4"
"RTN4","SEC63"
"ATP2A1","RTN4"
"NUP155","RTN4"
"RAB3B","RTN4"
"RAB4A","RTN4"
"IFITM1","RTN4"
"ILF3","RCN2"
"ANKRD28","RCN2"
"PRKCZ","RCN2"
"PRKCZ","PRKCZ"
"PPP2CA","PRKCZ"
"LGALS1","PRKCZ"
"PRKCZ","TUBA4A"
"IRAK1","PRKCZ"
"ACIN1","PTCD3"
"PTCD3","SUZ12"
"PTCD3","ZBTB2"
"PTCD3","TLX2"
"PTCD3","RIT1"
"PTCD3","SRPK2"
"ADCK3","PTCD3"
"CEBPZ","ILF3"
"CEBPZ","ZBTB2"
"CEBPZ","SRPK2"
"ADARB1","CEBPZ"
"CEBPZ","RIT1"
"CEBPZ","CRYAA"
"CEBPZ","NUP43"
"CEBPZ","SMC5"
"COPS2","SIN3A"
"COPS2","COPS3"
"COPS2","COPS2"
"ACIN1","COPS2"
"COPS2","DNMT1"
"COPS2","PSMD11"
"COPS2","TCEB2"
"COPS2","WDTC1"
"COPS2","RIT1"
"CAPZB","COPS2"
"COPS2","H2AFY"
"COPS2","ENO1"
"SIN3A","SMARCA2"
"RAN","SMARCA2"
"DPF2","SMARCA2"
"RB1","SMARCA2"
"ADCK3","SMARCA2"
"SMARCA2","SUZ12"
"DDIT3","SMARCA2"
"HNF1B","SMARCA2"
"SMARCA2","SNIP1"
"ITGA4","KRT1"
"DDX24","KRT1"
"GBF1","VCL"
"CDK6","GBF1"
"GBF1","SEC63"
"GBF1","SRPK2"
"GBF1","RAB3B"
"GBF1","GPR182"
"GBF1","RHOF"
"BAG1","GBF1"
"ENO1","GBF1"
"LSG1","SEC63"
"ATP2A1","LSG1"
"LSG1","NUP155"
"LSG1","NRP1"
"ALK","LSG1"
"IKZF1","SIN3A"
"IKZF1","SNW1"
"IKZF1","WDTC1"
"IKZF1","TCEB2"
"IKZF1","ILF3"
"ACIN1","IKZF1"
"ENO1","IKZF1"
"DHX9","IKZF1"
"MACF1","SRPK2"
"MACF1","NUPR1"
"MACF1","VCL"
"ZMYM2","ZMYM2"
"H2AFY","ZMYM2"
"CRYAA","ZMYM2"
"SIN3A","ZMYM2"
"NUP43","ZMYM2"
"SMC5","ZMYM2"
"TSG101","TSG101"
"NF2","TSG101"
"IFITM1","TSG101"
"VCL","VCL"
"CAPZB","VCL"
"GBF1","VCL"
"ITGA4","VCL"
"RNF149","VCL"
"PUM1","YTHDF2"
"PUM1","YTHDF3"
"ITGA4","PUM1"
"PUM1","RBFOX2"
"CAPZB","PUM1"
"PUM1","SMC5"
"ATP2A1","DPF2"
"COPS3","DPF2"
"DPF2","PPP2CA"
"DDIT3","DPF2"
"DPF2","H2AFY"
"DPF2","HNF1B"
"DPF2","TLX2"
"LEMD3","NRAS"
"LEMD3","SEC63"
"ATP2A1","LEMD3"
"LEMD3","NUP155"
"LEMD3","RAB3B"
"LEMD3","RAB4A"
"ALK","LEMD3"
"LEMD3","RHOF"
"ILF3","LEMD3"
"LEMD3","STYK1"
"LEMD3","SMC5"
"NUPR1","YLPM1"
"ILF3","YLPM1"
"TSG101","YLPM1"
"SMC5","YLPM1"
"CDK12","MAP4K4"
"CDK12","SRPK2"
"CDK12","SNW1"
"ADARB1","CDK12"
"CDK12","RIT1"
"CDK12","NUP43"
"CDK12","SMC5"
"ATP2B1","NRAS"
"ATP2A1","ATP2B1"
"ATP2B1","RAB3B"
"ATP2B1","RAB4A"
"ATP2B1","GPR182"
"ATP2B1","RHOF"
"ATP2B1","GBF1"
"ALK","ATP2B1"
"GOLGB1","RAB3B"
"LEMD3","RAB3B"
"RAB3B","RTN4"
"RAB3B","SEC63"
"RAB3B","TOR1AIP1"
"GBF1","RAB3B"
"ATP2A1","RAB3B"
"GPR182","RAB3B"
"NRP1","RAB3B"
"YTHDF2","YTHDF3"
"RBFOX2","YTHDF3"
"NRP1","YTHDF3"
"IFITM1","YTHDF3"
"SMC5","YTHDF3"
"DDX20","DHX9"
"DDX20","RIT1"
"ENO1","POLR1A"
"NUPR1","POLR1A"
"NRP1","POLR1A"
"POLR1A","RIT1"
"CAPZB","POLR1A"
"ATP6V1A","VCL"
"ATP6V1A","DBN1"
"ATP6V1A","NUPR1"
"ATP6V1A","IFITM1"
"ATP6V1A","RIT1"
"ATP6V1A","RNF149"
"GOLGB1","GOLGB1"
"GOLGB1","NRAS"
"GOLGB1","NUP155"
"GOLGB1","RAB3B"
"GOLGB1","RAB4A"
"GOLGB1","NRP1"
"GOLGB1","IFITM1"
"GOLGB1","RHOF"
"HERC5","TCEB2"
"HERC5","RAN"
"HERC5","ILF3"
"HERC5","RBM4"
"RBFOX2","RBFOX2"
"MBNL1","RBFOX2"
"CHERP","RBFOX2"
"RBFOX2","SNW1"
"RBFOX2","YTHDF3"
"ADARB1","RBFOX2"
"TOMM22","TUBA4A"
"PRKACA","TOMM22"
"ILF3","TOMM22"
"NRP1","TOMM22"
"IFITM1","TOMM22"
"RIT1","TOMM22"
"DLG5","GBF1"
"DLG5","NRP1"
"DLG5","RHOF"
"DLG5","RIT1"
"DLG5","STYK1"
"IRAK1","PRKCZ"
"IRAK1","IRAK1"
"IRAK1","PPP2CA"
"ADCK3","IRAK1"
"IRAK1","NUP155"
"FKBP5","IRAK1"
"IRAK1","YTHDF2"
"ALK","LEMD3"
"ALK","NUP155"
"ALK","SEC63"
"ALK","NRP1"
"ALK","ALK"
"ALK","MAP4K4"
"ALK","SMC5"
"PRKCSH","TUBA4A"
"PRKCSH","PRKCZ"
"PRKCSH","RNF149"
"SREK1","SRPK2"
"NUP43","SREK1"
"SMC5","SREK1"
"DDX24","KRT14"
"IFITM1","IFITM1"
"IFITM1","YTHDF3"
"IFITM1","RTN4"
"GOLGB1","IFITM1"
"IFITM1","TSG101"
"IFITM1","YTHDF2"
"DHX9","LRRFIP1"
"DBN1","LRRFIP1"
"LRRFIP1","NUPR1"
"CAPZB","LRRFIP1"
"H2AFY","LRRFIP1"
"LRRFIP1","TSG101"
"ILF3","TRIP4"
"DDX24","TRIP4"
"DHX9","TRIP4"
"TRIP4","TUBA4A"
"DHX15","TRIP4"
"TCEB2","TRIP4"
"ADARB1","TCF20"
"SIN3A","TCF20"
"TCF20","ZBTB2"
"TCF20","TLX2"
"NUP43","TCF20"
"SMC5","TCF20"
"RBM4","TEX10"
"ILF3","TEX10"
"TEX10","ZBTB2"
"RHOF","TEX10"
"RIT1","TEX10"
"NUP43","TEX10"
"SUZ12","ZNF281"
"HNF1B","ZNF281"
"TLX2","ZNF281"
"CAPZB","ZNF281"
"NUP43","ZNF281"
"SMC5","ZNF281"
"HIST1H2BL","RAN"
"HIST1H2BL","ITGA4"
"ADARB1","HIST1H2BL"
"HIST1H2BL","SMC5"
"CDK6","RB1"
"CDK6","SNIP1"
"CDK6","DDIT3"
"CDK6","CDK6"
"CDK6","FKBP5"
"CDK6","PPP2CA"
"CDK6","GBF1"
"CDK6","NF2"
"CDK6","NUPR1"
"DNMT1","HELLS"
"DNMT3B","HELLS"
"H2AFY","HELLS"
"HELLS","SNW1"
"GPR182","HELLS"
"HELLS","RHOF"
"HELLS","SMC5"
"CHD8","DNMT3B"
"CHD8","SNW1"
"CHD8","SUZ12"
"CHD8","H2AFY"
"CHD8","GBF1"
"ADARB1","CHD8"
"CHD8","NUP43"
"CHD8","SMC5"
"NUP43","PELO"
"ITGA4","PELO"
"CCNK","SMC5"
"CCNK","EYA4"
"FERMT2","VCL"
"FERMT2","NRAS"
"FERMT2","GBF1"
"FERMT2","PRKACA"
"FERMT2","RHOF"
"ITGA4","LGALS1"
"DBN1","LGALS1"
"LGALS1","PRKCZ"
"FKBP5","LGALS1"
"LGALS1","NUP43"
"LGALS1","WDTC1"
"LCOR","SUZ12"
"DNMT1","LCOR"
"LCOR","NUP43"
"NRP1","NRP1"
"NRP1","RAB3B"
"NRP1","RAB4A"
"NRP1","YTHDF3"
"NF2","NRP1"
"GOLGB1","NRP1"
"NRP1","RBM4"
"ACIN1","NRP1"
"NRP1","YTHDF2"
"ALK","NRP1"
"DPF2","NFATC1"
"PFAS","VCL"
"CHERP","PFAS"
"PFAS","RIT1"
"BAG1","PFAS"
"PFAS","WDTC1"
"ANKRD28","ANKRD28"
"ANKRD28","GPR182"
"ANKRD28","NUP43"
"RIT1","ZCCHC8"
"DHX9","ZCCHC8"
"DNMT3B","UGGT1"
"DPF2","UGGT1"
"NUPR1","UGGT1"
"RAN","UGGT1"
"RNF149","UGGT1"
"TCEB2","TET2"
"ENO1","TET2"
"SNIP1","TET2"
"HNF1B","TET2"
"EYA4","TET2"
"DPF2","PLOD3"
"NUPR1","PLOD3"
"DHX9","MBNL1"
"H2AFY","MBNL1"
"ITGA4","MBNL1"
"MBNL1","RBFOX2"
"BAG1","MBNL1"
"CAPZB","MBNL1"
"MBNL1","SMC5"
"RBFOX2","UBAP2"
"GBF1","UBAP2"
"PPP2CA","UBAP2"
"UBAP2","YTHDF2"
"UBAP2","YTHDF3"
"BAG1","UBAP2"
"SMC5","UBAP2"
"CDKN2AIP","SNW1"
"CDKN2AIP","NUP43"
"CDKN2AIP","SMC5"
"CDKN2AIP","ILF3"
"CDKN2AIP","EYA4"
"PHF3","SMC5"
"GAB1","NRAS"
"GAB1","RHOF"
"ALK","GAB1"
"GAB1","STYK1"
"EYA4","PFDN2"
"PFDN2","TUBA4A"
"PFDN2","RIT1"
"CAPZB","PFDN2"
"NUP43","PFDN2"
"PFDN2","WDTC1"
"PFDN2","RNF149"
"PSMD11","PTPN6"
"FHL3","PTPN6"
"GBF1","PTPN6"
"STYK1","STYK1"
"DBN1","STYK1"
"MAP4K4","STYK1"
"LEMD3","STYK1"
"NUP155","STYK1"
"LGALS1","SLC9A1"
"ENO1","SLC9A1"
"MAP4K4","SLC9A1"
"NRAS","SLC9A1"
"ATP2A1","SLC9A1"
"RHOF","SLC9A1"
"CLIC1","ENO1"
"CLIC1","ITGA4"
"CLIC1","HNF1B"
"CLIC1","NUPR1"
"BAG1","CLIC1"
"ADCK3","ADCK3"
"ADCK3","TCEB2"
"ADCK3","SIN3A"
"ADCK3","IRAK1"
"MTPAP","NF2"
"LGALS8","MTPAP"
"GPR182","MTPAP"
"MTPAP","RHOF"
"PLXNB2","YTHDF2"
"ATP2A1","PLXNB2"
"LGALS1","PLXNB2"
"PLXNB2","RNF149"
"PLXNB2","RHOF"
"CDC40","SNW1"
"CDC40","SUZ12"
"CDC40","SNIP1"
"CDC40","NUPR1"
"CAPZB","CDC40"
"CDC40","CRYAA"
"RTN4","TMEM43"
"RNF149","TMEM43"
"ALK","TMEM43"
"STYK1","ULK1"
"IPO11","RAN"
"IPO11","NUP155"
"GPR182","IPO11"
"FMNL2","MAP4K4"
"FMNL2","NUPR1"
"CAPZB","ZC3H15"
"SMC5","ZC3H15"
"ENO1","ZC3H15"
"EPS15","ITGA4"
"DBN1","EPS15"
"ETF1","PPP2CA"
"ETF1","RHOF"
"ETF1","RIT1"
"DPF2","EPAS1"
"EPAS1","SIN3A"
"EPAS1","TCEB2"
"EPAS1","YTHDF2"
"DDIT3","EPAS1"
"CFL2","DBN1"
"CFL2","NUPR1"
"CFL2","RHOF"
"CAPZB","CFL2"
"BAG1","CFL2"
"CFL2","SMC5"
"ARL6IP5","RTN4"
"ARL6IP5","NRAS"
"ARL6IP5","ATP2A1"
"ARL6IP5","RHOF"
"PPP2CA","STRN"
"MAP4K4","STRN"
"CAPZB","STRN"
"RTN4","STRN"
"H2AFY","PHF14"
"PHF14","SUZ12"
"PHF14","ZBTB2"
"ADARB1","PHF14"
"PHF14","SMC5"
"EYA4","EYA4"
"EYA4","FHL3"
"EYA4","NUP155"
"EYA4","RBM4"
"EYA4","HNF1B"
"CRYAA","EYA4"
"FAM171A1","LGALS1"
"FAM171A1","RHOF"
"ALK","FAM171A1"
"FAM171A1","STYK1"
"DHX9","WRN"
"CHEK2","WRN"
"ILF3","WRN"
"ADARB1","WRN"
"NUP43","WRN"
"FHL3","FHL3"
"FHL3","SNW1"
"CHEK2","FHL3"
"FHL3","SUZ12"
"EYA4","FHL3"
"CAPZB","FHL3"
"DPF2","TLX2"
"DDX24","TLX2"
"DBN1","TLX2"
"HNF1B","TLX2"
"ANKS1A","RB1"
"NES","NUPR1"
"POLH","TUBA4A"
"HNF1B","POLH"
"ADARB1","POLH"
"NUP43","POLH"
"POLH","SMC5"
"RB1","TCF3"
"EYA4","TCF3"
"SEC63","YME1L1"
"ADCK3","YME1L1"
"HNF1B","HNF1B"
"EYA4","HNF1B"
"DPF2","HNF1B"
"HNF1B","TLX2"
"ACTR1B","CAPZB"
"ADARB1","SPATS2L"
"ILF3","SPATS2L"
"RBFOX2","SPATS2L"
"EYA4","SPATS2L"
"PRKCZ","RIPK1"
"FHL3","WNK1"
"VCL","WNK1"
"BAG1","WNK1"
"MEF2D","PRKACA"
"CDK6","MEF2D"
"HNF1B","MEF2D"
"MEF2D","SMC5"
"DBN1","FHL1"
"CHEK2","FHL1"
"ENO1","FHL1"
"FHL1","RNF149"
"DPF2","NAF1"
"NAF1","RBFOX2"
"HIST1H4H","ITGA4"
"HIST1H4H","SMC5"
"HIST1H4H","ILF3"
"SIN3A","TBL1X"
"HNF1B","TBL1X"
"TBL1X","TLX2"
"NRAS","PAPOLA"
"DPF2","LCP1"
"LCP1","NRAS"
"LCP1","MBNL1"
"CDK6","CDKN2C"
"CDKN2C","PPP2CA"
"CDKN2C","NF2"
"HMGXB4","SUZ12"
"HMGXB4","SIN3A"
"HMGXB4","SRPK2"
"DPF2","HMGXB4"
"HMGXB4","SMC5"
"NRAS","SLC38A1"
"RAB3B","SLC38A1"
"RAB4A","SLC38A1"
"RHOF","SLC38A1"
"SLC38A1","STYK1"
"EPHA5","MAP4K4"
"EPHA5","NUP155"
"EIF2B1","RIT1"
"CAPZB","EIF2B1"
"DHX9","UBN1"
"HNF1B","UBN1"
"SMC5","UBN1"
"MBNL1","RBM47"
"RBM47","YTHDF2"
"RBM47","YTHDF3"
"RBM47","SEC63"
"CTTNBP2NL","PPP2CA"
"ANKRD28","CTTNBP2NL"
"CTTNBP2NL","MAP4K4"
"RBM23","TUBA4A"
"CHERP","RBM23"
"RBM23","RBM4"
"RBFOX2","RBM23"
"RBM23","SRPK2"
"CDK6","RBM23"
"GBF1","ZBTB33"
"CAPZB","ZBTB33"
"ADARB1","ZBTB33"
"SMC5","ZBTB33"
"DNMT1","ZBTB33"
"DNMT3B","ZBTB33"
"BCL11A","SUZ12"
"BCL11A","SIN3A"
"BCL11A","CDK6"
"BCL11A","ZBTB2"
"AHR","RB1"
"ILF3","MINA"
"IFITM1","VPS16"
"ITGA4","LGALS8"
"LGALS8","NUPR1"
"H2AFY","HIST1H3F"
"HIST1H3F","ITGA4"
"HIST1H3F","RAB3B"
"DBN1","STAT5B"
"SGTA","SMC5"
"NRP1","SGTA"
"CAPZB","RNF138"
"RBM4","RNF138"
"GPR182","NCAPG2"
"NCAPG2","RIT1"
"FKBP5","NCAPG2"
"SNW1","TSSC4"
"NRAS","SLC39A6"
"RAB4A","SLC39A6"
"GPR182","SLC39A6"
"RHOF","SLC39A6"
"RNF149","SLC39A6"
"ITGA4","PON2"
"PON2","RNF149"
"CGN","DBN1"
"AKAP11","PRKACA"
"APLP2","NRAS"
"APLP2","RNF149"
"CABIN1","SIN3A"
"CABIN1","HNF1B"
"CABIN1","CAPZB"
"ITGA4","PTPRK"
"PSMD11","PTPRK"
"LGALS8","PTPRK"
"LGALS1","PTPRK"
"FHL3","SH3GLB2"
"SH3GLB2","TSG101"
"MBNL1","SH3GLB2"
"EYA4","GPHN"
"ADCK3","PNPLA6"
"POLR3B","RIT1"
"FKBP5","POLR3B"
"KRT15","TSG101"
"SOCS2","TCEB2"
"COPS2","SOCS2"
"COPS3","SOCS2"
"RTN4","SOCS2"
"SOCS2","WDTC1"
"CAPZB","MPP5"
"PIGH","SEC63"
"LEMD3","PIGH"
"IFITM1","PIGH"
"SNW1","UBA5"
"GBF1","UBA5"
"ILF3","QSOX2"
"GPR182","QSOX2"
"RIT1","TOP3A"
"NUP43","ZDBF2"
"SMC5","ZDBF2"
"CHD6","TLX2"
"CHD6","NUP43"
"GABPA","TCEB2"
"GABPA","NUP43"
"LGALS8","SORL1"
"LGALS1","SORL1"
"GBF1","GOLGA1"
"GOLGA1","GOLGB1"
"ANKRD28","GOLGA1"
"ENO1","TRIM65"
"CCNT2","RB1"
"CCNT2","CDK6"
"CCNT2","NUP43"
"CNOT7","TSG101"
"CNOT7","FHL3"
"CNOT7","YTHDF2"
"CAPZB","CNOT7"
"CNOT7","YTHDF3"
"CAMKK2","IRAK1"
"CAMKK2","YTHDF3"
"CAMKK2","PRKACA"
"CAMKK2","FKBP5"
"CAMKK2","CRYAA"
"ARID4A","RB1"
"ARID4A","SIN3A"
"ARID4A","H2AFY"
"ARID4A","NUP43"
"ARID4A","SMC5"
"GNA13","PRKACA"
"KIF16B","NUP155"
"KIF16B","RAB4A"
"IFITM1","KIF16B"
"IQSEC1","IRAK1"
"ANKRD28","IQSEC1"
"ADARB1","CD97"
"CD97","NRAS"
"CD97","RHOF"
"DDIT3","TLK2"
"JAG2","LGALS1"
"GTF2IRD1","ZMYM2"
"GTF2IRD1","TOR1AIP1"
"GTF2IRD1","LGALS8"
"DNMT3B","TSC22D1"
"TCEB2","TSC22D1"
"ADCK3","ARHGAP36"
"ARHGAP36","PRKACA"
"ARHGAP36","RBFOX2"
"CARD10","DBN1"
"DHX9","PARS2"
"ILF3","PARS2"
"PARS2","RIT1"
"CAPZB","PARS2"
"NUFIP1","RAB3B"
"CAPZB","MYL9"
"CDK6","HGF"
"HGF","NF2"
"CYR61","RAB4A"
"FHL3","MSRB3"
"MSRB3","NUP43"
"MSRB3","WDTC1"
"ADARB1","ZNF483"
"CAPZB","DCTN3"
"ANKRD50","SNIP1"
"ANKRD50","NRAS"
"ANKRD28","ANKRD50"
"ANKRD50","RHOF"
"ANKRD50","CAPZB"
"CHEK2","PPM1D"
"PDE3A","TOR1AIP1"
"PDE3A","PRKACA"
"LTBR","MAP4K4"
"MDK","SIN3A"
"ALK","MDK"
"MDK","SRPK2"
"MDK","SMC5"
"CCDC93","GOLGB1"
"CAPZB","CCDC93"
"H2AFY","TRIB2"
"FES","FKBP5"
"GPRC5B","SEC63"
"GPRC5B","TSG101"
"ACIN1","GOLGA7"
"GOLGA7","H2AFY"
"GOLGA7","NRAS"
"GOLGA7","NUPR1"
"BAZ2B","NUP43"
"BAZ2B","SMC5"
"ATP2A1","LRIG2"
"EYA4","LRIG2"
"AKT3","PRKCZ"
"AKT3","FKBP5"
"AKT3","CAPZB"
"AKT3","PPP2CA"
"AKT3","CRYAA"
"ACTG2","ADARB1"
"NUP43","ZNF711"
"SMC5","ZNF711"
"CHERP","ZNF827"
"BACH2","DDIT3"
"CELF2","TCEB2"
"FHL3","NFKBIB"
"FKBP5","NFKBIB"
"NRAS","SEMA6A"
"CD47","LGALS8"
"ALK","CD47"
"DTNBP1","PPP2CA"
"DDIT3","HSF2"
"HSF2","NUP43"
"NPEPL1","RB1"
"NHSL1","PPP2CA"
"FKBP5","NR3C2"
"GOLGB1","TMED5"
"GPR182","TMED5"
"MSL2","NUP43"
"NRAS","TMEM55B"
"IFITM1","TMEM55B"
"DNAJB5","FKBP5"
"MPP6","NF2"
"MPP6","RNF149"
"ATG14","MAP4K4"
"ATG14","STYK1"
"ATG14","CAPZB"
"GALNT12","RB1"
"GBF1","WDR45"
"RAB4A","WDR45"
"RHOF","WDR45"
"KIAA0754","NRAS"
"KIAA0754","RHOF"
"FHL3","WDR25"
"RIT1","WDR25"
"EYA4","WDR25"
"CAPZB","CKMT2"
"CDK6","LPIN1"
"LPIN1","WDTC1"
"ATP2A1","GLB1L2"
"GBF1","XBP1"
"IFITM1","PSTPIP2"
"ATP2B3","LGALS8"
"NUPR1","UBTD1"
"PAX5","RB1"
"SIN3A","ZDHHC18"
"NRAS","ZDHHC18"
"ARHGEF4","TOR1AIP1"
"IFRD1","SMC5"
"IL1R1","IRAK1"
"NMT2","PRKCZ"
"DCK","GPR182"
"CRYAA","DCK"
"FEM1B","TCEB2"
"COPS2","FEM1B"
"COPS3","FEM1B"
"IRAK1","TLR4"
"PRKCZ","TLR4"
"H2AFY","HIST1H2BE"
"HIST1H2BE","ITGA4"
"ANKRD28","TNFSF14"
"LGALS1","VCAN"
"PPP2CA","PPP2R3C"
"PPP2R3C","RB1"
"NF2","PPP2R3C"
"ENOX2","SRPK2"
"ENOX2","VCL"
"EYA4","ZNF503"
"ACVR2B","RNF149"
"AFAP1L2","NRAS"
"ABCA1","COPS2"
"COPS2","SEPHS1"
"ASB7","TCEB2"
"ASB7","VCL"
"SUZ12","VGF"
"ALK","VGF"
"LGALS1","PECAM1"
"NRAS","PCDH9"
"LGALS1","PCDH9"
"ISCA1","RIT1"
"COPS2","KLHL4"
"COPS3","KLHL4"
"ENO1","KLHL4"
"PBX3","SIN3A"
"ADCK3","PBX3"
"IL27RA","NRP1"
"IL27RA","ILF3"
"CDK6","USP51"
"PRKACA","WASF1"
"EYA4","RFX7"
"MUC4","SUZ12"
"ENO1","MT3"
"FAM129A","IFITM1"
"GPR182","TMEM11"
"DNAJB8","FKBP5"
"CCR4","RTN4"
"IGJ","SNW1"
"RNF149","TPCN2"
"PDGFRL","ZMYM2"
"ANKRD28","PDGFRL"
"MTSS1","PSMD11"
"GPR182","SEL1L3"
"LGALS1","MUC16"
"MAPKAPK3","SRPK2"
"IL1RAP","IRAK1"
"GLP1R","RTN4"
"CRYAA","SESN2"
"ALK","PDX1"
"FHL3","PRR5L"
"MC1R","NF2"
"ADCK3","TMEM159"
"ANKRD28","ZNF276"
"CAPZB","FYB"
"FYB","NRAS"
"LRRC58","TCEB2"
"PCDHB7","RNF149"
"DNMT1","SFRP1"
"CD2","LGALS1"
"H2AFY","HSD3B2"
"COPS3","PHYH"
"PRKACA","RGS13"
"SRPK2","STON1"
"FCHSD1","MBNL1"
"DDIT3","TXNDC2"
"BSDC1","NRAS"
"ENO1","TOMM40L"
"ABCA3","RNF149"
"LGALS1","TYW3"
"MEIS1","TLX2"
"ZBTB12","ZMYM2"
"TCEB2","ZSWIM6"
"ST8SIA1","ZMYM2"
"GUCY1B2","TSG101"
"FNDC7","SNIP1"
"RAN","SYTL2"
"DBN1","SCN11A"
"MDFIC","RHOF"
"NRAS","PCDH18"
"RAN","SQLE"
"GAD2","PRKACA"
"IFITM1","PRRT2"
"BAALC","CHEK2"
"SLC17A6","SRPK2"
"RAN","TMEM194B"
"CDH12","CHEK2"
"MPZ","NRAS"
"RAB4A","SLC9A7"
