"from","to"
"ILF3","TUBA4A"
"SNW1","TUBA4A"
"PRKCZ","TUBA4A"
"BAG1","TUBA4A"
"ADARB1","TUBA4A"
"SMC5","TUBA4A"
"NUP43","PELO"
"ITGA4","PELO"
"ANKRD28","ANKRD28"
"ANKRD28","GPR182"
"ANKRD28","NUP43"
"ADCK3","ADCK3"
"ADCK3","TCEB2"
"ADCK3","SIN3A"
"ADCK3","IRAK1"
"ARL6IP5","RTN4"
"ARL6IP5","NRAS"
"ARL6IP5","ATP2A1"
"ARL6IP5","RHOF"
"CLIC1","ITGA4"
"CLIC1","HNF1B"
"CLIC1","NUPR1"
"BAG1","CLIC1"
"DPF2","LCP1"
"LCP1","NRAS"
"LCP1","MBNL1"
"ILF3","MINA"
"CAPZB","RNF138"
"RBM4","RNF138"
"CABIN1","SIN3A"
"CABIN1","HNF1B"
"CABIN1","CAPZB"
"ADARB1","CD97"
"CD97","NRAS"
"CD97","RHOF"
"CAPZB","MYL9"
"MDK","SIN3A"
"MDK","SRPK2"
"MDK","SMC5"
"ISCA1","RIT1"
"CCR4","RTN4"
"IGJ","SNW1"
"GPR182","TMEM11"
"MAPKAPK3","SRPK2"
"LRRC58","TCEB2"
"FHL3","PRR5L"
"BAALC","CHEK2"
"RAN","TMEM194B"
"COPS2","SIN3A"
"COPS2","COPS3"
"COPS2","COPS2"
"ACIN1","COPS2"
"COPS2","DNMT1"
"COPS2","TCEB2"
"COPS2","WDTC1"
"COPS2","RIT1"
"CAPZB","COPS2"
"COPS2","H2AFY"
"DHX9","ILF3"
"DHX9","RBM4"
"DHX9","DNMT3B"
"CHERP","DHX9"
"DHX9","MBNL1"
"ACIN1","DHX9"
"DHX9","SUZ12"
"DHX9","SNW1"
"CHEK2","DHX9"
"DHX9","NUPR1"
"DHX9","ZBTB2"
"DHX9","RIT1"
"CAPZB","DHX9"
"BAG1","DHX9"
"DHX9","SMC5"
"NUPR1","RAN"
"ACIN1","NUPR1"
"CAPZB","NUPR1"
"CDK6","NUPR1"
"DBN1","NUPR1"
"DHX15","NUPR1"
"DHX9","NUPR1"
"H2AFY","NUPR1"
"ILF3","NUPR1"
"LGALS8","NUPR1"
"NF2","NUPR1"
"NUP155","NUPR1"
"NUP43","NUPR1"
"NUPR1","RBM4"
"NF2","RIT1"
"ILF3","RIT1"
"NUP43","RIT1"
"RIT1","RIT1"
"CHERP","RIT1"
"CAPZB","RIT1"
"COPS2","RIT1"
"DHX15","RIT1"
"DHX9","RIT1"
"DNMT1","RIT1"
"RIT1","TCEB2"
"NUP155","RIT1"
"RIT1","SRPK2"
"DHX15","SNW1"
"CAPZB","DHX15"
"DHX15","RAN"
"DHX15","ILF3"
"DHX15","TCEB2"
"CHERP","DHX15"
"ACIN1","DHX15"
"DHX15","ITGA4"
"DHX15","SRPK2"
"DHX15","NF2"
"DHX15","SNIP1"
"DHX15","NUPR1"
"DHX15","RIT1"
"BAG1","DHX15"
"DHX15","SMC5"
"SUZ12","SUZ12"
"DNMT1","SUZ12"
"ILF3","SUZ12"
"ACIN1","SUZ12"
"H2AFY","SUZ12"
"DHX9","SUZ12"
"DBN1","SUZ12"
"RAN","SUZ12"
"RBM4","SUZ12"
"SNW1","SUZ12"
"FHL3","SUZ12"
"DNMT3B","SUZ12"
"SUZ12","TCEB2"
"SIN3A","SUZ12"
"SUZ12","ZBTB2"
"CHERP","SNIP1"
"SNIP1","SNW1"
"SNIP1","SRPK2"
"ACIN1","SNIP1"
"SNIP1","SNIP1"
"DHX15","SNIP1"
"DDX24","SNIP1"
"RAN","SNIP1"
"H2AFY","SNIP1"
"ILF3","SNIP1"
"CDK6","SNIP1"
"NRP1","NRP1"
"NRP1","RAB3B"
"NRP1","RAB4A"
"NRP1","YTHDF3"
"NF2","NRP1"
"GOLGB1","NRP1"
"NRP1","RBM4"
"ACIN1","NRP1"
"NRP1","YTHDF2"
"ADARB1","ADARB1"
"ADARB1","SRPK2"
"ADARB1","DDX24"
"ADARB1","RBFOX2"
"ACIN1","ADARB1"
"ADARB1","ILF3"
"ADARB1","SNW1"
"ADARB1","H2AFY"
"ADARB1","RAN"
"ADARB1","SIN3A"
"SMC5","SMC5"
"SMC5","ZMYM2"
"DHX9","SMC5"
"ACIN1","SMC5"
"DDX24","SMC5"
"SMC5","SNW1"
"CHERP","SMC5"
"DHX15","SMC5"
"SMC5","YTHDF2"
"ATP2A1","SMC5"
"RBM4","SMC5"
"H2AFY","SMC5"
"ILF3","SMC5"
"LEMD3","SMC5"
"DNMT1","SMC5"
"RAN","SMC5"
"MBNL1","SMC5"
"SMC5","YTHDF3"
"DBN1","SMC5"
"DDX24","DDX24"
"DBN1","DDX24"
"CAPZB","DDX24"
"DDX24","RBM4"
"DDX24","SNIP1"
"ATP2A1","DDX24"
"DDX24","ZBTB2"
"DDX24","SRPK2"
"ADARB1","DDX24"
"DDX24","TLX2"
"DDX24","NUP43"
"DDX24","SMC5"
"RBFOX2","RBFOX2"
"MBNL1","RBFOX2"
"CHERP","RBFOX2"
"RBFOX2","SNW1"
"RBFOX2","YTHDF3"
"ADARB1","RBFOX2"
"ACIN1","DHX9"
"ACIN1","DHX15"
"ACIN1","SRPK2"
"ACIN1","SUZ12"
"ACIN1","SNIP1"
"ACIN1","SNW1"
"ACIN1","NUPR1"
"ACIN1","ZBTB2"
"ACIN1","NRP1"
"ACIN1","COPS2"
"ACIN1","ADARB1"
"ACIN1","NUP43"
"ACIN1","SMC5"
"ILF3","RTN4"
"ADARB1","ILF3"
"ILF3","SRPK2"
"DHX9","ILF3"
"ILF3","LEMD3"
"ILF3","ITGA4"
"ILF3","SUZ12"
"ILF3","SNIP1"
"ILF3","NUPR1"
"ILF3","ZBTB2"
"ILF3","RIT1"
"BAG1","ILF3"
"DHX15","ILF3"
"ILF3","SMC5"
"RAN","SIN3A"
"COPS2","SIN3A"
"SIN3A","SUZ12"
"SIN3A","ZMYM2"
"DNMT3B","SIN3A"
"SIN3A","SNW1"
"H2AFY","SIN3A"
"ADCK3","SIN3A"
"ADARB1","SIN3A"
"IRAK1","PRKCZ"
"IRAK1","IRAK1"
"IRAK1","PPP2CA"
"ADCK3","IRAK1"
"IRAK1","NUP155"
"FKBP5","IRAK1"
"IRAK1","YTHDF2"
"MAP4K4","NRAS"
"NF2","NRAS"
"NRAS","NRAS"
"GOLGB1","NRAS"
"LEMD3","NRAS"
"PRKCZ","PRKCZ"
"PPP2CA","PRKCZ"
"IRAK1","PRKCZ"
"CDK6","PPP2CA"
"IRAK1","PPP2CA"
"CHEK2","PPP2CA"
"PPP2CA","PRKCZ"
"MAP4K4","PPP2CA"
"ITGA4","PPP2CA"
"DPF2","PPP2CA"
"LEMD3","NRAS"
"ATP2A1","LEMD3"
"LEMD3","NUP155"
"LEMD3","RAB3B"
"LEMD3","RAB4A"
"LEMD3","RHOF"
"ILF3","LEMD3"
"LEMD3","STYK1"
"LEMD3","SMC5"
"GOLGB1","NUP155"
"LEMD3","NUP155"
"IRAK1","NUP155"
"NUP155","RTN4"
"NUP155","SNW1"
"EYA4","NUP155"
"NUP155","NUPR1"
"ATP2A1","NUP155"
"NUP155","RHOF"
"NUP155","RIT1"
"NUP155","RAN"
"NUP155","STYK1"
"NUP155","RNF149"
"RTN4","RTN4"
"ILF3","RTN4"
"ATP2A1","RTN4"
"NUP155","RTN4"
"RAB3B","RTN4"
"RAB4A","RTN4"
"IFITM1","RTN4"
"ATP2A1","LEMD3"
"ATP2A1","NUP155"
"ATP2A1","RAB3B"
"ATP2A1","RTN4"
"ATP2A1","DDX24"
"ATP2A1","DPF2"
"ATP2A1","SMC5"
"VCL","VCL"
"CAPZB","VCL"
"GBF1","VCL"
"ITGA4","VCL"
"RNF149","VCL"
"STYK1","STYK1"
"DBN1","STYK1"
"MAP4K4","STYK1"
"LEMD3","STYK1"
"NUP155","STYK1"
"GOLGB1","RAB3B"
"LEMD3","RAB3B"
"RAB3B","RTN4"
"GBF1","RAB3B"
"ATP2A1","RAB3B"
"GPR182","RAB3B"
"NRP1","RAB3B"
"ATP2A1","DPF2"
"COPS3","DPF2"
"DPF2","PPP2CA"
"DDIT3","DPF2"
"DPF2","H2AFY"
"DPF2","HNF1B"
"DPF2","TLX2"
"GBF1","VCL"
"CDK6","GBF1"
"GBF1","SRPK2"
"GBF1","RAB3B"
"GBF1","GPR182"
"GBF1","RHOF"
"BAG1","GBF1"
"ITGA4","LGALS8"
"LGALS8","NUPR1"
"CAPZB","DBN1"
"DBN1","NF2"
"DBN1","SUZ12"
"DBN1","NUPR1"
"DBN1","TLX2"
"DBN1","STYK1"
"DBN1","DDX24"
"DBN1","SMC5"
"IFITM1","IFITM1"
"IFITM1","YTHDF3"
"IFITM1","RTN4"
"GOLGB1","IFITM1"
"IFITM1","TSG101"
"IFITM1","YTHDF2"
"CDK6","SNIP1"
"CDK6","DDIT3"
"CDK6","CDK6"
"CDK6","FKBP5"
"CDK6","PPP2CA"
"CDK6","GBF1"
"CDK6","NF2"
"CDK6","NUPR1"
"HNF1B","HNF1B"
"EYA4","HNF1B"
"DPF2","HNF1B"
"HNF1B","TLX2"
"YTHDF2","YTHDF3"
"RBFOX2","YTHDF3"
"NRP1","YTHDF3"
"IFITM1","YTHDF3"
"SMC5","YTHDF3"
"GOLGB1","GOLGB1"
"GOLGB1","NRAS"
"GOLGB1","NUP155"
"GOLGB1","RAB3B"
"GOLGB1","RAB4A"
"GOLGB1","NRP1"
"GOLGB1","IFITM1"
"GOLGB1","RHOF"
"EYA4","EYA4"
"EYA4","FHL3"
"EYA4","NUP155"
"EYA4","RBM4"
"EYA4","HNF1B"
"CRYAA","EYA4"
"DPF2","TLX2"
"DDX24","TLX2"
"DBN1","TLX2"
"HNF1B","TLX2"
"ITGA4","RBM4"
"ITGA4","RAN"
"ITGA4","MBNL1"
"ITGA4","ITGA4"
"DHX15","ITGA4"
"ILF3","ITGA4"
"CAPZB","ITGA4"
"ITGA4","PPP2CA"
"ITGA4","VCL"
"ITGA4","LGALS8"
"TSG101","TSG101"
"NF2","TSG101"
"IFITM1","TSG101"
"FHL3","FHL3"
"FHL3","SNW1"
"CHEK2","FHL3"
"FHL3","SUZ12"
"EYA4","FHL3"
"CAPZB","FHL3"
"DNMT1","DNMT3B"
"DNMT1","DNMT1"
"COPS2","DNMT1"
"DNMT1","SUZ12"
"DNMT1","RIT1"
"DNMT1","SMC5"
"CHERP","SNIP1"
"CHERP","RBFOX2"
"CHERP","SRPK2"
"CHERP","SNW1"
"CHERP","RIT1"
"CHERP","DHX9"
"CHERP","DHX15"
"CHERP","SMC5"
"DHX9","MBNL1"
"H2AFY","MBNL1"
"ITGA4","MBNL1"
"MBNL1","RBFOX2"
"BAG1","MBNL1"
"CAPZB","MBNL1"
"MBNL1","SMC5"
"ZMYM2","ZMYM2"
"H2AFY","ZMYM2"
"CRYAA","ZMYM2"
"SIN3A","ZMYM2"
"NUP43","ZMYM2"
"SMC5","ZMYM2"
