"gene_list","mutation","precog_metaZ","tot_int","mut_int","network_score"
"TUBA4A","NONE",3.057,176,124,87.3636363636364
"PELO","NONE",-2.809,92,68,50.2608695652174
"ANKRD28","NONE",3.798,97,68,47.6701030927835
"SMEK1","NONE",-2.753,82,61,45.3780487804878
"ADCK3","NONE",-3.056,88,59,39.5568181818182
"ARL6IP5","NONE",2.815,107,63,37.0934579439252
"CLIC1","NONE",3.237,80,54,36.45
"PDK1","NONE",-2.896,58,42,30.4137931034483
"LCP1","NONE",2.823,48,38,30.0833333333333
"MINA","NONE",2.643,57,40,28.0701754385965
"RNF138","NONE",-2.825,43,32,23.8139534883721
"CABIN1","NONE",3.085,36,29,23.3611111111111
"CD97","NONE",2.862,44,29,19.1136363636364
"MYL9","NONE",2.952,38,26,17.7894736842105
"TRMT61B","NONE",-2.842,40,25,15.625
"TRIM39","NONE",-3.155,20,16,12.8
"MDK","NONE",-2.89,30,19,12.0333333333333
"CPNE1","NONE",2.967,38,21,11.6052631578947
"CTGF","NONE",3.155,13,12,11.0769230769231
"RGS2","NONE",-3.017,21,15,10.7142857142857
"CA6","NONE",3.081,12,10,8.33333333333333
"ISCA1","NONE",-2.607,25,14,7.84
"PECAM1","NONE",2.656,17,11,7.11764705882353
"CCR4","NONE",2.595,10,8,6.4
"IGJ","NONE",3.547,10,8,6.4
"CCR6","NONE",2.882,8,7,6.125
"TMEM11","NONE",-3.648,17,10,5.88235294117647
"MAPKAPK3","NONE",2.99,14,9,5.78571428571429
"MT3","NONE",3.735,5,5,5
"TICAM1","NONE",-2.811,13,8,4.92307692307692
"MIER3","NONE",-2.694,10,7,4.9
"F3","NONE",2.987,8,6,4.5
"LRRC29","NONE",-2.88,8,6,4.5
"LRRC58","NONE",-2.585,6,5,4.16666666666667
"FGF10","NONE",-2.723,6,5,4.16666666666667
"PRR5L","NONE",3.829,6,5,4.16666666666667
"VSNL1","NONE",-2.911,6,5,4.16666666666667
"MST1","NONE",-3.015,6,4,2.66666666666667
"ORMDL2","NONE",2.634,16,6,2.25
"GPR110","NONE",2.665,4,3,2.25
"GAST","NONE",-3.27,4,3,2.25
"CDC42EP3","NONE",3.692,12,5,2.08333333333333
"CCL17","NONE",2.601,2,2,2
"BTBD17","NONE",-3.022,2,2,2
"ZNF628","NONE",-3.159,5,3,1.8
"BAALC","NONE",3.118,4,2,1
"STARD5","NONE",-3.023,1,1,1
"CRH","NONE",2.609,5,2,0.8
"CEACAM1","NONE",-3.345,5,2,0.8
"TMEM194B","NONE",2.816,2,1,0.5
"IFITM2","NONE",3.197,2,1,0.5
"EVI2B","NONE",2.767,2,1,0.5
"LOC221710","NONE",-3.257,0,0,0
"TNFSF4","NONE",3.152,0,0,0
"RPL32P3","NONE",2.726,1,0,0
"FLJ42289","NONE",3.755,0,0,0
"OBFC2A","NONE",2.733,0,0,0
"NT5C3","NONE",-2.645,0,0,0
"LOC151657","NONE",2.609,0,0,0
"PCA3","NONE",3.685,0,0,0
"ABHD1","NONE",2.851,0,0,0
"SLC9A11","NONE",-2.897,0,0,0
"LOC643406","NONE",3.038,0,0,0
"CECR4","NONE",2.699,0,0,0
"VPREB1","NONE",-3.334,0,0,0
"NCRNA00173","NONE",2.666,0,0,0
"DEM1","NONE",2.582,0,0,0
"FAM57B","NONE",-3.164,0,0,0
"COPS2",NA,NA,NA,NA,NA
"RNF149",NA,NA,NA,NA,NA
"DHX9",NA,NA,NA,NA,NA
"NUPR1",NA,NA,NA,NA,NA
"RIT1",NA,NA,NA,NA,NA
"DHX15",NA,NA,NA,NA,NA
"SUZ12",NA,NA,NA,NA,NA
"SNIP1",NA,NA,NA,NA,NA
"ZBTB2",NA,NA,NA,NA,NA
"NRP1",NA,NA,NA,NA,NA
"ADARB1",NA,NA,NA,NA,NA
"NUP43",NA,NA,NA,NA,NA
"SMC5",NA,NA,NA,NA,NA
"DDX24",NA,NA,NA,NA,NA
"RBFOX2",NA,NA,NA,NA,NA
"ACIN1",NA,NA,NA,NA,NA
"ILF3",NA,NA,NA,NA,NA
"H2AFY",NA,NA,NA,NA,NA
"SIN3A",NA,NA,NA,NA,NA
"IRAK1",NA,NA,NA,NA,NA
"NRAS",NA,NA,NA,NA,NA
"PRKCZ",NA,NA,NA,NA,NA
"PPP2CA",NA,NA,NA,NA,NA
"LEMD3",NA,NA,NA,NA,NA
"NUP155",NA,NA,NA,NA,NA
"MAP4K4",NA,NA,NA,NA,NA
"RTN4",NA,NA,NA,NA,NA
"ATP2A1",NA,NA,NA,NA,NA
"VCL",NA,NA,NA,NA,NA
"STYK1",NA,NA,NA,NA,NA
"RAB3B",NA,NA,NA,NA,NA
"DPF2",NA,NA,NA,NA,NA
"RAB4A",NA,NA,NA,NA,NA
"GBF1",NA,NA,NA,NA,NA
"LGALS8",NA,NA,NA,NA,NA
"DBN1",NA,NA,NA,NA,NA
"IFITM1",NA,NA,NA,NA,NA
"CDK6",NA,NA,NA,NA,NA
"HNF1B",NA,NA,NA,NA,NA
"YTHDF3",NA,NA,NA,NA,NA
"GOLGB1",NA,NA,NA,NA,NA
"EYA4",NA,NA,NA,NA,NA
"NF2",NA,NA,NA,NA,NA
"BAG1",NA,NA,NA,NA,NA
"TLX2",NA,NA,NA,NA,NA
"DNMT3B",NA,NA,NA,NA,NA
"ITGA4",NA,NA,NA,NA,NA
"TSG101",NA,NA,NA,NA,NA
"FHL3",NA,NA,NA,NA,NA
"COPS3",NA,NA,NA,NA,NA
"DNMT1",NA,NA,NA,NA,NA
"CHERP",NA,NA,NA,NA,NA
"MBNL1",NA,NA,NA,NA,NA
"ZMYM2",NA,NA,NA,NA,NA
